cancer_id	model_id	cell_line_name	depmap_model_type	oncotree_lineage	oncotree_primary_disease	oncotree_subtype	oncotree_code	disease_metadata_match	sequencing_available	alteration_status	assigned_group	assignment_reason	qualifying_variants_json	other_relevant_variants_json
CANCER-001	ACH-000012	HCC-827	LUAD	Lung	Non-Small Cell Lung Cancer	Lung Adenocarcinoma	LUAD	True	True	defining_absent	comparator	Alteration status = defining_absent	[]	[]
CANCER-001	ACH-000021	NCI-H1693	LUAD	Lung	Non-Small Cell Lung Cancer	Lung Adenocarcinoma	LUAD	True	True	defining_absent	comparator	Alteration status = defining_absent	[]	[]
CANCER-001	ACH-000029	HCC-827-GR5	LUAD	Lung	Non-Small Cell Lung Cancer	Lung Adenocarcinoma	LUAD	True	True	defining_absent	comparator	Alteration status = defining_absent	[]	[]
CANCER-001	ACH-000030	PC-14	LUAD	Lung	Non-Small Cell Lung Cancer	Lung Adenocarcinoma	LUAD	True	True	defining_absent	comparator	Alteration status = defining_absent	[]	[]
CANCER-001	ACH-000033	NCI-H1819	LUAD	Lung	Non-Small Cell Lung Cancer	Lung Adenocarcinoma	LUAD	True	False	unsequenced	excluded	No default WES/WGS profile in OmicsProfiles.csv	[]	[]
CANCER-001	ACH-000062	RERF-LC-MS	LUAD	Lung	Non-Small Cell Lung Cancer	Lung Adenocarcinoma	LUAD	True	True	defining_absent	comparator	Alteration status = defining_absent	[]	[]
CANCER-001	ACH-000066	HCC4006	LUAD	Lung	Non-Small Cell Lung Cancer	Lung Adenocarcinoma	LUAD	True	True	defining_absent	comparator	Alteration status = defining_absent	[]	[]
CANCER-001	ACH-000109	NCI-H3255	LUAD	Lung	Non-Small Cell Lung Cancer	Lung Adenocarcinoma	LUAD	True	True	defining_absent	comparator	Alteration status = defining_absent	[]	[]
CANCER-001	ACH-000121	NCI-H2405	LUAD	Lung	Non-Small Cell Lung Cancer	Lung Adenocarcinoma	LUAD	True	True	defining_absent	comparator	Alteration status = defining_absent	[]	[]
CANCER-001	ACH-000150	HCC2935	LUAD	Lung	Non-Small Cell Lung Cancer	Lung Adenocarcinoma	LUAD	True	True	defining_absent	comparator	Alteration status = defining_absent	[]	[]
CANCER-001	ACH-000161	COR-L105	LUAD	Lung	Non-Small Cell Lung Cancer	Lung Adenocarcinoma	LUAD	True	True	defining_absent	comparator	Alteration status = defining_absent	[]	[]
CANCER-001	ACH-000264	Calu-6	LUAD	Lung	Non-Small Cell Lung Cancer	Lung Adenocarcinoma	LUAD	True	True	defining_absent	comparator	Alteration status = defining_absent	[]	"[{""DNAChange"": ""ENST00000311936.8:c.180_181delinsCA"", ""GeneSymbol"": ""KRAS"", ""HessDriver"": ""False"", ""Hotspot"": ""True"", ""ProteinChange"": ""p.Q61K"", ""VariantClassification"": ""substitution"", ""VariantInfo"": ""missense_variant""}, {""DNAChange"": ""ENST00000311936.8:c.180_181delinsCA"", ""GeneSymbol"": ""KRAS"", ""Hotspot"": ""True"", ""ProteinChange"": ""p.Q61K"", ""VariantClassification"": ""substitution"", ""VariantInfo"": ""missense_variant""}]"
CANCER-001	ACH-000282	NCI-H1755	LUAD	Lung	Non-Small Cell Lung Cancer	Lung Adenocarcinoma	LUAD	True	False	unsequenced	excluded	No default WES/WGS profile in OmicsProfiles.csv	[]	[]
CANCER-001	ACH-000309	SK-LU-1	LUAD	Lung	Non-Small Cell Lung Cancer	Lung Adenocarcinoma	LUAD	True	True	defining_absent	comparator	Alteration status = defining_absent	[]	"[{""DNAChange"": ""ENST00000311936.8:c.35G>A"", ""GeneSymbol"": ""KRAS"", ""HessDriver"": ""Y"", ""Hotspot"": ""True"", ""ProteinChange"": ""p.G12D"", ""VariantClassification"": ""SNV"", ""VariantInfo"": ""missense_variant""}]"
CANCER-001	ACH-000311	NCI-H2122	LUAD	Lung	Non-Small Cell Lung Cancer	Lung Adenocarcinoma	LUAD	True	True	defining_present	context	Alteration status = defining_present	"[{""DNAChange"": ""ENST00000311936.8:c.34G>T"", ""GeneSymbol"": ""KRAS"", ""HessDriver"": ""True"", ""Hotspot"": ""True"", ""ProteinChange"": ""p.G12C"", ""VariantClassification"": ""SNV"", ""VariantInfo"": ""missense_variant""}, {""DNAChange"": ""ENST00000311936.8:c.34G>T"", ""GeneSymbol"": ""KRAS"", ""HessDriver"": ""Y"", ""Hotspot"": ""True"", ""ProteinChange"": ""p.G12C"", ""VariantClassification"": ""SNV"", ""VariantInfo"": ""missense_variant""}]"	[]
CANCER-001	ACH-000314	HCC-2108	LUAD	Lung	Non-Small Cell Lung Cancer	Lung Adenocarcinoma	LUAD	True	True	defining_absent	comparator	Alteration status = defining_absent	[]	"[{""DNAChange"": ""ENST00000311936.8:c.183A>C"", ""GeneSymbol"": ""KRAS"", ""HessDriver"": ""True"", ""Hotspot"": ""True"", ""ProteinChange"": ""p.Q61H"", ""VariantClassification"": ""SNV"", ""VariantInfo"": ""missense_variant""}]"
CANCER-001	ACH-000327	NCI-H1395	LUAD	Lung	Non-Small Cell Lung Cancer	Lung Adenocarcinoma	LUAD	True	True	defining_absent	comparator	Alteration status = defining_absent	[]	[]
CANCER-001	ACH-000337	NCI-H3122	LUAD	Lung	Non-Small Cell Lung Cancer	Lung Adenocarcinoma	LUAD	True	True	defining_absent	comparator	Alteration status = defining_absent	[]	[]
CANCER-001	ACH-000339	HCC-461	LUAD	Lung	Non-Small Cell Lung Cancer	Lung Adenocarcinoma	LUAD	True	True	defining_absent	comparator	Alteration status = defining_absent	[]	"[{""DNAChange"": ""ENST00000311936.8:c.35G>A"", ""GeneSymbol"": ""KRAS"", ""HessDriver"": ""Y"", ""Hotspot"": ""True"", ""ProteinChange"": ""p.G12D"", ""VariantClassification"": ""SNV"", ""VariantInfo"": ""missense_variant""}]"
CANCER-001	ACH-000343	NCI-H522	LUAD	Lung	Non-Small Cell Lung Cancer	Lung Adenocarcinoma	LUAD	True	True	defining_absent	comparator	Alteration status = defining_absent	[]	[]
CANCER-001	ACH-000379	NCI-H1781	LUAD	Lung	Non-Small Cell Lung Cancer	Lung Adenocarcinoma	LUAD	True	True	defining_absent	comparator	Alteration status = defining_absent	[]	[]
CANCER-001	ACH-000392	Calu-3	LUAD	Lung	Non-Small Cell Lung Cancer	Lung Adenocarcinoma	LUAD	True	True	defining_absent	comparator	Alteration status = defining_absent	[]	[]
CANCER-001	ACH-000414	NCI-H1944	LUAD	Lung	Non-Small Cell Lung Cancer	Lung Adenocarcinoma	LUAD	True	True	defining_absent	comparator	Alteration status = defining_absent	[]	"[{""DNAChange"": ""ENST00000311936.8:c.38G>A"", ""GeneSymbol"": ""KRAS"", ""HessDriver"": ""Y"", ""Hotspot"": ""True"", ""ProteinChange"": ""p.G13D"", ""VariantClassification"": ""SNV"", ""VariantInfo"": ""missense_variant""}, {""DNAChange"": ""ENST00000311936.8:c.38G>A"", ""GeneSymbol"": ""KRAS"", ""HessDriver"": ""Y"", ""Hotspot"": ""True"", ""ProteinChange"": ""p.G13D"", ""VariantClassification"": ""SNV"", ""VariantInfo"": ""missense_variant""}]"
CANCER-001	ACH-000416	NCI-H838	LUAD	Lung	Non-Small Cell Lung Cancer	Lung Adenocarcinoma	LUAD	True	True	defining_absent	comparator	Alteration status = defining_absent	[]	[]
CANCER-001	ACH-000447	NCI-H2228	LUAD	Lung	Non-Small Cell Lung Cancer	Lung Adenocarcinoma	LUAD	True	True	defining_absent	comparator	Alteration status = defining_absent	[]	[]
CANCER-001	ACH-000448	NCI-H1666	LUAD	Lung	Non-Small Cell Lung Cancer	Lung Adenocarcinoma	LUAD	True	True	defining_absent	comparator	Alteration status = defining_absent	[]	[]
CANCER-001	ACH-000451	NCI-H2085	LUAD	Lung	Non-Small Cell Lung Cancer	Lung Adenocarcinoma	LUAD	True	True	defining_absent	comparator	Alteration status = defining_absent	[]	[]
CANCER-001	ACH-000482	RERF-LC-KJ	LUAD	Lung	Non-Small Cell Lung Cancer	Lung Adenocarcinoma	LUAD	True	True	defining_absent	comparator	Alteration status = defining_absent	[]	[]
CANCER-001	ACH-000496	NCI-H1792	LUAD	Lung	Non-Small Cell Lung Cancer	Lung Adenocarcinoma	LUAD	True	True	defining_present	context	Alteration status = defining_present	"[{""DNAChange"": ""ENST00000311936.8:c.34G>T"", ""GeneSymbol"": ""KRAS"", ""HessDriver"": ""True"", ""Hotspot"": ""True"", ""ProteinChange"": ""p.G12C"", ""VariantClassification"": ""SNV"", ""VariantInfo"": ""missense_variant""}, {""DNAChange"": ""ENST00000311936.8:c.34G>T"", ""GeneSymbol"": ""KRAS"", ""HessDriver"": ""Y"", ""Hotspot"": ""True"", ""ProteinChange"": ""p.G12C"", ""VariantClassification"": ""SNV"", ""VariantInfo"": ""missense_variant""}]"	[]
CANCER-001	ACH-000521	NCI-H2030	LUAD	Lung	Non-Small Cell Lung Cancer	Lung Adenocarcinoma	LUAD	True	True	defining_present	context	Alteration status = defining_present	"[{""DNAChange"": ""ENST00000311936.8:c.34G>T"", ""GeneSymbol"": ""KRAS"", ""HessDriver"": ""True"", ""Hotspot"": ""True"", ""ProteinChange"": ""p.G12C"", ""VariantClassification"": ""SNV"", ""VariantInfo"": ""missense_variant""}, {""DNAChange"": ""ENST00000311936.8:c.34G>T"", ""GeneSymbol"": ""KRAS"", ""HessDriver"": ""Y"", ""Hotspot"": ""True"", ""ProteinChange"": ""p.G12C"", ""VariantClassification"": ""SNV"", ""VariantInfo"": ""missense_variant""}]"	[]
CANCER-001	ACH-000528	ABC-1	LUAD	Lung	Non-Small Cell Lung Cancer	Lung Adenocarcinoma	LUAD	True	True	defining_absent	comparator	Alteration status = defining_absent	[]	[]
CANCER-001	ACH-000562	HCC-78	LUAD	Lung	Non-Small Cell Lung Cancer	Lung Adenocarcinoma	LUAD	True	True	defining_absent	comparator	Alteration status = defining_absent	[]	[]
CANCER-001	ACH-000575	HCC-364	LUAD	Lung	Non-Small Cell Lung Cancer	Lung Adenocarcinoma	LUAD	True	False	unsequenced	excluded	No default WES/WGS profile in OmicsProfiles.csv	[]	[]
CANCER-001	ACH-000578	HCC-1171	LUAD	Lung	Non-Small Cell Lung Cancer	Lung Adenocarcinoma	LUAD	True	False	unsequenced	excluded	No default WES/WGS profile in OmicsProfiles.csv	[]	[]
CANCER-001	ACH-000587	NCI-H1975	LUAD	Lung	Non-Small Cell Lung Cancer	Lung Adenocarcinoma	LUAD	True	True	defining_absent	comparator	Alteration status = defining_absent	[]	[]
CANCER-001	ACH-000589	NCI-H1437	LUAD	Lung	Non-Small Cell Lung Cancer	Lung Adenocarcinoma	LUAD	True	True	defining_absent	comparator	Alteration status = defining_absent	[]	[]
CANCER-001	ACH-000590	NCI-H2073	LUAD	Lung	Non-Small Cell Lung Cancer	Lung Adenocarcinoma	LUAD	True	True	defining_absent	comparator	Alteration status = defining_absent	[]	[]
CANCER-001	ACH-000638	NCI-H441	LUAD	Lung	Non-Small Cell Lung Cancer	Lung Adenocarcinoma	LUAD	True	True	defining_absent	comparator	Alteration status = defining_absent	[]	"[{""DNAChange"": ""ENST00000311936.8:c.35G>T"", ""GeneSymbol"": ""KRAS"", ""HessDriver"": ""Y"", ""Hotspot"": ""True"", ""ProteinChange"": ""p.G12V"", ""VariantClassification"": ""SNV"", ""VariantInfo"": ""missense_variant""}]"
CANCER-001	ACH-000666	NCI-H1355	LUAD	Lung	Non-Small Cell Lung Cancer	Lung Adenocarcinoma	LUAD	True	True	defining_absent	comparator	Alteration status = defining_absent	[]	"[{""DNAChange"": ""ENST00000311936.8:c.37G>T"", ""GeneSymbol"": ""KRAS"", ""HessDriver"": ""True"", ""Hotspot"": ""True"", ""ProteinChange"": ""p.G13C"", ""VariantClassification"": ""SNV"", ""VariantInfo"": ""missense_variant""}, {""DNAChange"": ""ENST00000311936.8:c.37G>T"", ""GeneSymbol"": ""KRAS"", ""HessDriver"": ""Y"", ""Hotspot"": ""True"", ""ProteinChange"": ""p.G13C"", ""VariantClassification"": ""SNV"", ""VariantInfo"": ""missense_variant""}]"
CANCER-001	ACH-000667	HCC-44	LUAD	Lung	Non-Small Cell Lung Cancer	Lung Adenocarcinoma	LUAD	True	True	defining_present	context	Alteration status = defining_present	"[{""DNAChange"": ""ENST00000311936.8:c.34G>T"", ""GeneSymbol"": ""KRAS"", ""HessDriver"": ""True"", ""Hotspot"": ""True"", ""ProteinChange"": ""p.G12C"", ""VariantClassification"": ""SNV"", ""VariantInfo"": ""missense_variant""}, {""DNAChange"": ""ENST00000311936.8:c.34G>T"", ""GeneSymbol"": ""KRAS"", ""HessDriver"": ""Y"", ""Hotspot"": ""True"", ""ProteinChange"": ""p.G12C"", ""VariantClassification"": ""SNV"", ""VariantInfo"": ""missense_variant""}]"	[]
CANCER-001	ACH-000675	NCI-H1734	LUAD	Lung	Non-Small Cell Lung Cancer	Lung Adenocarcinoma	LUAD	True	True	defining_absent	comparator	Alteration status = defining_absent	[]	"[{""DNAChange"": ""ENST00000311936.8:c.37G>T"", ""GeneSymbol"": ""KRAS"", ""HessDriver"": ""Y"", ""Hotspot"": ""True"", ""ProteinChange"": ""p.G13C"", ""VariantClassification"": ""SNV"", ""VariantInfo"": ""missense_variant""}]"
CANCER-001	ACH-000677	SW 1573	LUAD	Lung	Non-Small Cell Lung Cancer	Lung Adenocarcinoma	LUAD	True	True	defining_present	context	Alteration status = defining_present	"[{""DNAChange"": ""ENST00000311936.8:c.34G>T"", ""GeneSymbol"": ""KRAS"", ""HessDriver"": ""Y"", ""Hotspot"": ""True"", ""ProteinChange"": ""p.G12C"", ""VariantClassification"": ""SNV"", ""VariantInfo"": ""missense_variant""}, {""DNAChange"": ""ENST00000311936.8:c.34G>T"", ""GeneSymbol"": ""KRAS"", ""HessDriver"": ""Y"", ""Hotspot"": ""True"", ""ProteinChange"": ""p.G12C"", ""VariantClassification"": ""SNV"", ""VariantInfo"": ""missense_variant""}]"	[]
CANCER-001	ACH-000681	A549	LUAD	Lung	Non-Small Cell Lung Cancer	Lung Adenocarcinoma	LUAD	True	True	defining_absent	comparator	Alteration status = defining_absent	[]	"[{""DNAChange"": ""ENST00000311936.8:c.34G>A"", ""GeneSymbol"": ""KRAS"", ""HessDriver"": ""True"", ""Hotspot"": ""True"", ""ProteinChange"": ""p.G12S"", ""VariantClassification"": ""SNV"", ""VariantInfo"": ""missense_variant""}, {""DNAChange"": ""ENST00000311936.8:c.34G>A"", ""GeneSymbol"": ""KRAS"", ""HessDriver"": ""Y"", ""Hotspot"": ""True"", ""ProteinChange"": ""p.G12S"", ""VariantClassification"": ""SNV"", ""VariantInfo"": ""missense_variant""}]"
CANCER-001	ACH-000706	EKVX	LUAD	Lung	Non-Small Cell Lung Cancer	Lung Adenocarcinoma	LUAD	True	True	defining_absent	comparator	Alteration status = defining_absent	[]	[]
CANCER-001	ACH-000712	HCC-1833	LUAD	Lung	Non-Small Cell Lung Cancer	Lung Adenocarcinoma	LUAD	True	True	defining_absent	comparator	Alteration status = defining_absent	[]	[]
CANCER-001	ACH-000718	NCI-H2291	LUAD	Lung	Non-Small Cell Lung Cancer	Lung Adenocarcinoma	LUAD	True	True	defining_absent	comparator	Alteration status = defining_absent	[]	"[{""DNAChange"": ""ENST00000311936.8:c.34_35delinsTT"", ""GeneSymbol"": ""KRAS"", ""HessDriver"": ""False"", ""Hotspot"": ""True"", ""ProteinChange"": ""p.G12F"", ""VariantClassification"": ""substitution"", ""VariantInfo"": ""missense_variant""}, {""DNAChange"": ""ENST00000311936.8:c.34_35delinsTT"", ""GeneSymbol"": ""KRAS"", ""Hotspot"": ""True"", ""ProteinChange"": ""p.G12F"", ""VariantClassification"": ""substitution"", ""VariantInfo"": ""missense_variant""}, {""DNAChange"": ""ENST00000311936.8:c.34_35delinsTT"", ""GeneSymbol"": ""KRAS"", ""Hotspot"": ""True"", ""ProteinChange"": ""p.G12F"", ""VariantClassification"": ""substitution"", ""VariantInfo"": ""missense_variant""}]"
CANCER-001	ACH-000733	NCI-H1838	LUAD	Lung	Non-Small Cell Lung Cancer	Lung Adenocarcinoma	LUAD	True	True	defining_absent	comparator	Alteration status = defining_absent	[]	[]
CANCER-001	ACH-000744	NCI-H1623	LUAD	Lung	Non-Small Cell Lung Cancer	Lung Adenocarcinoma	LUAD	True	True	defining_absent	comparator	Alteration status = defining_absent	[]	[]
CANCER-001	ACH-000757	A427	LUAD	Lung	Non-Small Cell Lung Cancer	Lung Adenocarcinoma	LUAD	True	True	defining_absent	comparator	Alteration status = defining_absent	[]	"[{""DNAChange"": ""ENST00000311936.8:c.35G>A"", ""GeneSymbol"": ""KRAS"", ""HessDriver"": ""Y"", ""Hotspot"": ""True"", ""ProteinChange"": ""p.G12D"", ""VariantClassification"": ""SNV"", ""VariantInfo"": ""missense_variant""}, {""DNAChange"": ""ENST00000311936.8:c.35G>A"", ""GeneSymbol"": ""KRAS"", ""HessDriver"": ""Y"", ""Hotspot"": ""True"", ""ProteinChange"": ""p.G12D"", ""VariantClassification"": ""SNV"", ""VariantInfo"": ""missense_variant""}]"
CANCER-001	ACH-000766	NCI-H1648	LUAD	Lung	Non-Small Cell Lung Cancer	Lung Adenocarcinoma	LUAD	True	True	defining_absent	comparator	Alteration status = defining_absent	[]	[]
CANCER-001	ACH-000774	RERF-LC-Ad2	LUAD	Lung	Non-Small Cell Lung Cancer	Lung Adenocarcinoma	LUAD	True	True	defining_absent	comparator	Alteration status = defining_absent	[]	"[{""DNAChange"": ""ENST00000311936.8:c.35G>T"", ""GeneSymbol"": ""KRAS"", ""HessDriver"": ""Y"", ""Hotspot"": ""True"", ""ProteinChange"": ""p.G12V"", ""VariantClassification"": ""SNV"", ""VariantInfo"": ""missense_variant""}]"
CANCER-001	ACH-000779	PC-9	LUAD	Lung	Non-Small Cell Lung Cancer	Lung Adenocarcinoma	LUAD	True	True	defining_absent	comparator	Alteration status = defining_absent	[]	[]
CANCER-001	ACH-000781	NCI-H2023	LUAD	Lung	Non-Small Cell Lung Cancer	Lung Adenocarcinoma	LUAD	True	True	defining_absent	comparator	Alteration status = defining_absent	[]	[]
CANCER-001	ACH-000785	NCI-H2126	LUAD	Lung	Non-Small Cell Lung Cancer	Lung Adenocarcinoma	LUAD	True	True	defining_absent	comparator	Alteration status = defining_absent	[]	[]
CANCER-001	ACH-000787	LXF-289	LUAD	Lung	Non-Small Cell Lung Cancer	Lung Adenocarcinoma	LUAD	True	True	defining_absent	comparator	Alteration status = defining_absent	[]	[]
CANCER-001	ACH-000791	RERF-LC-Ad1	LUAD	Lung	Non-Small Cell Lung Cancer	Lung Adenocarcinoma	LUAD	True	True	defining_absent	comparator	Alteration status = defining_absent	[]	"[{""DNAChange"": ""ENST00000311936.8:c.35G>C"", ""GeneSymbol"": ""KRAS"", ""HessDriver"": ""True"", ""Hotspot"": ""True"", ""ProteinChange"": ""p.G12A"", ""VariantClassification"": ""SNV"", ""VariantInfo"": ""missense_variant""}, {""DNAChange"": ""ENST00000311936.8:c.35G>C"", ""GeneSymbol"": ""KRAS"", ""HessDriver"": ""Y"", ""Hotspot"": ""True"", ""ProteinChange"": ""p.G12A"", ""VariantClassification"": ""SNV"", ""VariantInfo"": ""missense_variant""}]"
CANCER-001	ACH-000837	NCI-H322	LUAD	Lung	Non-Small Cell Lung Cancer	Lung Adenocarcinoma	LUAD	True	True	defining_absent	comparator	Alteration status = defining_absent	[]	[]
CANCER-001	ACH-000841	NCI-H2087	LUAD	Lung	Non-Small Cell Lung Cancer	Lung Adenocarcinoma	LUAD	True	True	defining_absent	comparator	Alteration status = defining_absent	[]	[]
CANCER-001	ACH-000845	NCI-H1373	LUAD	Lung	Non-Small Cell Lung Cancer	Lung Adenocarcinoma	LUAD	True	True	defining_present	context	Alteration status = defining_present	"[{""DNAChange"": ""ENST00000311936.8:c.34G>T"", ""GeneSymbol"": ""KRAS"", ""HessDriver"": ""True"", ""Hotspot"": ""True"", ""ProteinChange"": ""p.G12C"", ""VariantClassification"": ""SNV"", ""VariantInfo"": ""missense_variant""}, {""DNAChange"": ""ENST00000311936.8:c.34G>T"", ""GeneSymbol"": ""KRAS"", ""HessDriver"": ""Y"", ""Hotspot"": ""True"", ""ProteinChange"": ""p.G12C"", ""VariantClassification"": ""SNV"", ""VariantInfo"": ""missense_variant""}]"	[]
CANCER-001	ACH-000851	MOR/CPR	LUAD	Lung	Non-Small Cell Lung Cancer	Lung Adenocarcinoma	LUAD	True	True	defining_absent	comparator	Alteration status = defining_absent	[]	"[{""DNAChange"": ""ENST00000311936.8:c.37G>T"", ""GeneSymbol"": ""KRAS"", ""HessDriver"": ""Y"", ""Hotspot"": ""True"", ""ProteinChange"": ""p.G13C"", ""VariantClassification"": ""SNV"", ""VariantInfo"": ""missense_variant""}]"
CANCER-001	ACH-000852	NCI-H1435	LUAD	Lung	Non-Small Cell Lung Cancer	Lung Adenocarcinoma	LUAD	True	True	defining_absent	comparator	Alteration status = defining_absent	[]	[]
CANCER-001	ACH-000860	NCI-H358	LUAD	Lung	Non-Small Cell Lung Cancer	Lung Adenocarcinoma	LUAD	True	True	defining_present	context	Alteration status = defining_present	"[{""DNAChange"": ""ENST00000311936.8:c.34G>T"", ""GeneSymbol"": ""KRAS"", ""HessDriver"": ""Y"", ""Hotspot"": ""True"", ""ProteinChange"": ""p.G12C"", ""VariantClassification"": ""SNV"", ""VariantInfo"": ""missense_variant""}]"	[]
CANCER-001	ACH-000861	HOP-62	LUAD	Lung	Non-Small Cell Lung Cancer	Lung Adenocarcinoma	LUAD	True	True	defining_present	context	Alteration status = defining_present	"[{""DNAChange"": ""ENST00000311936.8:c.34G>T"", ""GeneSymbol"": ""KRAS"", ""HessDriver"": ""True"", ""Hotspot"": ""True"", ""ProteinChange"": ""p.G12C"", ""VariantClassification"": ""SNV"", ""VariantInfo"": ""missense_variant""}, {""DNAChange"": ""ENST00000311936.8:c.34G>T"", ""GeneSymbol"": ""KRAS"", ""HessDriver"": ""Y"", ""Hotspot"": ""True"", ""ProteinChange"": ""p.G12C"", ""VariantClassification"": ""SNV"", ""VariantInfo"": ""missense_variant""}]"	[]
CANCER-001	ACH-000869	NCI-H1568	LUAD	Lung	Non-Small Cell Lung Cancer	Lung Adenocarcinoma	LUAD	True	True	defining_absent	comparator	Alteration status = defining_absent	[]	[]
CANCER-001	ACH-000872	HCC515	LUAD	Lung	Non-Small Cell Lung Cancer	Lung Adenocarcinoma	LUAD	True	True	defining_absent	comparator	Alteration status = defining_absent	[]	"[{""DNAChange"": ""ENST00000311936.8:c.38G>A"", ""GeneSymbol"": ""KRAS"", ""HessDriver"": ""True"", ""Hotspot"": ""True"", ""ProteinChange"": ""p.G13D"", ""VariantClassification"": ""SNV"", ""VariantInfo"": ""missense_variant""}, {""DNAChange"": ""ENST00000311936.8:c.38G>A"", ""GeneSymbol"": ""KRAS"", ""HessDriver"": ""Y"", ""Hotspot"": ""True"", ""ProteinChange"": ""p.G13D"", ""VariantClassification"": ""SNV"", ""VariantInfo"": ""missense_variant""}]"
CANCER-001	ACH-000875	NCI-H2347	LUAD	Lung	Non-Small Cell Lung Cancer	Lung Adenocarcinoma	LUAD	True	True	defining_absent	comparator	Alteration status = defining_absent	[]	"[{""DNAChange"": ""ENST00000311936.8:c.57G>T"", ""GeneSymbol"": ""KRAS"", ""Hotspot"": ""True"", ""ProteinChange"": ""p.L19F"", ""VariantClassification"": ""SNV"", ""VariantInfo"": ""missense_variant""}]"
CANCER-001	ACH-000886	NCI-H2009	LUAD	Lung	Non-Small Cell Lung Cancer	Lung Adenocarcinoma	LUAD	True	True	defining_absent	comparator	Alteration status = defining_absent	[]	"[{""DNAChange"": ""ENST00000311936.8:c.35G>C"", ""GeneSymbol"": ""KRAS"", ""HessDriver"": ""Y"", ""Hotspot"": ""True"", ""ProteinChange"": ""p.G12A"", ""VariantClassification"": ""SNV"", ""VariantInfo"": ""missense_variant""}]"
CANCER-001	ACH-000888	NCI-H1793	LUAD	Lung	Non-Small Cell Lung Cancer	Lung Adenocarcinoma	LUAD	True	True	defining_absent	comparator	Alteration status = defining_absent	[]	[]
CANCER-001	ACH-000892	NCI-H1563	LUAD	Lung	Non-Small Cell Lung Cancer	Lung Adenocarcinoma	LUAD	True	True	defining_absent	comparator	Alteration status = defining_absent	[]	[]
CANCER-001	ACH-000893	NCI-H1651	LUAD	Lung	Non-Small Cell Lung Cancer	Lung Adenocarcinoma	LUAD	True	True	defining_absent	comparator	Alteration status = defining_absent	[]	[]
CANCER-001	ACH-000900	NCI-H23	LUAD	Lung	Non-Small Cell Lung Cancer	Lung Adenocarcinoma	LUAD	True	True	defining_present	context	Alteration status = defining_present	"[{""DNAChange"": ""ENST00000311936.8:c.34G>T"", ""GeneSymbol"": ""KRAS"", ""HessDriver"": ""True"", ""Hotspot"": ""True"", ""ProteinChange"": ""p.G12C"", ""VariantClassification"": ""SNV"", ""VariantInfo"": ""missense_variant""}, {""DNAChange"": ""ENST00000311936.8:c.34G>T"", ""GeneSymbol"": ""KRAS"", ""HessDriver"": ""Y"", ""Hotspot"": ""True"", ""ProteinChange"": ""p.G12C"", ""VariantClassification"": ""SNV"", ""VariantInfo"": ""missense_variant""}]"	[]
CANCER-001	ACH-000916	NCI-H1573	LUAD	Lung	Non-Small Cell Lung Cancer	Lung Adenocarcinoma	LUAD	True	True	defining_absent	comparator	Alteration status = defining_absent	[]	"[{""DNAChange"": ""ENST00000311936.8:c.35G>C"", ""GeneSymbol"": ""KRAS"", ""HessDriver"": ""Y"", ""Hotspot"": ""True"", ""ProteinChange"": ""p.G12A"", ""VariantClassification"": ""SNV"", ""VariantInfo"": ""missense_variant""}]"
CANCER-001	ACH-000925	DV-90	LUAD	Lung	Non-Small Cell Lung Cancer	Lung Adenocarcinoma	LUAD	True	True	defining_absent	comparator	Alteration status = defining_absent	[]	"[{""DNAChange"": ""ENST00000311936.8:c.38G>A"", ""GeneSymbol"": ""KRAS"", ""HessDriver"": ""Y"", ""Hotspot"": ""True"", ""ProteinChange"": ""p.G13D"", ""VariantClassification"": ""SNV"", ""VariantInfo"": ""missense_variant""}]"
CANCER-001	ACH-000945	NCI-H650	LUAD	Lung	Non-Small Cell Lung Cancer	Lung Adenocarcinoma	LUAD	True	True	defining_absent	comparator	Alteration status = defining_absent	[]	"[{""DNAChange"": ""ENST00000311936.8:c.182A>T"", ""GeneSymbol"": ""KRAS"", ""HessDriver"": ""True"", ""Hotspot"": ""True"", ""ProteinChange"": ""p.Q61L"", ""VariantClassification"": ""SNV"", ""VariantInfo"": ""missense_variant""}, {""DNAChange"": ""ENST00000311936.8:c.182A>T"", ""GeneSymbol"": ""KRAS"", ""HessDriver"": ""Y"", ""Hotspot"": ""True"", ""ProteinChange"": ""p.Q61L"", ""VariantClassification"": ""SNV"", ""VariantInfo"": ""missense_variant""}]"
CANCER-001	ACH-000951	NCI-H2342	LUAD	Lung	Non-Small Cell Lung Cancer	Lung Adenocarcinoma	LUAD	True	True	defining_absent	comparator	Alteration status = defining_absent	[]	[]
CANCER-001	ACH-001088	HLC-1	LUAD	Lung	Non-Small Cell Lung Cancer	Lung Adenocarcinoma	LUAD	True	False	unsequenced	excluded	No default WES/WGS profile in OmicsProfiles.csv	[]	[]
CANCER-001	ACH-001137	NCI-H1993	LUAD	Lung	Non-Small Cell Lung Cancer	Lung Adenocarcinoma	LUAD	True	True	defining_absent	comparator	Alteration status = defining_absent	[]	[]
CANCER-001	ACH-001233	VMRC-LCD	LUAD	Lung	Non-Small Cell Lung Cancer	Lung Adenocarcinoma	LUAD	True	True	defining_absent	comparator	Alteration status = defining_absent	[]	[]
CANCER-001	ACH-001490	COR-L321	LUAD	Lung	Non-Small Cell Lung Cancer	Lung Adenocarcinoma	LUAD	True	True	defining_absent	comparator	Alteration status = defining_absent	[]	[]
CANCER-001	ACH-002089	201T	LUAD	Lung	Non-Small Cell Lung Cancer	Lung Adenocarcinoma	LUAD	True	True	defining_absent	comparator	Alteration status = defining_absent	[]	[]
CANCER-001	ACH-002157	LC-2-ad	LUAD	Lung	Non-Small Cell Lung Cancer	Lung Adenocarcinoma	LUAD	True	True	defining_absent	comparator	Alteration status = defining_absent	[]	[]
CANCER-001	ACH-002172	NCI-H322M	LUAD	Lung	Non-Small Cell Lung Cancer	Lung Adenocarcinoma	LUAD	True	False	unsequenced	excluded	No default WES/WGS profile in OmicsProfiles.csv	[]	[]
CANCER-001	ACH-002184	PC-3 [JPC-3]	LUAD	Lung	Non-Small Cell Lung Cancer	Lung Adenocarcinoma	LUAD	True	False	unsequenced	excluded	No default WES/WGS profile in OmicsProfiles.csv	[]	[]
CANCER-001	ACH-002333	HCC-827-GR	LUAD	Lung	Non-Small Cell Lung Cancer	Lung Adenocarcinoma	LUAD	True	False	unsequenced	excluded	No default WES/WGS profile in OmicsProfiles.csv	[]	[]
CANCER-001	ACH-002337	JHU-028	LUAD	Lung	Non-Small Cell Lung Cancer	Lung Adenocarcinoma	LUAD	True	True	defining_absent	comparator	Alteration status = defining_absent	[]	"[{""DNAChange"": ""ENST00000311936.8:c.34G>A"", ""GeneSymbol"": ""KRAS"", ""HessDriver"": ""Y"", ""Hotspot"": ""True"", ""ProteinChange"": ""p.G12S"", ""VariantClassification"": ""SNV"", ""VariantInfo"": ""missense_variant""}]"
CANCER-001	ACH-002497	NCI-H920	LUAD	Lung	Non-Small Cell Lung Cancer	Lung Adenocarcinoma	LUAD	True	True	defining_absent	comparator	Alteration status = defining_absent	[]	[]
CANCER-001	ACH-002522	SNU-2292	LUAD	Lung	Non-Small Cell Lung Cancer	Lung Adenocarcinoma	LUAD	True	True	defining_absent	comparator	Alteration status = defining_absent	[]	[]
CANCER-001	ACH-002526	SNU-1327	LUAD	Lung	Non-Small Cell Lung Cancer	Lung Adenocarcinoma	LUAD	True	True	defining_absent	comparator	Alteration status = defining_absent	[]	[]
CANCER-001	ACH-002531	SNU-2535	LUAD	Lung	Non-Small Cell Lung Cancer	Lung Adenocarcinoma	LUAD	True	True	defining_absent	comparator	Alteration status = defining_absent	[]	[]
CANCER-001	ACH-002650	ETCC-016	LUAD	Lung	Non-Small Cell Lung Cancer	Lung Adenocarcinoma	LUAD	True	True	defining_absent	comparator	Alteration status = defining_absent	[]	[]
CANCER-001	ACH-003012	A549_CRAF_KD	LUAD	Lung	Non-Small Cell Lung Cancer	Lung Adenocarcinoma	LUAD	True	True	defining_absent	comparator	Alteration status = defining_absent	[]	"[{""DNAChange"": ""ENST00000311936.8:c.34G>A"", ""GeneSymbol"": ""KRAS"", ""HessDriver"": ""True"", ""Hotspot"": ""True"", ""ProteinChange"": ""p.G12S"", ""VariantClassification"": ""SNV"", ""VariantInfo"": ""missense_variant""}]"
CANCER-004	ACH-000022	PA-TU-8988S	PAAD	Pancreas	Pancreatic Adenocarcinoma	Pancreatic Adenocarcinoma	PAAD	True	True	defining_absent	comparator	Alteration status = defining_absent	[]	"[{""DNAChange"": ""ENST00000311936.8:c.35G>T"", ""GeneSymbol"": ""KRAS"", ""HessDriver"": ""True"", ""Hotspot"": ""True"", ""ProteinChange"": ""p.G12V"", ""VariantClassification"": ""SNV"", ""VariantInfo"": ""missense_variant""}, {""DNAChange"": ""ENST00000311936.8:c.35G>T"", ""GeneSymbol"": ""KRAS"", ""HessDriver"": ""Y"", ""Hotspot"": ""True"", ""ProteinChange"": ""p.G12V"", ""VariantClassification"": ""SNV"", ""VariantInfo"": ""missense_variant""}]"
CANCER-004	ACH-000023	PA-TU-8988T	PAAD	Pancreas	Pancreatic Adenocarcinoma	Pancreatic Adenocarcinoma	PAAD	True	True	defining_absent	comparator	Alteration status = defining_absent	[]	"[{""DNAChange"": ""ENST00000311936.8:c.35G>T"", ""GeneSymbol"": ""KRAS"", ""HessDriver"": ""True"", ""Hotspot"": ""True"", ""ProteinChange"": ""p.G12V"", ""VariantClassification"": ""SNV"", ""VariantInfo"": ""missense_variant""}, {""DNAChange"": ""ENST00000311936.8:c.35G>T"", ""GeneSymbol"": ""KRAS"", ""HessDriver"": ""Y"", ""Hotspot"": ""True"", ""ProteinChange"": ""p.G12V"", ""VariantClassification"": ""SNV"", ""VariantInfo"": ""missense_variant""}]"
CANCER-004	ACH-000031	Panc 02.13	PAAD	Pancreas	Pancreatic Adenocarcinoma	Pancreatic Adenocarcinoma	PAAD	True	True	defining_absent	comparator	Alteration status = defining_absent	[]	"[{""DNAChange"": ""ENST00000311936.8:c.182A>G"", ""GeneSymbol"": ""KRAS"", ""HessDriver"": ""Y"", ""Hotspot"": ""True"", ""ProteinChange"": ""p.Q61R"", ""VariantClassification"": ""SNV"", ""VariantInfo"": ""missense_variant""}]"
CANCER-004	ACH-000042	Panc 02.03	PAAD	Pancreas	Pancreatic Adenocarcinoma	Pancreatic Adenocarcinoma	PAAD	True	True	defining_present	context	Alteration status = defining_present	"[{""DNAChange"": ""ENST00000311936.8:c.35G>A"", ""GeneSymbol"": ""KRAS"", ""HessDriver"": ""True"", ""Hotspot"": ""True"", ""ProteinChange"": ""p.G12D"", ""VariantClassification"": ""SNV"", ""VariantInfo"": ""missense_variant""}, {""DNAChange"": ""ENST00000311936.8:c.35G>A"", ""GeneSymbol"": ""KRAS"", ""HessDriver"": ""Y"", ""Hotspot"": ""True"", ""ProteinChange"": ""p.G12D"", ""VariantClassification"": ""SNV"", ""VariantInfo"": ""missense_variant""}, {""DNAChange"": ""ENST00000311936.8:c.35G>A"", ""GeneSymbol"": ""KRAS"", ""HessDriver"": ""Y"", ""Hotspot"": ""True"", ""ProteinChange"": ""p.G12D"", ""VariantClassification"": ""SNV"", ""VariantInfo"": ""missense_variant""}]"	[]
CANCER-004	ACH-000060	Panc 10.05	PAAD	Pancreas	Pancreatic Adenocarcinoma	Pancreatic Adenocarcinoma	PAAD	True	True	defining_present	context	Alteration status = defining_present	"[{""DNAChange"": ""ENST00000311936.8:c.35G>A"", ""GeneSymbol"": ""KRAS"", ""HessDriver"": ""True"", ""Hotspot"": ""True"", ""ProteinChange"": ""p.G12D"", ""VariantClassification"": ""SNV"", ""VariantInfo"": ""missense_variant""}, {""DNAChange"": ""ENST00000311936.8:c.35G>A"", ""GeneSymbol"": ""KRAS"", ""HessDriver"": ""Y"", ""Hotspot"": ""True"", ""ProteinChange"": ""p.G12D"", ""VariantClassification"": ""SNV"", ""VariantInfo"": ""missense_variant""}]"	[]
CANCER-004	ACH-000085	T3M-4	PAAD	Pancreas	Pancreatic Adenocarcinoma	Pancreatic Adenocarcinoma	PAAD	True	True	defining_absent	comparator	Alteration status = defining_absent	[]	"[{""DNAChange"": ""ENST00000311936.8:c.183A>C"", ""GeneSymbol"": ""KRAS"", ""HessDriver"": ""True"", ""Hotspot"": ""True"", ""ProteinChange"": ""p.Q61H"", ""VariantClassification"": ""SNV"", ""VariantInfo"": ""missense_variant""}, {""DNAChange"": ""ENST00000311936.8:c.183A>C"", ""GeneSymbol"": ""KRAS"", ""HessDriver"": ""Y"", ""Hotspot"": ""True"", ""ProteinChange"": ""p.Q61H"", ""VariantClassification"": ""SNV"", ""VariantInfo"": ""missense_variant""}]"
CANCER-004	ACH-000093	Panc 05.04	PAAD	Pancreas	Pancreatic Adenocarcinoma	Pancreatic Adenocarcinoma	PAAD	True	True	defining_present	context	Alteration status = defining_present	"[{""DNAChange"": ""ENST00000311936.8:c.35G>A"", ""GeneSymbol"": ""KRAS"", ""HessDriver"": ""True"", ""Hotspot"": ""True"", ""ProteinChange"": ""p.G12D"", ""VariantClassification"": ""SNV"", ""VariantInfo"": ""missense_variant""}, {""DNAChange"": ""ENST00000311936.8:c.35G>A"", ""GeneSymbol"": ""KRAS"", ""HessDriver"": ""True"", ""Hotspot"": ""True"", ""ProteinChange"": ""p.G12D"", ""VariantClassification"": ""SNV"", ""VariantInfo"": ""missense_variant""}, {""DNAChange"": ""ENST00000311936.8:c.35G>A"", ""GeneSymbol"": ""KRAS"", ""HessDriver"": ""Y"", ""Hotspot"": ""True"", ""ProteinChange"": ""p.G12D"", ""VariantClassification"": ""SNV"", ""VariantInfo"": ""missense_variant""}]"	[]
CANCER-004	ACH-000094	HPAF-II	PAAD	Pancreas	Pancreatic Adenocarcinoma	Pancreatic Adenocarcinoma	PAAD	True	True	defining_present	context	Alteration status = defining_present	"[{""DNAChange"": ""ENST00000311936.8:c.35G>A"", ""GeneSymbol"": ""KRAS"", ""HessDriver"": ""Y"", ""Hotspot"": ""True"", ""ProteinChange"": ""p.G12D"", ""VariantClassification"": ""SNV"", ""VariantInfo"": ""missense_variant""}]"	[]
CANCER-004	ACH-000107	Capan-2	PAAD	Pancreas	Pancreatic Adenocarcinoma	Pancreatic Adenocarcinoma	PAAD	True	True	defining_absent	comparator	Alteration status = defining_absent	[]	"[{""DNAChange"": ""ENST00000311936.8:c.35G>T"", ""GeneSymbol"": ""KRAS"", ""HessDriver"": ""Y"", ""Hotspot"": ""True"", ""ProteinChange"": ""p.G12V"", ""VariantClassification"": ""SNV"", ""VariantInfo"": ""missense_variant""}]"
CANCER-004	ACH-000114	SU.86.86	PAAD	Pancreas	Pancreatic Adenocarcinoma	Pancreatic Adenocarcinoma	PAAD	True	True	defining_present	context	Alteration status = defining_present	"[{""DNAChange"": ""ENST00000311936.8:c.35G>A"", ""GeneSymbol"": ""KRAS"", ""HessDriver"": ""True"", ""Hotspot"": ""True"", ""ProteinChange"": ""p.G12D"", ""VariantClassification"": ""SNV"", ""VariantInfo"": ""missense_variant""}, {""DNAChange"": ""ENST00000311936.8:c.35G>A"", ""GeneSymbol"": ""KRAS"", ""HessDriver"": ""Y"", ""Hotspot"": ""True"", ""ProteinChange"": ""p.G12D"", ""VariantClassification"": ""SNV"", ""VariantInfo"": ""missense_variant""}]"	[]
CANCER-004	ACH-000118	HUP-T3	PAAD	Pancreas	Pancreatic Adenocarcinoma	Pancreatic Adenocarcinoma	PAAD	True	True	defining_absent	comparator	Alteration status = defining_absent	[]	"[{""DNAChange"": ""ENST00000311936.8:c.34G>C"", ""GeneSymbol"": ""KRAS"", ""HessDriver"": ""True"", ""Hotspot"": ""True"", ""ProteinChange"": ""p.G12R"", ""VariantClassification"": ""SNV"", ""VariantInfo"": ""missense_variant""}, {""DNAChange"": ""ENST00000311936.8:c.34G>C"", ""GeneSymbol"": ""KRAS"", ""HessDriver"": ""Y"", ""Hotspot"": ""True"", ""ProteinChange"": ""p.G12R"", ""VariantClassification"": ""SNV"", ""VariantInfo"": ""missense_variant""}]"
CANCER-004	ACH-000138	CFPAC-1	PAAD	Pancreas	Pancreatic Adenocarcinoma	Pancreatic Adenocarcinoma	PAAD	True	True	defining_absent	comparator	Alteration status = defining_absent	[]	"[{""DNAChange"": ""ENST00000311936.8:c.35G>T"", ""GeneSymbol"": ""KRAS"", ""HessDriver"": ""Y"", ""Hotspot"": ""True"", ""ProteinChange"": ""p.G12V"", ""VariantClassification"": ""SNV"", ""VariantInfo"": ""missense_variant""}]"
CANCER-004	ACH-000139	Panc 03.27	PAAD	Pancreas	Pancreatic Adenocarcinoma	Pancreatic Adenocarcinoma	PAAD	True	True	defining_absent	comparator	Alteration status = defining_absent	[]	"[{""DNAChange"": ""ENST00000311936.8:c.35G>T"", ""GeneSymbol"": ""KRAS"", ""HessDriver"": ""True"", ""Hotspot"": ""True"", ""ProteinChange"": ""p.G12V"", ""VariantClassification"": ""SNV"", ""VariantInfo"": ""missense_variant""}, {""DNAChange"": ""ENST00000311936.8:c.35G>T"", ""GeneSymbol"": ""KRAS"", ""HessDriver"": ""Y"", ""Hotspot"": ""True"", ""ProteinChange"": ""p.G12V"", ""VariantClassification"": ""SNV"", ""VariantInfo"": ""missense_variant""}]"
CANCER-004	ACH-000155	SW 1990	PAAD	Pancreas	Pancreatic Adenocarcinoma	Pancreatic Adenocarcinoma	PAAD	True	True	defining_present	context	Alteration status = defining_present	"[{""DNAChange"": ""ENST00000311936.8:c.35G>A"", ""GeneSymbol"": ""KRAS"", ""HessDriver"": ""True"", ""Hotspot"": ""True"", ""ProteinChange"": ""p.G12D"", ""VariantClassification"": ""SNV"", ""VariantInfo"": ""missense_variant""}, {""DNAChange"": ""ENST00000311936.8:c.35G>A"", ""GeneSymbol"": ""KRAS"", ""HessDriver"": ""Y"", ""Hotspot"": ""True"", ""ProteinChange"": ""p.G12D"", ""VariantClassification"": ""SNV"", ""VariantInfo"": ""missense_variant""}]"	[]
CANCER-004	ACH-000164	PANC-1	PAAD	Pancreas	Pancreatic Adenocarcinoma	Pancreatic Adenocarcinoma	PAAD	True	True	defining_present	context	Alteration status = defining_present	"[{""DNAChange"": ""ENST00000311936.8:c.35G>A"", ""GeneSymbol"": ""KRAS"", ""HessDriver"": ""True"", ""Hotspot"": ""True"", ""ProteinChange"": ""p.G12D"", ""VariantClassification"": ""SNV"", ""VariantInfo"": ""missense_variant""}]"	[]
CANCER-004	ACH-000178	Hs 766T	PAAD	Pancreas	Pancreatic Adenocarcinoma	Pancreatic Adenocarcinoma	PAAD	True	True	defining_absent	comparator	Alteration status = defining_absent	[]	"[{""DNAChange"": ""ENST00000311936.8:c.183A>C"", ""GeneSymbol"": ""KRAS"", ""HessDriver"": ""Y"", ""Hotspot"": ""True"", ""ProteinChange"": ""p.Q61H"", ""VariantClassification"": ""SNV"", ""VariantInfo"": ""missense_variant""}, {""DNAChange"": ""ENST00000311936.8:c.183A>C"", ""GeneSymbol"": ""KRAS"", ""HessDriver"": ""Y"", ""Hotspot"": ""True"", ""ProteinChange"": ""p.Q61H"", ""VariantClassification"": ""SNV"", ""VariantInfo"": ""missense_variant""}]"
CANCER-004	ACH-000205	PK-59	PAAD	Pancreas	Pancreatic Adenocarcinoma	Pancreatic Adenocarcinoma	PAAD	True	True	defining_present	context	Alteration status = defining_present	"[{""DNAChange"": ""ENST00000311936.8:c.35G>A"", ""GeneSymbol"": ""KRAS"", ""HessDriver"": ""Y"", ""Hotspot"": ""True"", ""ProteinChange"": ""p.G12D"", ""VariantClassification"": ""SNV"", ""VariantInfo"": ""missense_variant""}]"	[]
CANCER-004	ACH-000213	HUP-T4	PAAD	Pancreas	Pancreatic Adenocarcinoma	Pancreatic Adenocarcinoma	PAAD	True	True	defining_absent	comparator	Alteration status = defining_absent	[]	"[{""DNAChange"": ""ENST00000311936.8:c.35G>T"", ""GeneSymbol"": ""KRAS"", ""HessDriver"": ""Y"", ""Hotspot"": ""True"", ""ProteinChange"": ""p.G12V"", ""VariantClassification"": ""SNV"", ""VariantInfo"": ""missense_variant""}]"
CANCER-004	ACH-000222	AsPC-1	PAAD	Pancreas	Pancreatic Adenocarcinoma	Pancreatic Adenocarcinoma	PAAD	True	True	defining_present	context	Alteration status = defining_present	"[{""DNAChange"": ""ENST00000311936.8:c.35G>A"", ""GeneSymbol"": ""KRAS"", ""HessDriver"": ""True"", ""Hotspot"": ""True"", ""ProteinChange"": ""p.G12D"", ""VariantClassification"": ""SNV"", ""VariantInfo"": ""missense_variant""}, {""DNAChange"": ""ENST00000311936.8:c.35G>A"", ""GeneSymbol"": ""KRAS"", ""HessDriver"": ""Y"", ""Hotspot"": ""True"", ""ProteinChange"": ""p.G12D"", ""VariantClassification"": ""SNV"", ""VariantInfo"": ""missense_variant""}]"	[]
CANCER-004	ACH-000235	Panc 04.03	PAAD	Pancreas	Pancreatic Adenocarcinoma	Pancreatic Adenocarcinoma	PAAD	True	True	defining_present	context	Alteration status = defining_present	"[{""DNAChange"": ""ENST00000311936.8:c.35G>A"", ""GeneSymbol"": ""KRAS"", ""HessDriver"": ""True"", ""Hotspot"": ""True"", ""ProteinChange"": ""p.G12D"", ""VariantClassification"": ""SNV"", ""VariantInfo"": ""missense_variant""}, {""DNAChange"": ""ENST00000311936.8:c.35G>A"", ""GeneSymbol"": ""KRAS"", ""HessDriver"": ""Y"", ""Hotspot"": ""True"", ""ProteinChange"": ""p.G12D"", ""VariantClassification"": ""SNV"", ""VariantInfo"": ""missense_variant""}, {""DNAChange"": ""ENST00000311936.8:c.35G>A"", ""GeneSymbol"": ""KRAS"", ""HessDriver"": ""Y"", ""Hotspot"": ""True"", ""ProteinChange"": ""p.G12D"", ""VariantClassification"": ""SNV"", ""VariantInfo"": ""missense_variant""}]"	[]
CANCER-004	ACH-000243	DAN-G	PAAD	Pancreas	Pancreatic Adenocarcinoma	Pancreatic Adenocarcinoma	PAAD	True	True	defining_absent	comparator	Alteration status = defining_absent	[]	"[{""DNAChange"": ""ENST00000311936.8:c.35G>T"", ""GeneSymbol"": ""KRAS"", ""HessDriver"": ""True"", ""Hotspot"": ""True"", ""ProteinChange"": ""p.G12V"", ""VariantClassification"": ""SNV"", ""VariantInfo"": ""missense_variant""}, {""DNAChange"": ""ENST00000311936.8:c.35G>T"", ""GeneSymbol"": ""KRAS"", ""HessDriver"": ""Y"", ""Hotspot"": ""True"", ""ProteinChange"": ""p.G12V"", ""VariantClassification"": ""SNV"", ""VariantInfo"": ""missense_variant""}]"
CANCER-004	ACH-000265	KP-4	PAAD	Pancreas	Pancreatic Adenocarcinoma	Pancreatic Adenocarcinoma	PAAD	True	True	defining_present	context	Alteration status = defining_present	"[{""DNAChange"": ""ENST00000311936.8:c.35G>A"", ""GeneSymbol"": ""KRAS"", ""HessDriver"": ""True"", ""Hotspot"": ""True"", ""ProteinChange"": ""p.G12D"", ""VariantClassification"": ""SNV"", ""VariantInfo"": ""missense_variant""}, {""DNAChange"": ""ENST00000311936.8:c.35G>A"", ""GeneSymbol"": ""KRAS"", ""HessDriver"": ""Y"", ""Hotspot"": ""True"", ""ProteinChange"": ""p.G12D"", ""VariantClassification"": ""SNV"", ""VariantInfo"": ""missense_variant""}]"	"[{""DNAChange"": ""ENST00000311936.8:c.562A>G"", ""GeneSymbol"": ""KRAS"", ""HessDriver"": ""False"", ""Hotspot"": ""False"", ""ProteinChange"": ""p.M188V"", ""VariantClassification"": ""SNV"", ""VariantInfo"": ""missense_variant""}, {""DNAChange"": ""ENST00000311936.8:c.562A>G"", ""GeneSymbol"": ""KRAS"", ""Hotspot"": ""False"", ""ProteinChange"": ""p.M188V"", ""VariantClassification"": ""SNV"", ""VariantInfo"": ""missense_variant""}]"
CANCER-004	ACH-000266	SNU-213	PAAD	Pancreas	Pancreatic Adenocarcinoma	Pancreatic Adenocarcinoma	PAAD	True	True	defining_absent	comparator	Alteration status = defining_absent	[]	"[{""DNAChange"": ""ENST00000311936.8:c.35G>T"", ""GeneSymbol"": ""KRAS"", ""HessDriver"": ""Y"", ""Hotspot"": ""True"", ""ProteinChange"": ""p.G12V"", ""VariantClassification"": ""SNV"", ""VariantInfo"": ""missense_variant""}]"
CANCER-004	ACH-000270	HPAC	PAAD	Pancreas	Pancreatic Adenocarcinoma	Pancreatic Adenocarcinoma	PAAD	True	True	defining_present	context	Alteration status = defining_present	"[{""DNAChange"": ""ENST00000311936.8:c.35G>A"", ""GeneSymbol"": ""KRAS"", ""HessDriver"": ""True"", ""Hotspot"": ""True"", ""ProteinChange"": ""p.G12D"", ""VariantClassification"": ""SNV"", ""VariantInfo"": ""missense_variant""}, {""DNAChange"": ""ENST00000311936.8:c.35G>A"", ""GeneSymbol"": ""KRAS"", ""HessDriver"": ""Y"", ""Hotspot"": ""True"", ""ProteinChange"": ""p.G12D"", ""VariantClassification"": ""SNV"", ""VariantInfo"": ""missense_variant""}]"	[]
CANCER-004	ACH-000281	KP-2	PAAD	Pancreas	Pancreatic Adenocarcinoma	Pancreatic Adenocarcinoma	PAAD	True	True	defining_absent	comparator	Alteration status = defining_absent	[]	"[{""DNAChange"": ""ENST00000311936.8:c.34G>C"", ""GeneSymbol"": ""KRAS"", ""HessDriver"": ""True"", ""Hotspot"": ""True"", ""ProteinChange"": ""p.G12R"", ""VariantClassification"": ""SNV"", ""VariantInfo"": ""missense_variant""}, {""DNAChange"": ""ENST00000311936.8:c.34G>C"", ""GeneSymbol"": ""KRAS"", ""HessDriver"": ""Y"", ""Hotspot"": ""True"", ""ProteinChange"": ""p.G12R"", ""VariantClassification"": ""SNV"", ""VariantInfo"": ""missense_variant""}]"
CANCER-004	ACH-000307	PK-1	PAAD	Pancreas	Pancreatic Adenocarcinoma	Pancreatic Adenocarcinoma	PAAD	True	True	defining_present	context	Alteration status = defining_present	"[{""DNAChange"": ""ENST00000311936.8:c.35G>A"", ""GeneSymbol"": ""KRAS"", ""HessDriver"": ""True"", ""Hotspot"": ""True"", ""ProteinChange"": ""p.G12D"", ""VariantClassification"": ""SNV"", ""VariantInfo"": ""missense_variant""}, {""DNAChange"": ""ENST00000311936.8:c.35G>A"", ""GeneSymbol"": ""KRAS"", ""HessDriver"": ""Y"", ""Hotspot"": ""True"", ""ProteinChange"": ""p.G12D"", ""VariantClassification"": ""SNV"", ""VariantInfo"": ""missense_variant""}]"	[]
CANCER-004	ACH-000320	PSN1	PAAD	Pancreas	Pancreatic Adenocarcinoma	Pancreatic Adenocarcinoma	PAAD	True	True	defining_absent	comparator	Alteration status = defining_absent	[]	"[{""DNAChange"": ""ENST00000311936.8:c.34G>C"", ""GeneSymbol"": ""KRAS"", ""HessDriver"": ""True"", ""Hotspot"": ""True"", ""ProteinChange"": ""p.G12R"", ""VariantClassification"": ""SNV"", ""VariantInfo"": ""missense_variant""}, {""DNAChange"": ""ENST00000311936.8:c.34G>C"", ""GeneSymbol"": ""KRAS"", ""HessDriver"": ""Y"", ""Hotspot"": ""True"", ""ProteinChange"": ""p.G12R"", ""VariantClassification"": ""SNV"", ""VariantInfo"": ""missense_variant""}]"
CANCER-004	ACH-000332	YAPC	PAAD	Pancreas	Pancreatic Adenocarcinoma	Pancreatic Adenocarcinoma	PAAD	True	True	defining_absent	comparator	Alteration status = defining_absent	[]	"[{""DNAChange"": ""ENST00000311936.8:c.35G>T"", ""GeneSymbol"": ""KRAS"", ""HessDriver"": ""True"", ""Hotspot"": ""True"", ""ProteinChange"": ""p.G12V"", ""VariantClassification"": ""SNV"", ""VariantInfo"": ""missense_variant""}, {""DNAChange"": ""ENST00000311936.8:c.35G>T"", ""GeneSymbol"": ""KRAS"", ""HessDriver"": ""Y"", ""Hotspot"": ""True"", ""ProteinChange"": ""p.G12V"", ""VariantClassification"": ""SNV"", ""VariantInfo"": ""missense_variant""}]"
CANCER-004	ACH-000354	Capan-1	PAAD	Pancreas	Pancreatic Adenocarcinoma	Pancreatic Adenocarcinoma	PAAD	True	True	defining_absent	comparator	Alteration status = defining_absent	[]	"[{""DNAChange"": ""ENST00000311936.8:c.35G>T"", ""GeneSymbol"": ""KRAS"", ""HessDriver"": ""True"", ""Hotspot"": ""True"", ""ProteinChange"": ""p.G12V"", ""VariantClassification"": ""SNV"", ""VariantInfo"": ""missense_variant""}, {""DNAChange"": ""ENST00000311936.8:c.35G>T"", ""GeneSymbol"": ""KRAS"", ""HessDriver"": ""Y"", ""Hotspot"": ""True"", ""ProteinChange"": ""p.G12V"", ""VariantClassification"": ""SNV"", ""VariantInfo"": ""missense_variant""}]"
CANCER-004	ACH-000417	Panc 08.13	PAAD	Pancreas	Pancreatic Adenocarcinoma	Pancreatic Adenocarcinoma	PAAD	True	True	defining_present	context	Alteration status = defining_present	"[{""DNAChange"": ""ENST00000311936.8:c.35G>A"", ""GeneSymbol"": ""KRAS"", ""HessDriver"": ""True"", ""Hotspot"": ""True"", ""ProteinChange"": ""p.G12D"", ""VariantClassification"": ""SNV"", ""VariantInfo"": ""missense_variant""}, {""DNAChange"": ""ENST00000311936.8:c.35G>A"", ""GeneSymbol"": ""KRAS"", ""HessDriver"": ""Y"", ""Hotspot"": ""True"", ""ProteinChange"": ""p.G12D"", ""VariantClassification"": ""SNV"", ""VariantInfo"": ""missense_variant""}]"	[]
CANCER-004	ACH-000468	PK-45H	PAAD	Pancreas	Pancreatic Adenocarcinoma	Pancreatic Adenocarcinoma	PAAD	True	True	defining_present	context	Alteration status = defining_present	"[{""DNAChange"": ""ENST00000311936.8:c.35G>A"", ""GeneSymbol"": ""KRAS"", ""HessDriver"": ""True"", ""Hotspot"": ""True"", ""ProteinChange"": ""p.G12D"", ""VariantClassification"": ""SNV"", ""VariantInfo"": ""missense_variant""}, {""DNAChange"": ""ENST00000311936.8:c.35G>A"", ""GeneSymbol"": ""KRAS"", ""HessDriver"": ""Y"", ""Hotspot"": ""True"", ""ProteinChange"": ""p.G12D"", ""VariantClassification"": ""SNV"", ""VariantInfo"": ""missense_variant""}]"	[]
CANCER-004	ACH-000502	TCC-PAN2	PAAD	Pancreas	Pancreatic Adenocarcinoma	Pancreatic Adenocarcinoma	PAAD	True	True	defining_absent	comparator	Alteration status = defining_absent	[]	"[{""DNAChange"": ""ENST00000311936.8:c.34G>C"", ""GeneSymbol"": ""KRAS"", ""HessDriver"": ""True"", ""Hotspot"": ""True"", ""ProteinChange"": ""p.G12R"", ""VariantClassification"": ""SNV"", ""VariantInfo"": ""missense_variant""}, {""DNAChange"": ""ENST00000311936.8:c.34G>C"", ""GeneSymbol"": ""KRAS"", ""HessDriver"": ""Y"", ""Hotspot"": ""True"", ""ProteinChange"": ""p.G12R"", ""VariantClassification"": ""SNV"", ""VariantInfo"": ""missense_variant""}]"
CANCER-004	ACH-000517	SNU-410	PAAD	Pancreas	Pancreatic Adenocarcinoma	Pancreatic Adenocarcinoma	PAAD	True	True	defining_present	context	Alteration status = defining_present	"[{""DNAChange"": ""ENST00000311936.8:c.35G>A"", ""GeneSymbol"": ""KRAS"", ""HessDriver"": ""True"", ""Hotspot"": ""True"", ""ProteinChange"": ""p.G12D"", ""VariantClassification"": ""SNV"", ""VariantInfo"": ""missense_variant""}, {""DNAChange"": ""ENST00000311936.8:c.35G>A"", ""GeneSymbol"": ""KRAS"", ""HessDriver"": ""Y"", ""Hotspot"": ""True"", ""ProteinChange"": ""p.G12D"", ""VariantClassification"": ""SNV"", ""VariantInfo"": ""missense_variant""}]"	[]
CANCER-004	ACH-000535	BxPC-3	PAAD	Pancreas	Pancreatic Adenocarcinoma	Pancreatic Adenocarcinoma	PAAD	True	True	defining_absent	comparator	Alteration status = defining_absent	[]	[]
CANCER-004	ACH-000599	PA-TU-8902	PAAD	Pancreas	Pancreatic Adenocarcinoma	Pancreatic Adenocarcinoma	PAAD	True	True	defining_absent	comparator	Alteration status = defining_absent	[]	"[{""DNAChange"": ""ENST00000311936.8:c.35G>T"", ""GeneSymbol"": ""KRAS"", ""HessDriver"": ""True"", ""Hotspot"": ""True"", ""ProteinChange"": ""p.G12V"", ""VariantClassification"": ""SNV"", ""VariantInfo"": ""missense_variant""}, {""DNAChange"": ""ENST00000311936.8:c.35G>T"", ""GeneSymbol"": ""KRAS"", ""HessDriver"": ""Y"", ""Hotspot"": ""True"", ""ProteinChange"": ""p.G12V"", ""VariantClassification"": ""SNV"", ""VariantInfo"": ""missense_variant""}, {""DNAChange"": ""ENST00000311936.8:c.35G>T"", ""GeneSymbol"": ""KRAS"", ""HessDriver"": ""Y"", ""Hotspot"": ""True"", ""ProteinChange"": ""p.G12V"", ""VariantClassification"": ""SNV"", ""VariantInfo"": ""missense_variant""}]"
CANCER-004	ACH-000601	MIA PaCa-2	PAAD	Pancreas	Pancreatic Adenocarcinoma	Pancreatic Adenocarcinoma	PAAD	True	True	defining_absent	comparator	Alteration status = defining_absent	[]	"[{""DNAChange"": ""ENST00000311936.8:c.34G>T"", ""GeneSymbol"": ""KRAS"", ""HessDriver"": ""True"", ""Hotspot"": ""True"", ""ProteinChange"": ""p.G12C"", ""VariantClassification"": ""SNV"", ""VariantInfo"": ""missense_variant""}, {""DNAChange"": ""ENST00000311936.8:c.34G>T"", ""GeneSymbol"": ""KRAS"", ""HessDriver"": ""Y"", ""Hotspot"": ""True"", ""ProteinChange"": ""p.G12C"", ""VariantClassification"": ""SNV"", ""VariantInfo"": ""missense_variant""}]"
CANCER-004	ACH-000652	SUIT-2	PAAD	Pancreas	Pancreatic Adenocarcinoma	Pancreatic Adenocarcinoma	PAAD	True	True	defining_present	context	Alteration status = defining_present	"[{""DNAChange"": ""ENST00000311936.8:c.35G>A"", ""GeneSymbol"": ""KRAS"", ""HessDriver"": ""True"", ""Hotspot"": ""True"", ""ProteinChange"": ""p.G12D"", ""VariantClassification"": ""SNV"", ""VariantInfo"": ""missense_variant""}, {""DNAChange"": ""ENST00000311936.8:c.35G>A"", ""GeneSymbol"": ""KRAS"", ""HessDriver"": ""Y"", ""Hotspot"": ""True"", ""ProteinChange"": ""p.G12D"", ""VariantClassification"": ""SNV"", ""VariantInfo"": ""missense_variant""}]"	[]
CANCER-004	ACH-000933	SNU-324	PAAD	Pancreas	Pancreatic Adenocarcinoma	Pancreatic Adenocarcinoma	PAAD	True	True	defining_absent	comparator	Alteration status = defining_absent	[]	[]
CANCER-004	ACH-001072	GR-M	PAAD	Pancreas	Pancreatic Adenocarcinoma	Pancreatic Adenocarcinoma	PAAD	True	False	unsequenced	excluded	No default WES/WGS profile in OmicsProfiles.csv	[]	[]
CANCER-004	ACH-001098	KCI-MOH1	PAAD	Pancreas	Pancreatic Adenocarcinoma	Pancreatic Adenocarcinoma	PAAD	True	True	defining_present	context	Alteration status = defining_present	"[{""DNAChange"": ""ENST00000311936.8:c.35G>A"", ""GeneSymbol"": ""KRAS"", ""HessDriver"": ""Y"", ""Hotspot"": ""True"", ""ProteinChange"": ""p.G12D"", ""VariantClassification"": ""SNV"", ""VariantInfo"": ""missense_variant""}]"	[]
CANCER-004	ACH-001101	KLM-1	PAAD	Pancreas	Pancreatic Adenocarcinoma	Pancreatic Adenocarcinoma	PAAD	True	False	unsequenced	excluded	No default WES/WGS profile in OmicsProfiles.csv	[]	[]
CANCER-004	ACH-001107	KP-1N	PAAD	Pancreas	Pancreatic Adenocarcinoma	Pancreatic Adenocarcinoma	PAAD	True	True	defining_present	context	Alteration status = defining_present	"[{""DNAChange"": ""ENST00000311936.8:c.35G>A"", ""GeneSymbol"": ""KRAS"", ""HessDriver"": ""Y"", ""Hotspot"": ""True"", ""ProteinChange"": ""p.G12D"", ""VariantClassification"": ""SNV"", ""VariantInfo"": ""missense_variant""}]"	[]
CANCER-004	ACH-001171	PL45	PAAD	Pancreas	Pancreatic Adenocarcinoma	Pancreatic Adenocarcinoma	PAAD	True	False	unsequenced	excluded	No default WES/WGS profile in OmicsProfiles.csv	[]	[]
CANCER-004	ACH-001353	JOPACA-1	PAAD	Pancreas	Pancreatic Adenocarcinoma	Pancreatic Adenocarcinoma	PAAD	True	True	defining_absent	comparator	Alteration status = defining_absent	[]	"[{""DNAChange"": ""ENST00000311936.8:c.35G>T"", ""GeneSymbol"": ""KRAS"", ""HessDriver"": ""Y"", ""Hotspot"": ""True"", ""ProteinChange"": ""p.G12V"", ""VariantClassification"": ""SNV"", ""VariantInfo"": ""missense_variant""}]"
CANCER-004	ACH-001375	PACADD-119	PAAD	Pancreas	Pancreatic Adenocarcinoma	Pancreatic Adenocarcinoma	PAAD	True	True	defining_absent	comparator	Alteration status = defining_absent	[]	"[{""DNAChange"": ""ENST00000311936.8:c.35G>C"", ""GeneSymbol"": ""KRAS"", ""HessDriver"": ""Y"", ""Hotspot"": ""True"", ""ProteinChange"": ""p.G12A"", ""VariantClassification"": ""SNV"", ""VariantInfo"": ""missense_variant""}]"
CANCER-004	ACH-001376	PACADD-135	PAAD	Pancreas	Pancreatic Adenocarcinoma	Pancreatic Adenocarcinoma	PAAD	True	True	defining_absent	comparator	Alteration status = defining_absent	[]	"[{""DNAChange"": ""ENST00000311936.8:c.35G>T"", ""GeneSymbol"": ""KRAS"", ""HessDriver"": ""Y"", ""Hotspot"": ""True"", ""ProteinChange"": ""p.G12V"", ""VariantClassification"": ""SNV"", ""VariantInfo"": ""missense_variant""}]"
CANCER-004	ACH-001377	PACADD-137	PAAD	Pancreas	Pancreatic Adenocarcinoma	Pancreatic Adenocarcinoma	PAAD	True	True	defining_absent	comparator	Alteration status = defining_absent	[]	[]
CANCER-004	ACH-001378	PACADD-159	PAAD	Pancreas	Pancreatic Adenocarcinoma	Pancreatic Adenocarcinoma	PAAD	True	True	defining_absent	comparator	Alteration status = defining_absent	[]	"[{""DNAChange"": ""ENST00000311936.8:c.34_35delinsAT"", ""GeneSymbol"": ""KRAS"", ""Hotspot"": ""True"", ""ProteinChange"": ""p.G12I"", ""VariantClassification"": ""substitution"", ""VariantInfo"": ""missense_variant""}]"
CANCER-004	ACH-001379	PACADD-161	PAAD	Pancreas	Pancreatic Adenocarcinoma	Pancreatic Adenocarcinoma	PAAD	True	True	defining_absent	comparator	Alteration status = defining_absent	[]	"[{""DNAChange"": ""ENST00000311936.8:c.35G>T"", ""GeneSymbol"": ""KRAS"", ""HessDriver"": ""Y"", ""Hotspot"": ""True"", ""ProteinChange"": ""p.G12V"", ""VariantClassification"": ""SNV"", ""VariantInfo"": ""missense_variant""}]"
CANCER-004	ACH-001380	PACADD-165	PAAD	Pancreas	Pancreatic Adenocarcinoma	Pancreatic Adenocarcinoma	PAAD	True	True	defining_absent	comparator	Alteration status = defining_absent	[]	[]
CANCER-004	ACH-001382	PACADD-188	PAAD	Pancreas	Pancreatic Adenocarcinoma	Pancreatic Adenocarcinoma	PAAD	True	True	defining_present	context	Alteration status = defining_present	"[{""DNAChange"": ""ENST00000311936.8:c.35G>A"", ""GeneSymbol"": ""KRAS"", ""HessDriver"": ""Y"", ""Hotspot"": ""True"", ""ProteinChange"": ""p.G12D"", ""VariantClassification"": ""SNV"", ""VariantInfo"": ""missense_variant""}]"	[]
CANCER-004	ACH-001999	950-5-BIK	PAAD	Pancreas	Pancreatic Adenocarcinoma	Pancreatic Adenocarcinoma	PAAD	True	True	defining_absent	comparator	Alteration status = defining_absent	[]	"[{""DNAChange"": ""ENST00000311936.8:c.35G>T"", ""GeneSymbol"": ""KRAS"", ""HessDriver"": ""Y"", ""Hotspot"": ""True"", ""ProteinChange"": ""p.G12V"", ""VariantClassification"": ""SNV"", ""VariantInfo"": ""missense_variant""}]"
CANCER-004	ACH-002039	PK-8	PAAD	Pancreas	Pancreatic Adenocarcinoma	Pancreatic Adenocarcinoma	PAAD	True	True	defining_absent	comparator	Alteration status = defining_absent	[]	"[{""DNAChange"": ""ENST00000311936.8:c.34G>C"", ""GeneSymbol"": ""KRAS"", ""HessDriver"": ""True"", ""Hotspot"": ""True"", ""ProteinChange"": ""p.G12R"", ""VariantClassification"": ""SNV"", ""VariantInfo"": ""missense_variant""}, {""DNAChange"": ""ENST00000311936.8:c.34G>C"", ""GeneSymbol"": ""KRAS"", ""HessDriver"": ""Y"", ""Hotspot"": ""True"", ""ProteinChange"": ""p.G12R"", ""VariantClassification"": ""SNV"", ""VariantInfo"": ""missense_variant""}]"
CANCER-004	ACH-002164	MZ1-PC	PAAD	Pancreas	Pancreatic Adenocarcinoma	Pancreatic Adenocarcinoma	PAAD	True	True	defining_absent	comparator	Alteration status = defining_absent	[]	"[{""DNAChange"": ""ENST00000311936.8:c.35G>T"", ""GeneSymbol"": ""KRAS"", ""HessDriver"": ""Y"", ""Hotspot"": ""True"", ""ProteinChange"": ""p.G12V"", ""VariantClassification"": ""SNV"", ""VariantInfo"": ""missense_variant""}]"
CANCER-004	ACH-002186	PL4	PAAD	Pancreas	Pancreatic Adenocarcinoma	Pancreatic Adenocarcinoma	PAAD	True	True	defining_present	context	Alteration status = defining_present	"[{""DNAChange"": ""ENST00000311936.8:c.35G>A"", ""GeneSymbol"": ""KRAS"", ""HessDriver"": ""Y"", ""Hotspot"": ""True"", ""ProteinChange"": ""p.G12D"", ""VariantClassification"": ""SNV"", ""VariantInfo"": ""missense_variant""}]"	[]
CANCER-004	ACH-002672	MAPAC-HS-77	PAAD	Pancreas	Pancreatic Adenocarcinoma	Pancreatic Adenocarcinoma	PAAD	True	True	defining_absent	comparator	Alteration status = defining_absent	[]	"[{""DNAChange"": ""ENST00000311936.8:c.35G>T"", ""GeneSymbol"": ""KRAS"", ""HessDriver"": ""True"", ""Hotspot"": ""True"", ""ProteinChange"": ""p.G12V"", ""VariantClassification"": ""SNV"", ""VariantInfo"": ""missense_variant""}]"
CANCER-004	ACH-002738	PANFR0420	PAAD	Pancreas	Pancreatic Adenocarcinoma	Pancreatic Adenocarcinoma	PAAD	True	False	unsequenced	excluded	No default WES/WGS profile in OmicsProfiles.csv	[]	[]
CANCER-004	ACH-002742	PANFR0233	PAAD	Pancreas	Pancreatic Adenocarcinoma	Pancreatic Adenocarcinoma	PAAD	True	False	unsequenced	excluded	No default WES/WGS profile in OmicsProfiles.csv	[]	[]
CANCER-004	ACH-002743	PANFR0368	PAAD	Pancreas	Pancreatic Adenocarcinoma	Pancreatic Adenocarcinoma	PAAD	True	False	unsequenced	excluded	No default WES/WGS profile in OmicsProfiles.csv	[]	[]
CANCER-004	ACH-002744	PANFR0402	PAAD	Pancreas	Pancreatic Adenocarcinoma	Pancreatic Adenocarcinoma	PAAD	True	False	unsequenced	excluded	No default WES/WGS profile in OmicsProfiles.csv	[]	[]
CANCER-004	ACH-002745	PANFR0069	PAAD	Pancreas	Pancreatic Adenocarcinoma	Pancreatic Adenocarcinoma	PAAD	True	False	unsequenced	excluded	No default WES/WGS profile in OmicsProfiles.csv	[]	[]
CANCER-004	ACH-003429	CCLF_PANC_0074_T	PAAD	Pancreas	Pancreatic Adenocarcinoma	Pancreatic Adenocarcinoma	PAAD	True	True	defining_present	context	Alteration status = defining_present	"[{""DNAChange"": ""ENST00000311936.8:c.35G>A"", ""GeneSymbol"": ""KRAS"", ""HessDriver"": ""Y"", ""Hotspot"": ""True"", ""ProteinChange"": ""p.G12D"", ""VariantClassification"": ""SNV"", ""VariantInfo"": ""missense_variant""}]"	[]
CANCER-004	ACH-003430	CCLF_PANC_0002_T	PAAD	Pancreas	Pancreatic Adenocarcinoma	Pancreatic Adenocarcinoma	PAAD	True	True	defining_absent	comparator	Alteration status = defining_absent	[]	"[{""DNAChange"": ""ENST00000311936.8:c.35G>T"", ""GeneSymbol"": ""KRAS"", ""HessDriver"": ""Y"", ""Hotspot"": ""True"", ""ProteinChange"": ""p.G12V"", ""VariantClassification"": ""SNV"", ""VariantInfo"": ""missense_variant""}]"
CANCER-004	ACH-003433	CCLF_PANC_0019_T	PAAD	Pancreas	Pancreatic Adenocarcinoma	Pancreatic Adenocarcinoma	PAAD	True	True	defining_absent	comparator	Alteration status = defining_absent	[]	[]
CANCER-011	ACH-000027	GOS-3	GB	CNS/Brain	Adult-Type Diffuse Glioma	Glioblastoma, IDH-Wildtype	GB	True	True	defining_absent	context	Alteration status = defining_absent	[]	[]
CANCER-011	ACH-000036	U343	GB	CNS/Brain	Adult-Type Diffuse Glioma	Glioblastoma, IDH-Wildtype	GB	True	True	defining_absent	context	Alteration status = defining_absent	[]	[]
CANCER-011	ACH-000075	U-87 MG	GB	CNS/Brain	Adult-Type Diffuse Glioma	Glioblastoma, IDH-Wildtype	GB	True	True	defining_absent	context	Alteration status = defining_absent	[]	[]
CANCER-011	ACH-000098	GAMG	GB	CNS/Brain	Adult-Type Diffuse Glioma	Glioblastoma, IDH-Wildtype	GB	True	True	defining_absent	context	Alteration status = defining_absent	[]	[]
CANCER-011	ACH-000102	GMS-10	GB	CNS/Brain	Adult-Type Diffuse Glioma	Glioblastoma, IDH-Wildtype	GB	True	True	defining_absent	context	Alteration status = defining_absent	[]	[]
CANCER-011	ACH-000137	8-MG-BA	GB	CNS/Brain	Adult-Type Diffuse Glioma	Glioblastoma, IDH-Wildtype	GB	True	True	defining_absent	context	Alteration status = defining_absent	[]	[]
CANCER-011	ACH-000152	M059K	GB	CNS/Brain	Adult-Type Diffuse Glioma	Glioblastoma, IDH-Wildtype	GB	True	True	defining_absent	context	Alteration status = defining_absent	[]	[]
CANCER-011	ACH-000200	NMC-G1	GB	CNS/Brain	Adult-Type Diffuse Glioma	Glioblastoma, IDH-Wildtype	GB	True	True	defining_absent	context	Alteration status = defining_absent	[]	[]
CANCER-011	ACH-000215	LN382	GB	CNS/Brain	Adult-Type Diffuse Glioma	Glioblastoma, IDH-Wildtype	GB	True	True	defining_absent	context	Alteration status = defining_absent	[]	[]
CANCER-011	ACH-000231	KALS-1	GB	CNS/Brain	Adult-Type Diffuse Glioma	Glioblastoma, IDH-Wildtype	GB	True	True	defining_absent	context	Alteration status = defining_absent	[]	[]
CANCER-011	ACH-000244	DK-MG	GB	CNS/Brain	Adult-Type Diffuse Glioma	Glioblastoma, IDH-Wildtype	GB	True	True	defining_absent	context	Alteration status = defining_absent	[]	[]
CANCER-011	ACH-000269	AM-38	GB	CNS/Brain	Adult-Type Diffuse Glioma	Glioblastoma, IDH-Wildtype	GB	True	True	defining_absent	context	Alteration status = defining_absent	[]	[]
CANCER-011	ACH-000283	A1207	GB	CNS/Brain	Adult-Type Diffuse Glioma	Glioblastoma, IDH-Wildtype	GB	True	True	defining_absent	context	Alteration status = defining_absent	[]	[]
CANCER-011	ACH-000289	SNU-466	GB	CNS/Brain	Adult-Type Diffuse Glioma	Glioblastoma, IDH-Wildtype	GB	True	True	defining_absent	context	Alteration status = defining_absent	[]	[]
CANCER-011	ACH-000323	42-MG-BA	GB	CNS/Brain	Adult-Type Diffuse Glioma	Glioblastoma, IDH-Wildtype	GB	True	True	defining_absent	context	Alteration status = defining_absent	[]	[]
CANCER-011	ACH-000328	LN-215	GB	CNS/Brain	Adult-Type Diffuse Glioma	Glioblastoma, IDH-Wildtype	GB	True	True	defining_absent	context	Alteration status = defining_absent	[]	[]
CANCER-011	ACH-000368	SNU-1105	GB	CNS/Brain	Adult-Type Diffuse Glioma	Glioblastoma, IDH-Wildtype	GB	True	True	defining_absent	context	Alteration status = defining_absent	[]	[]
CANCER-011	ACH-000370	SNU-626	GB	CNS/Brain	Adult-Type Diffuse Glioma	Glioblastoma, IDH-Wildtype	GB	True	True	defining_absent	context	Alteration status = defining_absent	[]	[]
CANCER-011	ACH-000376	SF-295	GB	CNS/Brain	Adult-Type Diffuse Glioma	Glioblastoma, IDH-Wildtype	GB	True	True	defining_absent	context	Alteration status = defining_absent	[]	[]
CANCER-011	ACH-000445	KNS-60	GB	CNS/Brain	Adult-Type Diffuse Glioma	Glioblastoma, IDH-Wildtype	GB	True	True	defining_absent	context	Alteration status = defining_absent	[]	[]
CANCER-011	ACH-000455	LN-428	GB	CNS/Brain	Adult-Type Diffuse Glioma	Glioblastoma, IDH-Wildtype	GB	True	True	defining_absent	context	Alteration status = defining_absent	[]	[]
CANCER-011	ACH-000464	CAS-1	GB	CNS/Brain	Adult-Type Diffuse Glioma	Glioblastoma, IDH-Wildtype	GB	True	True	defining_absent	context	Alteration status = defining_absent	[]	[]
CANCER-011	ACH-000469	YH-13	GB	CNS/Brain	Adult-Type Diffuse Glioma	Glioblastoma, IDH-Wildtype	GB	True	True	defining_absent	context	Alteration status = defining_absent	[]	[]
CANCER-011	ACH-000479	KNS-81	GB	CNS/Brain	Adult-Type Diffuse Glioma	Glioblastoma, IDH-Wildtype	GB	True	True	defining_absent	context	Alteration status = defining_absent	[]	[]
CANCER-011	ACH-000504	SNB75	GB	CNS/Brain	Adult-Type Diffuse Glioma	Glioblastoma, IDH-Wildtype	GB	True	True	defining_absent	context	Alteration status = defining_absent	[]	[]
CANCER-011	ACH-000543	SNU-489	GB	CNS/Brain	Adult-Type Diffuse Glioma	Glioblastoma, IDH-Wildtype	GB	True	True	defining_absent	context	Alteration status = defining_absent	[]	[]
CANCER-011	ACH-000558	A-172	GB	CNS/Brain	Adult-Type Diffuse Glioma	Glioblastoma, IDH-Wildtype	GB	True	True	defining_absent	context	Alteration status = defining_absent	[]	[]
CANCER-011	ACH-000570	YKG1	GB	CNS/Brain	Adult-Type Diffuse Glioma	Glioblastoma, IDH-Wildtype	GB	True	True	defining_absent	context	Alteration status = defining_absent	[]	[]
CANCER-011	ACH-000571	T98G	GB	CNS/Brain	Adult-Type Diffuse Glioma	Glioblastoma, IDH-Wildtype	GB	True	True	defining_absent	context	Alteration status = defining_absent	[]	[]
CANCER-011	ACH-000595	LN-229	GB	CNS/Brain	Adult-Type Diffuse Glioma	Glioblastoma, IDH-Wildtype	GB	True	True	defining_absent	context	Alteration status = defining_absent	[]	[]
CANCER-011	ACH-000609	SF126	GB	CNS/Brain	Adult-Type Diffuse Glioma	Glioblastoma, IDH-Wildtype	GB	True	True	defining_absent	context	Alteration status = defining_absent	[]	[]
CANCER-011	ACH-000622	KNS-42	GB	CNS/Brain	Adult-Type Diffuse Glioma	Glioblastoma, IDH-Wildtype	GB	True	True	defining_absent	context	Alteration status = defining_absent	[]	[]
CANCER-011	ACH-000623	SNU-201	GB	CNS/Brain	Adult-Type Diffuse Glioma	Glioblastoma, IDH-Wildtype	GB	True	True	defining_absent	context	Alteration status = defining_absent	[]	[]
CANCER-011	ACH-000631	KS-1	GB	CNS/Brain	Adult-Type Diffuse Glioma	Glioblastoma, IDH-Wildtype	GB	True	True	defining_absent	context	Alteration status = defining_absent	[]	[]
CANCER-011	ACH-000634	LN-340	GB	CNS/Brain	Adult-Type Diffuse Glioma	Glioblastoma, IDH-Wildtype	GB	True	True	defining_absent	context	Alteration status = defining_absent	[]	[]
CANCER-011	ACH-000673	LN-443	GB	CNS/Brain	Adult-Type Diffuse Glioma	Glioblastoma, IDH-Wildtype	GB	True	True	defining_absent	context	Alteration status = defining_absent	[]	[]
CANCER-011	ACH-000738	GB-1	GB	CNS/Brain	Adult-Type Diffuse Glioma	Glioblastoma, IDH-Wildtype	GB	True	True	defining_absent	context	Alteration status = defining_absent	[]	[]
CANCER-011	ACH-000760	LNZ308	GB	CNS/Brain	Adult-Type Diffuse Glioma	Glioblastoma, IDH-Wildtype	GB	True	True	defining_absent	context	Alteration status = defining_absent	[]	[]
CANCER-011	ACH-000819	LN-18	GB	CNS/Brain	Adult-Type Diffuse Glioma	Glioblastoma, IDH-Wildtype	GB	True	True	defining_absent	context	Alteration status = defining_absent	[]	[]
CANCER-011	ACH-000863	DBTRG-05MG	GB	CNS/Brain	Adult-Type Diffuse Glioma	Glioblastoma, IDH-Wildtype	GB	True	True	defining_absent	context	Alteration status = defining_absent	[]	[]
CANCER-011	ACH-000887	SF-172	GB	CNS/Brain	Adult-Type Diffuse Glioma	Glioblastoma, IDH-Wildtype	GB	True	True	defining_absent	context	Alteration status = defining_absent	[]	[]
CANCER-011	ACH-001118	M059J	GB	CNS/Brain	Adult-Type Diffuse Glioma	Glioblastoma, IDH-Wildtype	GB	True	True	defining_absent	context	Alteration status = defining_absent	[]	[]
CANCER-011	ACH-001214	U-138 MG	GB	CNS/Brain	Adult-Type Diffuse Glioma	Glioblastoma, IDH-Wildtype	GB	True	False	unsequenced	excluded	No default WES/WGS profile in OmicsProfiles.csv	[]	[]
CANCER-011	ACH-001329	ANGM-CSS	GB	CNS/Brain	Adult-Type Diffuse Glioma	Glioblastoma, IDH-Wildtype	GB	True	True	defining_absent	context	Alteration status = defining_absent	[]	[]
CANCER-011	ACH-001605	no.10	GB	CNS/Brain	Adult-Type Diffuse Glioma	Glioblastoma, IDH-Wildtype	GB	True	True	defining_absent	context	Alteration status = defining_absent	[]	[]
CANCER-011	ACH-001606	no.11	GB	CNS/Brain	Adult-Type Diffuse Glioma	Glioblastoma, IDH-Wildtype	GB	True	True	defining_absent	context	Alteration status = defining_absent	[]	[]
CANCER-011	ACH-001608	NP 2	GB	CNS/Brain	Adult-Type Diffuse Glioma	Glioblastoma, IDH-Wildtype	GB	True	True	defining_absent	context	Alteration status = defining_absent	[]	[]
CANCER-011	ACH-001609	NP 3	GB	CNS/Brain	Adult-Type Diffuse Glioma	Glioblastoma, IDH-Wildtype	GB	True	True	defining_absent	context	Alteration status = defining_absent	[]	[]
CANCER-011	ACH-001610	NP 5	GB	CNS/Brain	Adult-Type Diffuse Glioma	Glioblastoma, IDH-Wildtype	GB	True	True	defining_absent	context	Alteration status = defining_absent	[]	[]
CANCER-011	ACH-001611	NP 8	GB	CNS/Brain	Adult-Type Diffuse Glioma	Glioblastoma, IDH-Wildtype	GB	True	True	defining_absent	context	Alteration status = defining_absent	[]	[]
CANCER-011	ACH-001622	Onda 7	GB	CNS/Brain	Adult-Type Diffuse Glioma	Glioblastoma, IDH-Wildtype	GB	True	True	defining_absent	context	Alteration status = defining_absent	[]	[]
CANCER-011	ACH-001623	Onda 8	GB	CNS/Brain	Adult-Type Diffuse Glioma	Glioblastoma, IDH-Wildtype	GB	True	True	defining_absent	context	Alteration status = defining_absent	[]	[]
CANCER-011	ACH-001624	Onda 9	GB	CNS/Brain	Adult-Type Diffuse Glioma	Glioblastoma, IDH-Wildtype	GB	True	True	defining_absent	context	Alteration status = defining_absent	[]	[]
CANCER-011	ACH-002223	D-245MG	GB	CNS/Brain	Adult-Type Diffuse Glioma	Glioblastoma, IDH-Wildtype	GB	True	True	defining_absent	context	Alteration status = defining_absent	[]	[]
CANCER-011	ACH-002225	D-263MG	GB	CNS/Brain	Adult-Type Diffuse Glioma	Glioblastoma, IDH-Wildtype	GB	True	True	defining_absent	context	Alteration status = defining_absent	[]	[]
CANCER-011	ACH-002227	D-392MG	GB	CNS/Brain	Adult-Type Diffuse Glioma	Glioblastoma, IDH-Wildtype	GB	True	True	defining_absent	context	Alteration status = defining_absent	[]	[]
CANCER-011	ACH-002228	D-423MG	GB	CNS/Brain	Adult-Type Diffuse Glioma	Glioblastoma, IDH-Wildtype	GB	True	True	defining_absent	context	Alteration status = defining_absent	[]	[]
CANCER-011	ACH-002229	D-502MG	GB	CNS/Brain	Adult-Type Diffuse Glioma	Glioblastoma, IDH-Wildtype	GB	True	True	defining_absent	context	Alteration status = defining_absent	[]	[]
CANCER-011	ACH-002230	D-542MG	GB	CNS/Brain	Adult-Type Diffuse Glioma	Glioblastoma, IDH-Wildtype	GB	True	True	defining_absent	context	Alteration status = defining_absent	[]	[]
CANCER-011	ACH-002231	D-566MG	GB	CNS/Brain	Adult-Type Diffuse Glioma	Glioblastoma, IDH-Wildtype	GB	True	True	defining_absent	context	Alteration status = defining_absent	[]	[]
CANCER-011	ACH-002259	KNS-81-FD	GB	CNS/Brain	Adult-Type Diffuse Glioma	Glioblastoma, IDH-Wildtype	GB	True	True	defining_absent	context	Alteration status = defining_absent	[]	[]
CANCER-011	ACH-002268	LN-405	GB	CNS/Brain	Adult-Type Diffuse Glioma	Glioblastoma, IDH-Wildtype	GB	True	True	defining_absent	context	Alteration status = defining_absent	[]	[]
CANCER-011	ACH-002349	GBM001	GB	CNS/Brain	Adult-Type Diffuse Glioma	Glioblastoma, IDH-Wildtype	GB	True	True	defining_absent	context	Alteration status = defining_absent	[]	[]
CANCER-011	ACH-002409	CCLF_NEURO_0006_T	GB	CNS/Brain	Adult-Type Diffuse Glioma	Glioblastoma, IDH-Wildtype	GB	True	True	defining_absent	context	Alteration status = defining_absent	[]	[]
CANCER-011	ACH-002680	170-MG-BA	GB	CNS/Brain	Adult-Type Diffuse Glioma	Glioblastoma, IDH-Wildtype	GB	True	True	defining_absent	context	Alteration status = defining_absent	[]	[]
CANCER-011	ACH-002681	538-MG-BA	GB	CNS/Brain	Adult-Type Diffuse Glioma	Glioblastoma, IDH-Wildtype	GB	True	True	defining_absent	context	Alteration status = defining_absent	[]	[]
CANCER-011	ACH-003438	CCLF_NEURO_0005_T	GB	CNS/Brain	Adult-Type Diffuse Glioma	Glioblastoma, IDH-Wildtype	GB	True	True	defining_absent	context	Alteration status = defining_absent	[]	[]
CANCER-013	ACH-000005	HEL 92.1.7	AML	Myeloid	Acute Myeloid Leukemia	Acute Myeloid Leukemia	AML	True	True	defining_absent	comparator	Alteration status = defining_absent	[]	[]
CANCER-013	ACH-000006	MONO-MAC-6	AML	Myeloid	Acute Myeloid Leukemia	Acute Myeloid Leukemia	AML	True	True	ambiguous	excluded	Alteration status = ambiguous; not safe for context/comparator	[]	"[{""DNAChange"": ""ENST00000241453.12:c.1775T>C"", ""GeneSymbol"": ""FLT3"", ""Hotspot"": ""False"", ""ProteinChange"": ""p.V592A"", ""VariantClassification"": ""SNV"", ""VariantInfo"": ""missense_variant""}]"
CANCER-013	ACH-000034	PLB-985	AML	Myeloid	Acute Myeloid Leukemia	Acute Myeloid Leukemia	AML	True	False	unsequenced	excluded	No default WES/WGS profile in OmicsProfiles.csv	[]	[]
CANCER-013	ACH-000045	MV4-11	AML	Myeloid	Acute Myeloid Leukemia	Acute Myeloid Leukemia	AML	True	True	defining_present	context	Alteration status = defining_present	"[{""DNAChange"": ""ENST00000241453.12:c.1772_1801dup"", ""GeneSymbol"": ""FLT3"", ""HessDriver"": ""False"", ""Hotspot"": ""True"", ""ProteinChange"": ""p.D600_L601insHVDFREYEYD"", ""VariantClassification"": ""insertion"", ""VariantInfo"": ""inframe_insertion""}]"	"[{""DNAChange"": ""ENST00000241453.12:c.1772_1801dup"", ""GeneSymbol"": ""FLT3"", ""Hotspot"": ""False"", ""ProteinChange"": ""p.D600_L601insHVDFREYEYD"", ""VariantClassification"": ""insertion"", ""VariantInfo"": ""inframe_insertion""}]"
CANCER-013	ACH-000065	OCI-AML5	AML	Myeloid	Acute Myeloid Leukemia	Acute Myeloid Leukemia	AML	True	True	defining_absent	comparator	Alteration status = defining_absent	[]	[]
CANCER-013	ACH-000081	GDM-1	AML	Myeloid	Acute Myeloid Leukemia	Acute Myeloid Leukemia	AML	True	True	defining_absent	comparator	Alteration status = defining_absent	[]	[]
CANCER-013	ACH-000113	OCI-AML2	AML	Myeloid	Acute Myeloid Leukemia	Acute Myeloid Leukemia	AML	True	True	defining_absent	comparator	Alteration status = defining_absent	[]	[]
CANCER-013	ACH-000146	THP-1	AML	Myeloid	Acute Myeloid Leukemia	Acute Myeloid Leukemia	AML	True	True	defining_absent	comparator	Alteration status = defining_absent	[]	[]
CANCER-013	ACH-000166	Kasumi-6	AML	Myeloid	Acute Myeloid Leukemia	Acute Myeloid Leukemia	AML	True	True	defining_present	context	Alteration status = defining_present	"[{""DNAChange"": ""ENST00000241453.12:c.1748_1798dup"", ""GeneSymbol"": ""FLT3"", ""HessDriver"": ""False"", ""Hotspot"": ""True"", ""ProteinChange"": ""p.G583_Y599dup"", ""VariantClassification"": ""insertion"", ""VariantInfo"": ""inframe_insertion""}]"	"[{""DNAChange"": ""ENST00000241453.12:c.1748_1798dup"", ""GeneSymbol"": ""FLT3"", ""Hotspot"": ""False"", ""ProteinChange"": ""p.G583_Y599dup"", ""VariantClassification"": ""insertion"", ""VariantInfo"": ""inframe_insertion""}]"
CANCER-013	ACH-000190	HD-MY-Z	AML	Myeloid	Acute Myeloid Leukemia	Acute Myeloid Leukemia	AML	True	True	defining_absent	comparator	Alteration status = defining_absent	[]	[]
CANCER-013	ACH-000198	EOL-1	AML	Myeloid	Acute Myeloid Leukemia	Acute Myeloid Leukemia	AML	True	True	defining_absent	comparator	Alteration status = defining_absent	[]	[]
CANCER-013	ACH-000263	KASUMI-1	AML	Myeloid	Acute Myeloid Leukemia	Acute Myeloid Leukemia	AML	True	True	defining_absent	comparator	Alteration status = defining_absent	[]	[]
CANCER-013	ACH-000299	HNT-34	AML	Myeloid	Acute Myeloid Leukemia	Acute Myeloid Leukemia	AML	True	True	defining_absent	comparator	Alteration status = defining_absent	[]	[]
CANCER-013	ACH-000336	OCI-AML3	AML	Myeloid	Acute Myeloid Leukemia	Acute Myeloid Leukemia	AML	True	True	defining_absent	comparator	Alteration status = defining_absent	[]	[]
CANCER-013	ACH-000362	MOLM-13	AML	Myeloid	Acute Myeloid Leukemia	Acute Myeloid Leukemia	AML	True	True	defining_present	context	Alteration status = defining_present	"[{""DNAChange"": ""ENST00000241453.12:c.1775_1795dup"", ""GeneSymbol"": ""FLT3"", ""HessDriver"": ""False"", ""Hotspot"": ""True"", ""ProteinChange"": ""p.E598_Y599insFDFREYE"", ""VariantClassification"": ""insertion"", ""VariantInfo"": ""inframe_insertion""}]"	"[{""DNAChange"": ""ENST00000241453.12:c.1775_1795dup"", ""GeneSymbol"": ""FLT3"", ""Hotspot"": ""False"", ""ProteinChange"": ""p.E598_Y599insFDFREYE"", ""VariantClassification"": ""insertion"", ""VariantInfo"": ""inframe_insertion""}, {""DNAChange"": ""ENST00000241453.12:c.1775_1795dup"", ""GeneSymbol"": ""FLT3"", ""Hotspot"": ""False"", ""ProteinChange"": ""p.E598_Y599insFDFREYE"", ""VariantClassification"": ""insertion"", ""VariantInfo"": ""inframe_insertion""}]"
CANCER-013	ACH-000369	MOLM-16	AML	Myeloid	Acute Myeloid Leukemia	Acute Myeloid Leukemia	AML	True	True	defining_absent	comparator	Alteration status = defining_absent	[]	[]
CANCER-013	ACH-000373	SKM-1	AML	Myeloid	Acute Myeloid Leukemia	Acute Myeloid Leukemia	AML	True	True	defining_absent	comparator	Alteration status = defining_absent	[]	[]
CANCER-013	ACH-000386	KG-1	AML	Myeloid	Acute Myeloid Leukemia	Acute Myeloid Leukemia	AML	True	True	defining_absent	comparator	Alteration status = defining_absent	[]	[]
CANCER-013	ACH-000406	U-937	AML	Myeloid	Acute Myeloid Leukemia	Acute Myeloid Leukemia	AML	True	True	defining_absent	comparator	Alteration status = defining_absent	[]	[]
CANCER-013	ACH-000439	ME-1	AML	Myeloid	Acute Myeloid Leukemia	Acute Myeloid Leukemia	AML	True	True	defining_absent	comparator	Alteration status = defining_absent	[]	[]
CANCER-013	ACH-000498	KO52	AML	Myeloid	Acute Myeloid Leukemia	Acute Myeloid Leukemia	AML	True	True	defining_absent	comparator	Alteration status = defining_absent	[]	[]
CANCER-013	ACH-000602	M-07e	AML	Myeloid	Acute Myeloid Leukemia	Acute Myeloid Leukemia	AML	True	True	defining_absent	comparator	Alteration status = defining_absent	[]	[]
CANCER-013	ACH-000751	OCI-M1	AML	Myeloid	Acute Myeloid Leukemia	Acute Myeloid Leukemia	AML	True	True	defining_absent	comparator	Alteration status = defining_absent	[]	[]
CANCER-013	ACH-000770	P31/FUJ	AML	Myeloid	Acute Myeloid Leukemia	Acute Myeloid Leukemia	AML	True	True	defining_absent	comparator	Alteration status = defining_absent	[]	[]
CANCER-013	ACH-001574	MOLM-14	AML	Myeloid	Acute Myeloid Leukemia	Acute Myeloid Leukemia	AML	True	True	defining_present	context	Alteration status = defining_present	"[{""DNAChange"": ""ENST00000241453.12:c.1775_1795dup"", ""GeneSymbol"": ""FLT3"", ""HessDriver"": ""False"", ""Hotspot"": ""True"", ""ProteinChange"": ""p.E598_Y599insFDFREYE"", ""VariantClassification"": ""insertion"", ""VariantInfo"": ""inframe_insertion""}]"	"[{""DNAChange"": ""ENST00000241453.12:c.1775_1795dup"", ""GeneSymbol"": ""FLT3"", ""Hotspot"": ""False"", ""ProteinChange"": ""p.E598_Y599insFDFREYE"", ""VariantClassification"": ""insertion"", ""VariantInfo"": ""inframe_insertion""}]"
CANCER-013	ACH-001577	MUTZ-8	AML	Myeloid	Acute Myeloid Leukemia	Acute Myeloid Leukemia	AML	True	True	defining_absent	comparator	Alteration status = defining_absent	[]	[]
CANCER-013	ACH-001613	OCI-AML4	AML	Myeloid	Acute Myeloid Leukemia	Acute Myeloid Leukemia	AML	True	True	defining_absent	comparator	Alteration status = defining_absent	[]	[]
CANCER-013	ACH-001618	OCI-M2	AML	Myeloid	Acute Myeloid Leukemia	Acute Myeloid Leukemia	AML	True	True	defining_absent	comparator	Alteration status = defining_absent	[]	[]
CANCER-013	ACH-001647	SHI-1	AML	Myeloid	Acute Myeloid Leukemia	Acute Myeloid Leukemia	AML	True	True	defining_absent	comparator	Alteration status = defining_absent	[]	[]
CANCER-013	ACH-001656	SKNO-1	AML	Myeloid	Acute Myeloid Leukemia	Acute Myeloid Leukemia	AML	True	True	defining_absent	comparator	Alteration status = defining_absent	[]	[]
CANCER-013	ACH-002218	CESS	AML	Myeloid	Acute Myeloid Leukemia	Acute Myeloid Leukemia	AML	True	True	defining_absent	comparator	Alteration status = defining_absent	[]	[]
CANCER-013	ACH-002258	KMOE-2	AML	Myeloid	Acute Myeloid Leukemia	Acute Myeloid Leukemia	AML	True	True	defining_absent	comparator	Alteration status = defining_absent	[]	[]
CANCER-013	ACH-002273	ML-2	AML	Myeloid	Acute Myeloid Leukemia	Acute Myeloid Leukemia	AML	True	True	defining_absent	comparator	Alteration status = defining_absent	[]	[]
CANCER-013	ACH-002290	NKM-1	AML	Myeloid	Acute Myeloid Leukemia	Acute Myeloid Leukemia	AML	True	True	defining_absent	comparator	Alteration status = defining_absent	[]	[]
CANCER-013	ACH-002299	QIMR-WIL	AML	Myeloid	Acute Myeloid Leukemia	Acute Myeloid Leukemia	AML	True	True	defining_absent	comparator	Alteration status = defining_absent	[]	[]
CANCER-013	ACH-002651	FKH-1	AML	Myeloid	Acute Myeloid Leukemia	Acute Myeloid Leukemia	AML	True	True	defining_absent	comparator	Alteration status = defining_absent	[]	[]
CANCER-013	ACH-002668	KASUMI-3	AML	Myeloid	Acute Myeloid Leukemia	Acute Myeloid Leukemia	AML	True	True	defining_absent	comparator	Alteration status = defining_absent	[]	[]
CANCER-013	ACH-002675	SH-2	AML	Myeloid	Acute Myeloid Leukemia	Acute Myeloid Leukemia	AML	True	True	defining_absent	comparator	Alteration status = defining_absent	[]	[]
CANCER-013	ACH-002709	CMS	AML	Myeloid	Acute Myeloid Leukemia	Acute Myeloid Leukemia	AML	True	True	defining_absent	comparator	Alteration status = defining_absent	[]	[]
CANCER-013	ACH-002946	UKE-1	AML	Myeloid	Acute Myeloid Leukemia	Acute Myeloid Leukemia	AML	True	True	defining_absent	comparator	Alteration status = defining_absent	[]	[]
CANCER-013	ACH-002994	WSU-AML	AML	Myeloid	Acute Myeloid Leukemia	Acute Myeloid Leukemia	AML	True	True	defining_absent	comparator	Alteration status = defining_absent	[]	[]
CANCER-013	ACH-003273	CHRF-288-11	AML	Myeloid	Acute Myeloid Leukemia	Acute Myeloid Leukemia	AML	True	True	defining_absent	comparator	Alteration status = defining_absent	[]	[]
