cancer_id	target_kras_variant	model_id	cell_line_name	depmap_model_type	oncotree_lineage	oncotree_primary_disease	oncotree_subtype	oncotree_code	sequencing_available	kras_status	assigned_group	assignment_reason	target_variants_json	other_kras_variants_json
CANCER-001	p.G12C	ACH-000012	HCC-827	LUAD	Lung	Non-Small Cell Lung Cancer	Lung Adenocarcinoma	LUAD	True	kras_wildtype_proxy	kras_wildtype_proxy	Sequenced model with no KRAS variant record; used as KRAS WT proxy	[]	[]
CANCER-001	p.G12C	ACH-000021	NCI-H1693	LUAD	Lung	Non-Small Cell Lung Cancer	Lung Adenocarcinoma	LUAD	True	kras_wildtype_proxy	kras_wildtype_proxy	Sequenced model with no KRAS variant record; used as KRAS WT proxy	[]	[]
CANCER-001	p.G12C	ACH-000029	HCC-827-GR5	LUAD	Lung	Non-Small Cell Lung Cancer	Lung Adenocarcinoma	LUAD	True	kras_wildtype_proxy	kras_wildtype_proxy	Sequenced model with no KRAS variant record; used as KRAS WT proxy	[]	[]
CANCER-001	p.G12C	ACH-000030	PC-14	LUAD	Lung	Non-Small Cell Lung Cancer	Lung Adenocarcinoma	LUAD	True	kras_wildtype_proxy	kras_wildtype_proxy	Sequenced model with no KRAS variant record; used as KRAS WT proxy	[]	[]
CANCER-001	p.G12C	ACH-000033	NCI-H1819	LUAD	Lung	Non-Small Cell Lung Cancer	Lung Adenocarcinoma	LUAD	False	unsequenced	excluded	No default WES/WGS profile in OmicsProfiles.csv	[]	[]
CANCER-001	p.G12C	ACH-000062	RERF-LC-MS	LUAD	Lung	Non-Small Cell Lung Cancer	Lung Adenocarcinoma	LUAD	True	kras_wildtype_proxy	kras_wildtype_proxy	Sequenced model with no KRAS variant record; used as KRAS WT proxy	[]	[]
CANCER-001	p.G12C	ACH-000066	HCC4006	LUAD	Lung	Non-Small Cell Lung Cancer	Lung Adenocarcinoma	LUAD	True	kras_wildtype_proxy	kras_wildtype_proxy	Sequenced model with no KRAS variant record; used as KRAS WT proxy	[]	[]
CANCER-001	p.G12C	ACH-000109	NCI-H3255	LUAD	Lung	Non-Small Cell Lung Cancer	Lung Adenocarcinoma	LUAD	True	kras_wildtype_proxy	kras_wildtype_proxy	Sequenced model with no KRAS variant record; used as KRAS WT proxy	[]	[]
CANCER-001	p.G12C	ACH-000121	NCI-H2405	LUAD	Lung	Non-Small Cell Lung Cancer	Lung Adenocarcinoma	LUAD	True	kras_wildtype_proxy	kras_wildtype_proxy	Sequenced model with no KRAS variant record; used as KRAS WT proxy	[]	[]
CANCER-001	p.G12C	ACH-000150	HCC2935	LUAD	Lung	Non-Small Cell Lung Cancer	Lung Adenocarcinoma	LUAD	True	kras_wildtype_proxy	kras_wildtype_proxy	Sequenced model with no KRAS variant record; used as KRAS WT proxy	[]	[]
CANCER-001	p.G12C	ACH-000161	COR-L105	LUAD	Lung	Non-Small Cell Lung Cancer	Lung Adenocarcinoma	LUAD	True	kras_wildtype_proxy	kras_wildtype_proxy	Sequenced model with no KRAS variant record; used as KRAS WT proxy	[]	[]
CANCER-001	p.G12C	ACH-000264	Calu-6	LUAD	Lung	Non-Small Cell Lung Cancer	Lung Adenocarcinoma	LUAD	True	other_kras_driver_hotspot	other_kras_driver_hotspot	Non-target KRAS variant with DepMap driver/hotspot annotation	[]	"[{""DNAChange"": ""ENST00000311936.8:c.180_181delinsCA"", ""GeneSymbol"": ""KRAS"", ""HessDriver"": ""False"", ""Hotspot"": ""True"", ""ProteinChange"": ""p.Q61K"", ""VariantClassification"": ""substitution"", ""VariantInfo"": ""missense_variant""}, {""DNAChange"": ""ENST00000311936.8:c.180_181delinsCA"", ""GeneSymbol"": ""KRAS"", ""Hotspot"": ""True"", ""ProteinChange"": ""p.Q61K"", ""VariantClassification"": ""substitution"", ""VariantInfo"": ""missense_variant""}]"
CANCER-001	p.G12C	ACH-000282	NCI-H1755	LUAD	Lung	Non-Small Cell Lung Cancer	Lung Adenocarcinoma	LUAD	False	unsequenced	excluded	No default WES/WGS profile in OmicsProfiles.csv	[]	[]
CANCER-001	p.G12C	ACH-000309	SK-LU-1	LUAD	Lung	Non-Small Cell Lung Cancer	Lung Adenocarcinoma	LUAD	True	other_kras_driver_hotspot	other_kras_driver_hotspot	Non-target KRAS variant with DepMap driver/hotspot annotation	[]	"[{""DNAChange"": ""ENST00000311936.8:c.35G>A"", ""GeneSymbol"": ""KRAS"", ""HessDriver"": ""Y"", ""Hotspot"": ""True"", ""ProteinChange"": ""p.G12D"", ""VariantClassification"": ""SNV"", ""VariantInfo"": ""missense_variant""}]"
CANCER-001	p.G12C	ACH-000311	NCI-H2122	LUAD	Lung	Non-Small Cell Lung Cancer	Lung Adenocarcinoma	LUAD	True	target_variant	target_variant	Exact configured KRAS target variant p.G12C detected	"[{""DNAChange"": ""ENST00000311936.8:c.34G>T"", ""GeneSymbol"": ""KRAS"", ""HessDriver"": ""True"", ""Hotspot"": ""True"", ""ProteinChange"": ""p.G12C"", ""VariantClassification"": ""SNV"", ""VariantInfo"": ""missense_variant""}, {""DNAChange"": ""ENST00000311936.8:c.34G>T"", ""GeneSymbol"": ""KRAS"", ""HessDriver"": ""Y"", ""Hotspot"": ""True"", ""ProteinChange"": ""p.G12C"", ""VariantClassification"": ""SNV"", ""VariantInfo"": ""missense_variant""}]"	[]
CANCER-001	p.G12C	ACH-000314	HCC-2108	LUAD	Lung	Non-Small Cell Lung Cancer	Lung Adenocarcinoma	LUAD	True	other_kras_driver_hotspot	other_kras_driver_hotspot	Non-target KRAS variant with DepMap driver/hotspot annotation	[]	"[{""DNAChange"": ""ENST00000311936.8:c.183A>C"", ""GeneSymbol"": ""KRAS"", ""HessDriver"": ""True"", ""Hotspot"": ""True"", ""ProteinChange"": ""p.Q61H"", ""VariantClassification"": ""SNV"", ""VariantInfo"": ""missense_variant""}]"
CANCER-001	p.G12C	ACH-000327	NCI-H1395	LUAD	Lung	Non-Small Cell Lung Cancer	Lung Adenocarcinoma	LUAD	True	kras_wildtype_proxy	kras_wildtype_proxy	Sequenced model with no KRAS variant record; used as KRAS WT proxy	[]	[]
CANCER-001	p.G12C	ACH-000337	NCI-H3122	LUAD	Lung	Non-Small Cell Lung Cancer	Lung Adenocarcinoma	LUAD	True	kras_wildtype_proxy	kras_wildtype_proxy	Sequenced model with no KRAS variant record; used as KRAS WT proxy	[]	[]
CANCER-001	p.G12C	ACH-000339	HCC-461	LUAD	Lung	Non-Small Cell Lung Cancer	Lung Adenocarcinoma	LUAD	True	other_kras_driver_hotspot	other_kras_driver_hotspot	Non-target KRAS variant with DepMap driver/hotspot annotation	[]	"[{""DNAChange"": ""ENST00000311936.8:c.35G>A"", ""GeneSymbol"": ""KRAS"", ""HessDriver"": ""Y"", ""Hotspot"": ""True"", ""ProteinChange"": ""p.G12D"", ""VariantClassification"": ""SNV"", ""VariantInfo"": ""missense_variant""}]"
CANCER-001	p.G12C	ACH-000343	NCI-H522	LUAD	Lung	Non-Small Cell Lung Cancer	Lung Adenocarcinoma	LUAD	True	kras_wildtype_proxy	kras_wildtype_proxy	Sequenced model with no KRAS variant record; used as KRAS WT proxy	[]	[]
CANCER-001	p.G12C	ACH-000379	NCI-H1781	LUAD	Lung	Non-Small Cell Lung Cancer	Lung Adenocarcinoma	LUAD	True	kras_wildtype_proxy	kras_wildtype_proxy	Sequenced model with no KRAS variant record; used as KRAS WT proxy	[]	[]
CANCER-001	p.G12C	ACH-000392	Calu-3	LUAD	Lung	Non-Small Cell Lung Cancer	Lung Adenocarcinoma	LUAD	True	kras_wildtype_proxy	kras_wildtype_proxy	Sequenced model with no KRAS variant record; used as KRAS WT proxy	[]	[]
CANCER-001	p.G12C	ACH-000414	NCI-H1944	LUAD	Lung	Non-Small Cell Lung Cancer	Lung Adenocarcinoma	LUAD	True	other_kras_driver_hotspot	other_kras_driver_hotspot	Non-target KRAS variant with DepMap driver/hotspot annotation	[]	"[{""DNAChange"": ""ENST00000311936.8:c.38G>A"", ""GeneSymbol"": ""KRAS"", ""HessDriver"": ""Y"", ""Hotspot"": ""True"", ""ProteinChange"": ""p.G13D"", ""VariantClassification"": ""SNV"", ""VariantInfo"": ""missense_variant""}, {""DNAChange"": ""ENST00000311936.8:c.38G>A"", ""GeneSymbol"": ""KRAS"", ""HessDriver"": ""Y"", ""Hotspot"": ""True"", ""ProteinChange"": ""p.G13D"", ""VariantClassification"": ""SNV"", ""VariantInfo"": ""missense_variant""}]"
CANCER-001	p.G12C	ACH-000416	NCI-H838	LUAD	Lung	Non-Small Cell Lung Cancer	Lung Adenocarcinoma	LUAD	True	kras_wildtype_proxy	kras_wildtype_proxy	Sequenced model with no KRAS variant record; used as KRAS WT proxy	[]	[]
CANCER-001	p.G12C	ACH-000447	NCI-H2228	LUAD	Lung	Non-Small Cell Lung Cancer	Lung Adenocarcinoma	LUAD	True	kras_wildtype_proxy	kras_wildtype_proxy	Sequenced model with no KRAS variant record; used as KRAS WT proxy	[]	[]
CANCER-001	p.G12C	ACH-000448	NCI-H1666	LUAD	Lung	Non-Small Cell Lung Cancer	Lung Adenocarcinoma	LUAD	True	kras_wildtype_proxy	kras_wildtype_proxy	Sequenced model with no KRAS variant record; used as KRAS WT proxy	[]	[]
CANCER-001	p.G12C	ACH-000451	NCI-H2085	LUAD	Lung	Non-Small Cell Lung Cancer	Lung Adenocarcinoma	LUAD	True	kras_wildtype_proxy	kras_wildtype_proxy	Sequenced model with no KRAS variant record; used as KRAS WT proxy	[]	[]
CANCER-001	p.G12C	ACH-000482	RERF-LC-KJ	LUAD	Lung	Non-Small Cell Lung Cancer	Lung Adenocarcinoma	LUAD	True	kras_wildtype_proxy	kras_wildtype_proxy	Sequenced model with no KRAS variant record; used as KRAS WT proxy	[]	[]
CANCER-001	p.G12C	ACH-000496	NCI-H1792	LUAD	Lung	Non-Small Cell Lung Cancer	Lung Adenocarcinoma	LUAD	True	target_variant	target_variant	Exact configured KRAS target variant p.G12C detected	"[{""DNAChange"": ""ENST00000311936.8:c.34G>T"", ""GeneSymbol"": ""KRAS"", ""HessDriver"": ""True"", ""Hotspot"": ""True"", ""ProteinChange"": ""p.G12C"", ""VariantClassification"": ""SNV"", ""VariantInfo"": ""missense_variant""}, {""DNAChange"": ""ENST00000311936.8:c.34G>T"", ""GeneSymbol"": ""KRAS"", ""HessDriver"": ""Y"", ""Hotspot"": ""True"", ""ProteinChange"": ""p.G12C"", ""VariantClassification"": ""SNV"", ""VariantInfo"": ""missense_variant""}]"	[]
CANCER-001	p.G12C	ACH-000521	NCI-H2030	LUAD	Lung	Non-Small Cell Lung Cancer	Lung Adenocarcinoma	LUAD	True	target_variant	target_variant	Exact configured KRAS target variant p.G12C detected	"[{""DNAChange"": ""ENST00000311936.8:c.34G>T"", ""GeneSymbol"": ""KRAS"", ""HessDriver"": ""True"", ""Hotspot"": ""True"", ""ProteinChange"": ""p.G12C"", ""VariantClassification"": ""SNV"", ""VariantInfo"": ""missense_variant""}, {""DNAChange"": ""ENST00000311936.8:c.34G>T"", ""GeneSymbol"": ""KRAS"", ""HessDriver"": ""Y"", ""Hotspot"": ""True"", ""ProteinChange"": ""p.G12C"", ""VariantClassification"": ""SNV"", ""VariantInfo"": ""missense_variant""}]"	[]
CANCER-001	p.G12C	ACH-000528	ABC-1	LUAD	Lung	Non-Small Cell Lung Cancer	Lung Adenocarcinoma	LUAD	True	kras_wildtype_proxy	kras_wildtype_proxy	Sequenced model with no KRAS variant record; used as KRAS WT proxy	[]	[]
CANCER-001	p.G12C	ACH-000562	HCC-78	LUAD	Lung	Non-Small Cell Lung Cancer	Lung Adenocarcinoma	LUAD	True	kras_wildtype_proxy	kras_wildtype_proxy	Sequenced model with no KRAS variant record; used as KRAS WT proxy	[]	[]
CANCER-001	p.G12C	ACH-000575	HCC-364	LUAD	Lung	Non-Small Cell Lung Cancer	Lung Adenocarcinoma	LUAD	False	unsequenced	excluded	No default WES/WGS profile in OmicsProfiles.csv	[]	[]
CANCER-001	p.G12C	ACH-000578	HCC-1171	LUAD	Lung	Non-Small Cell Lung Cancer	Lung Adenocarcinoma	LUAD	False	unsequenced	excluded	No default WES/WGS profile in OmicsProfiles.csv	[]	[]
CANCER-001	p.G12C	ACH-000587	NCI-H1975	LUAD	Lung	Non-Small Cell Lung Cancer	Lung Adenocarcinoma	LUAD	True	kras_wildtype_proxy	kras_wildtype_proxy	Sequenced model with no KRAS variant record; used as KRAS WT proxy	[]	[]
CANCER-001	p.G12C	ACH-000589	NCI-H1437	LUAD	Lung	Non-Small Cell Lung Cancer	Lung Adenocarcinoma	LUAD	True	kras_wildtype_proxy	kras_wildtype_proxy	Sequenced model with no KRAS variant record; used as KRAS WT proxy	[]	[]
CANCER-001	p.G12C	ACH-000590	NCI-H2073	LUAD	Lung	Non-Small Cell Lung Cancer	Lung Adenocarcinoma	LUAD	True	kras_wildtype_proxy	kras_wildtype_proxy	Sequenced model with no KRAS variant record; used as KRAS WT proxy	[]	[]
CANCER-001	p.G12C	ACH-000638	NCI-H441	LUAD	Lung	Non-Small Cell Lung Cancer	Lung Adenocarcinoma	LUAD	True	other_kras_driver_hotspot	other_kras_driver_hotspot	Non-target KRAS variant with DepMap driver/hotspot annotation	[]	"[{""DNAChange"": ""ENST00000311936.8:c.35G>T"", ""GeneSymbol"": ""KRAS"", ""HessDriver"": ""Y"", ""Hotspot"": ""True"", ""ProteinChange"": ""p.G12V"", ""VariantClassification"": ""SNV"", ""VariantInfo"": ""missense_variant""}]"
CANCER-001	p.G12C	ACH-000666	NCI-H1355	LUAD	Lung	Non-Small Cell Lung Cancer	Lung Adenocarcinoma	LUAD	True	other_kras_driver_hotspot	other_kras_driver_hotspot	Non-target KRAS variant with DepMap driver/hotspot annotation	[]	"[{""DNAChange"": ""ENST00000311936.8:c.37G>T"", ""GeneSymbol"": ""KRAS"", ""HessDriver"": ""True"", ""Hotspot"": ""True"", ""ProteinChange"": ""p.G13C"", ""VariantClassification"": ""SNV"", ""VariantInfo"": ""missense_variant""}, {""DNAChange"": ""ENST00000311936.8:c.37G>T"", ""GeneSymbol"": ""KRAS"", ""HessDriver"": ""Y"", ""Hotspot"": ""True"", ""ProteinChange"": ""p.G13C"", ""VariantClassification"": ""SNV"", ""VariantInfo"": ""missense_variant""}]"
CANCER-001	p.G12C	ACH-000667	HCC-44	LUAD	Lung	Non-Small Cell Lung Cancer	Lung Adenocarcinoma	LUAD	True	target_variant	target_variant	Exact configured KRAS target variant p.G12C detected	"[{""DNAChange"": ""ENST00000311936.8:c.34G>T"", ""GeneSymbol"": ""KRAS"", ""HessDriver"": ""True"", ""Hotspot"": ""True"", ""ProteinChange"": ""p.G12C"", ""VariantClassification"": ""SNV"", ""VariantInfo"": ""missense_variant""}, {""DNAChange"": ""ENST00000311936.8:c.34G>T"", ""GeneSymbol"": ""KRAS"", ""HessDriver"": ""Y"", ""Hotspot"": ""True"", ""ProteinChange"": ""p.G12C"", ""VariantClassification"": ""SNV"", ""VariantInfo"": ""missense_variant""}]"	[]
CANCER-001	p.G12C	ACH-000675	NCI-H1734	LUAD	Lung	Non-Small Cell Lung Cancer	Lung Adenocarcinoma	LUAD	True	other_kras_driver_hotspot	other_kras_driver_hotspot	Non-target KRAS variant with DepMap driver/hotspot annotation	[]	"[{""DNAChange"": ""ENST00000311936.8:c.37G>T"", ""GeneSymbol"": ""KRAS"", ""HessDriver"": ""Y"", ""Hotspot"": ""True"", ""ProteinChange"": ""p.G13C"", ""VariantClassification"": ""SNV"", ""VariantInfo"": ""missense_variant""}]"
CANCER-001	p.G12C	ACH-000677	SW 1573	LUAD	Lung	Non-Small Cell Lung Cancer	Lung Adenocarcinoma	LUAD	True	target_variant	target_variant	Exact configured KRAS target variant p.G12C detected	"[{""DNAChange"": ""ENST00000311936.8:c.34G>T"", ""GeneSymbol"": ""KRAS"", ""HessDriver"": ""Y"", ""Hotspot"": ""True"", ""ProteinChange"": ""p.G12C"", ""VariantClassification"": ""SNV"", ""VariantInfo"": ""missense_variant""}, {""DNAChange"": ""ENST00000311936.8:c.34G>T"", ""GeneSymbol"": ""KRAS"", ""HessDriver"": ""Y"", ""Hotspot"": ""True"", ""ProteinChange"": ""p.G12C"", ""VariantClassification"": ""SNV"", ""VariantInfo"": ""missense_variant""}]"	[]
CANCER-001	p.G12C	ACH-000681	A549	LUAD	Lung	Non-Small Cell Lung Cancer	Lung Adenocarcinoma	LUAD	True	other_kras_driver_hotspot	other_kras_driver_hotspot	Non-target KRAS variant with DepMap driver/hotspot annotation	[]	"[{""DNAChange"": ""ENST00000311936.8:c.34G>A"", ""GeneSymbol"": ""KRAS"", ""HessDriver"": ""True"", ""Hotspot"": ""True"", ""ProteinChange"": ""p.G12S"", ""VariantClassification"": ""SNV"", ""VariantInfo"": ""missense_variant""}, {""DNAChange"": ""ENST00000311936.8:c.34G>A"", ""GeneSymbol"": ""KRAS"", ""HessDriver"": ""Y"", ""Hotspot"": ""True"", ""ProteinChange"": ""p.G12S"", ""VariantClassification"": ""SNV"", ""VariantInfo"": ""missense_variant""}]"
CANCER-001	p.G12C	ACH-000706	EKVX	LUAD	Lung	Non-Small Cell Lung Cancer	Lung Adenocarcinoma	LUAD	True	kras_wildtype_proxy	kras_wildtype_proxy	Sequenced model with no KRAS variant record; used as KRAS WT proxy	[]	[]
CANCER-001	p.G12C	ACH-000712	HCC-1833	LUAD	Lung	Non-Small Cell Lung Cancer	Lung Adenocarcinoma	LUAD	True	kras_wildtype_proxy	kras_wildtype_proxy	Sequenced model with no KRAS variant record; used as KRAS WT proxy	[]	[]
CANCER-001	p.G12C	ACH-000718	NCI-H2291	LUAD	Lung	Non-Small Cell Lung Cancer	Lung Adenocarcinoma	LUAD	True	other_kras_driver_hotspot	other_kras_driver_hotspot	Non-target KRAS variant with DepMap driver/hotspot annotation	[]	"[{""DNAChange"": ""ENST00000311936.8:c.34_35delinsTT"", ""GeneSymbol"": ""KRAS"", ""HessDriver"": ""False"", ""Hotspot"": ""True"", ""ProteinChange"": ""p.G12F"", ""VariantClassification"": ""substitution"", ""VariantInfo"": ""missense_variant""}, {""DNAChange"": ""ENST00000311936.8:c.34_35delinsTT"", ""GeneSymbol"": ""KRAS"", ""Hotspot"": ""True"", ""ProteinChange"": ""p.G12F"", ""VariantClassification"": ""substitution"", ""VariantInfo"": ""missense_variant""}, {""DNAChange"": ""ENST00000311936.8:c.34_35delinsTT"", ""GeneSymbol"": ""KRAS"", ""Hotspot"": ""True"", ""ProteinChange"": ""p.G12F"", ""VariantClassification"": ""substitution"", ""VariantInfo"": ""missense_variant""}]"
CANCER-001	p.G12C	ACH-000733	NCI-H1838	LUAD	Lung	Non-Small Cell Lung Cancer	Lung Adenocarcinoma	LUAD	True	kras_wildtype_proxy	kras_wildtype_proxy	Sequenced model with no KRAS variant record; used as KRAS WT proxy	[]	[]
CANCER-001	p.G12C	ACH-000744	NCI-H1623	LUAD	Lung	Non-Small Cell Lung Cancer	Lung Adenocarcinoma	LUAD	True	kras_wildtype_proxy	kras_wildtype_proxy	Sequenced model with no KRAS variant record; used as KRAS WT proxy	[]	[]
CANCER-001	p.G12C	ACH-000757	A427	LUAD	Lung	Non-Small Cell Lung Cancer	Lung Adenocarcinoma	LUAD	True	other_kras_driver_hotspot	other_kras_driver_hotspot	Non-target KRAS variant with DepMap driver/hotspot annotation	[]	"[{""DNAChange"": ""ENST00000311936.8:c.35G>A"", ""GeneSymbol"": ""KRAS"", ""HessDriver"": ""Y"", ""Hotspot"": ""True"", ""ProteinChange"": ""p.G12D"", ""VariantClassification"": ""SNV"", ""VariantInfo"": ""missense_variant""}, {""DNAChange"": ""ENST00000311936.8:c.35G>A"", ""GeneSymbol"": ""KRAS"", ""HessDriver"": ""Y"", ""Hotspot"": ""True"", ""ProteinChange"": ""p.G12D"", ""VariantClassification"": ""SNV"", ""VariantInfo"": ""missense_variant""}]"
CANCER-001	p.G12C	ACH-000766	NCI-H1648	LUAD	Lung	Non-Small Cell Lung Cancer	Lung Adenocarcinoma	LUAD	True	kras_wildtype_proxy	kras_wildtype_proxy	Sequenced model with no KRAS variant record; used as KRAS WT proxy	[]	[]
CANCER-001	p.G12C	ACH-000774	RERF-LC-Ad2	LUAD	Lung	Non-Small Cell Lung Cancer	Lung Adenocarcinoma	LUAD	True	other_kras_driver_hotspot	other_kras_driver_hotspot	Non-target KRAS variant with DepMap driver/hotspot annotation	[]	"[{""DNAChange"": ""ENST00000311936.8:c.35G>T"", ""GeneSymbol"": ""KRAS"", ""HessDriver"": ""Y"", ""Hotspot"": ""True"", ""ProteinChange"": ""p.G12V"", ""VariantClassification"": ""SNV"", ""VariantInfo"": ""missense_variant""}]"
CANCER-001	p.G12C	ACH-000779	PC-9	LUAD	Lung	Non-Small Cell Lung Cancer	Lung Adenocarcinoma	LUAD	True	kras_wildtype_proxy	kras_wildtype_proxy	Sequenced model with no KRAS variant record; used as KRAS WT proxy	[]	[]
CANCER-001	p.G12C	ACH-000781	NCI-H2023	LUAD	Lung	Non-Small Cell Lung Cancer	Lung Adenocarcinoma	LUAD	True	kras_wildtype_proxy	kras_wildtype_proxy	Sequenced model with no KRAS variant record; used as KRAS WT proxy	[]	[]
CANCER-001	p.G12C	ACH-000785	NCI-H2126	LUAD	Lung	Non-Small Cell Lung Cancer	Lung Adenocarcinoma	LUAD	True	kras_wildtype_proxy	kras_wildtype_proxy	Sequenced model with no KRAS variant record; used as KRAS WT proxy	[]	[]
CANCER-001	p.G12C	ACH-000787	LXF-289	LUAD	Lung	Non-Small Cell Lung Cancer	Lung Adenocarcinoma	LUAD	True	kras_wildtype_proxy	kras_wildtype_proxy	Sequenced model with no KRAS variant record; used as KRAS WT proxy	[]	[]
CANCER-001	p.G12C	ACH-000791	RERF-LC-Ad1	LUAD	Lung	Non-Small Cell Lung Cancer	Lung Adenocarcinoma	LUAD	True	other_kras_driver_hotspot	other_kras_driver_hotspot	Non-target KRAS variant with DepMap driver/hotspot annotation	[]	"[{""DNAChange"": ""ENST00000311936.8:c.35G>C"", ""GeneSymbol"": ""KRAS"", ""HessDriver"": ""True"", ""Hotspot"": ""True"", ""ProteinChange"": ""p.G12A"", ""VariantClassification"": ""SNV"", ""VariantInfo"": ""missense_variant""}, {""DNAChange"": ""ENST00000311936.8:c.35G>C"", ""GeneSymbol"": ""KRAS"", ""HessDriver"": ""Y"", ""Hotspot"": ""True"", ""ProteinChange"": ""p.G12A"", ""VariantClassification"": ""SNV"", ""VariantInfo"": ""missense_variant""}]"
CANCER-001	p.G12C	ACH-000837	NCI-H322	LUAD	Lung	Non-Small Cell Lung Cancer	Lung Adenocarcinoma	LUAD	True	kras_wildtype_proxy	kras_wildtype_proxy	Sequenced model with no KRAS variant record; used as KRAS WT proxy	[]	[]
CANCER-001	p.G12C	ACH-000841	NCI-H2087	LUAD	Lung	Non-Small Cell Lung Cancer	Lung Adenocarcinoma	LUAD	True	kras_wildtype_proxy	kras_wildtype_proxy	Sequenced model with no KRAS variant record; used as KRAS WT proxy	[]	[]
CANCER-001	p.G12C	ACH-000845	NCI-H1373	LUAD	Lung	Non-Small Cell Lung Cancer	Lung Adenocarcinoma	LUAD	True	target_variant	target_variant	Exact configured KRAS target variant p.G12C detected	"[{""DNAChange"": ""ENST00000311936.8:c.34G>T"", ""GeneSymbol"": ""KRAS"", ""HessDriver"": ""True"", ""Hotspot"": ""True"", ""ProteinChange"": ""p.G12C"", ""VariantClassification"": ""SNV"", ""VariantInfo"": ""missense_variant""}, {""DNAChange"": ""ENST00000311936.8:c.34G>T"", ""GeneSymbol"": ""KRAS"", ""HessDriver"": ""Y"", ""Hotspot"": ""True"", ""ProteinChange"": ""p.G12C"", ""VariantClassification"": ""SNV"", ""VariantInfo"": ""missense_variant""}]"	[]
CANCER-001	p.G12C	ACH-000851	MOR/CPR	LUAD	Lung	Non-Small Cell Lung Cancer	Lung Adenocarcinoma	LUAD	True	other_kras_driver_hotspot	other_kras_driver_hotspot	Non-target KRAS variant with DepMap driver/hotspot annotation	[]	"[{""DNAChange"": ""ENST00000311936.8:c.37G>T"", ""GeneSymbol"": ""KRAS"", ""HessDriver"": ""Y"", ""Hotspot"": ""True"", ""ProteinChange"": ""p.G13C"", ""VariantClassification"": ""SNV"", ""VariantInfo"": ""missense_variant""}]"
CANCER-001	p.G12C	ACH-000852	NCI-H1435	LUAD	Lung	Non-Small Cell Lung Cancer	Lung Adenocarcinoma	LUAD	True	kras_wildtype_proxy	kras_wildtype_proxy	Sequenced model with no KRAS variant record; used as KRAS WT proxy	[]	[]
CANCER-001	p.G12C	ACH-000860	NCI-H358	LUAD	Lung	Non-Small Cell Lung Cancer	Lung Adenocarcinoma	LUAD	True	target_variant	target_variant	Exact configured KRAS target variant p.G12C detected	"[{""DNAChange"": ""ENST00000311936.8:c.34G>T"", ""GeneSymbol"": ""KRAS"", ""HessDriver"": ""Y"", ""Hotspot"": ""True"", ""ProteinChange"": ""p.G12C"", ""VariantClassification"": ""SNV"", ""VariantInfo"": ""missense_variant""}]"	[]
CANCER-001	p.G12C	ACH-000861	HOP-62	LUAD	Lung	Non-Small Cell Lung Cancer	Lung Adenocarcinoma	LUAD	True	target_variant	target_variant	Exact configured KRAS target variant p.G12C detected	"[{""DNAChange"": ""ENST00000311936.8:c.34G>T"", ""GeneSymbol"": ""KRAS"", ""HessDriver"": ""True"", ""Hotspot"": ""True"", ""ProteinChange"": ""p.G12C"", ""VariantClassification"": ""SNV"", ""VariantInfo"": ""missense_variant""}, {""DNAChange"": ""ENST00000311936.8:c.34G>T"", ""GeneSymbol"": ""KRAS"", ""HessDriver"": ""Y"", ""Hotspot"": ""True"", ""ProteinChange"": ""p.G12C"", ""VariantClassification"": ""SNV"", ""VariantInfo"": ""missense_variant""}]"	[]
CANCER-001	p.G12C	ACH-000869	NCI-H1568	LUAD	Lung	Non-Small Cell Lung Cancer	Lung Adenocarcinoma	LUAD	True	kras_wildtype_proxy	kras_wildtype_proxy	Sequenced model with no KRAS variant record; used as KRAS WT proxy	[]	[]
CANCER-001	p.G12C	ACH-000872	HCC515	LUAD	Lung	Non-Small Cell Lung Cancer	Lung Adenocarcinoma	LUAD	True	other_kras_driver_hotspot	other_kras_driver_hotspot	Non-target KRAS variant with DepMap driver/hotspot annotation	[]	"[{""DNAChange"": ""ENST00000311936.8:c.38G>A"", ""GeneSymbol"": ""KRAS"", ""HessDriver"": ""True"", ""Hotspot"": ""True"", ""ProteinChange"": ""p.G13D"", ""VariantClassification"": ""SNV"", ""VariantInfo"": ""missense_variant""}, {""DNAChange"": ""ENST00000311936.8:c.38G>A"", ""GeneSymbol"": ""KRAS"", ""HessDriver"": ""Y"", ""Hotspot"": ""True"", ""ProteinChange"": ""p.G13D"", ""VariantClassification"": ""SNV"", ""VariantInfo"": ""missense_variant""}]"
CANCER-001	p.G12C	ACH-000875	NCI-H2347	LUAD	Lung	Non-Small Cell Lung Cancer	Lung Adenocarcinoma	LUAD	True	other_kras_driver_hotspot	other_kras_driver_hotspot	Non-target KRAS variant with DepMap driver/hotspot annotation	[]	"[{""DNAChange"": ""ENST00000311936.8:c.57G>T"", ""GeneSymbol"": ""KRAS"", ""Hotspot"": ""True"", ""ProteinChange"": ""p.L19F"", ""VariantClassification"": ""SNV"", ""VariantInfo"": ""missense_variant""}]"
CANCER-001	p.G12C	ACH-000886	NCI-H2009	LUAD	Lung	Non-Small Cell Lung Cancer	Lung Adenocarcinoma	LUAD	True	other_kras_driver_hotspot	other_kras_driver_hotspot	Non-target KRAS variant with DepMap driver/hotspot annotation	[]	"[{""DNAChange"": ""ENST00000311936.8:c.35G>C"", ""GeneSymbol"": ""KRAS"", ""HessDriver"": ""Y"", ""Hotspot"": ""True"", ""ProteinChange"": ""p.G12A"", ""VariantClassification"": ""SNV"", ""VariantInfo"": ""missense_variant""}]"
CANCER-001	p.G12C	ACH-000888	NCI-H1793	LUAD	Lung	Non-Small Cell Lung Cancer	Lung Adenocarcinoma	LUAD	True	kras_wildtype_proxy	kras_wildtype_proxy	Sequenced model with no KRAS variant record; used as KRAS WT proxy	[]	[]
CANCER-001	p.G12C	ACH-000892	NCI-H1563	LUAD	Lung	Non-Small Cell Lung Cancer	Lung Adenocarcinoma	LUAD	True	kras_wildtype_proxy	kras_wildtype_proxy	Sequenced model with no KRAS variant record; used as KRAS WT proxy	[]	[]
CANCER-001	p.G12C	ACH-000893	NCI-H1651	LUAD	Lung	Non-Small Cell Lung Cancer	Lung Adenocarcinoma	LUAD	True	kras_wildtype_proxy	kras_wildtype_proxy	Sequenced model with no KRAS variant record; used as KRAS WT proxy	[]	[]
CANCER-001	p.G12C	ACH-000900	NCI-H23	LUAD	Lung	Non-Small Cell Lung Cancer	Lung Adenocarcinoma	LUAD	True	target_variant	target_variant	Exact configured KRAS target variant p.G12C detected	"[{""DNAChange"": ""ENST00000311936.8:c.34G>T"", ""GeneSymbol"": ""KRAS"", ""HessDriver"": ""True"", ""Hotspot"": ""True"", ""ProteinChange"": ""p.G12C"", ""VariantClassification"": ""SNV"", ""VariantInfo"": ""missense_variant""}, {""DNAChange"": ""ENST00000311936.8:c.34G>T"", ""GeneSymbol"": ""KRAS"", ""HessDriver"": ""Y"", ""Hotspot"": ""True"", ""ProteinChange"": ""p.G12C"", ""VariantClassification"": ""SNV"", ""VariantInfo"": ""missense_variant""}]"	[]
CANCER-001	p.G12C	ACH-000916	NCI-H1573	LUAD	Lung	Non-Small Cell Lung Cancer	Lung Adenocarcinoma	LUAD	True	other_kras_driver_hotspot	other_kras_driver_hotspot	Non-target KRAS variant with DepMap driver/hotspot annotation	[]	"[{""DNAChange"": ""ENST00000311936.8:c.35G>C"", ""GeneSymbol"": ""KRAS"", ""HessDriver"": ""Y"", ""Hotspot"": ""True"", ""ProteinChange"": ""p.G12A"", ""VariantClassification"": ""SNV"", ""VariantInfo"": ""missense_variant""}]"
CANCER-001	p.G12C	ACH-000925	DV-90	LUAD	Lung	Non-Small Cell Lung Cancer	Lung Adenocarcinoma	LUAD	True	other_kras_driver_hotspot	other_kras_driver_hotspot	Non-target KRAS variant with DepMap driver/hotspot annotation	[]	"[{""DNAChange"": ""ENST00000311936.8:c.38G>A"", ""GeneSymbol"": ""KRAS"", ""HessDriver"": ""Y"", ""Hotspot"": ""True"", ""ProteinChange"": ""p.G13D"", ""VariantClassification"": ""SNV"", ""VariantInfo"": ""missense_variant""}]"
CANCER-001	p.G12C	ACH-000945	NCI-H650	LUAD	Lung	Non-Small Cell Lung Cancer	Lung Adenocarcinoma	LUAD	True	other_kras_driver_hotspot	other_kras_driver_hotspot	Non-target KRAS variant with DepMap driver/hotspot annotation	[]	"[{""DNAChange"": ""ENST00000311936.8:c.182A>T"", ""GeneSymbol"": ""KRAS"", ""HessDriver"": ""True"", ""Hotspot"": ""True"", ""ProteinChange"": ""p.Q61L"", ""VariantClassification"": ""SNV"", ""VariantInfo"": ""missense_variant""}, {""DNAChange"": ""ENST00000311936.8:c.182A>T"", ""GeneSymbol"": ""KRAS"", ""HessDriver"": ""Y"", ""Hotspot"": ""True"", ""ProteinChange"": ""p.Q61L"", ""VariantClassification"": ""SNV"", ""VariantInfo"": ""missense_variant""}]"
CANCER-001	p.G12C	ACH-000951	NCI-H2342	LUAD	Lung	Non-Small Cell Lung Cancer	Lung Adenocarcinoma	LUAD	True	kras_wildtype_proxy	kras_wildtype_proxy	Sequenced model with no KRAS variant record; used as KRAS WT proxy	[]	[]
CANCER-001	p.G12C	ACH-001088	HLC-1	LUAD	Lung	Non-Small Cell Lung Cancer	Lung Adenocarcinoma	LUAD	False	unsequenced	excluded	No default WES/WGS profile in OmicsProfiles.csv	[]	[]
CANCER-001	p.G12C	ACH-001137	NCI-H1993	LUAD	Lung	Non-Small Cell Lung Cancer	Lung Adenocarcinoma	LUAD	True	kras_wildtype_proxy	kras_wildtype_proxy	Sequenced model with no KRAS variant record; used as KRAS WT proxy	[]	[]
CANCER-001	p.G12C	ACH-001233	VMRC-LCD	LUAD	Lung	Non-Small Cell Lung Cancer	Lung Adenocarcinoma	LUAD	True	kras_wildtype_proxy	kras_wildtype_proxy	Sequenced model with no KRAS variant record; used as KRAS WT proxy	[]	[]
CANCER-001	p.G12C	ACH-001490	COR-L321	LUAD	Lung	Non-Small Cell Lung Cancer	Lung Adenocarcinoma	LUAD	True	kras_wildtype_proxy	kras_wildtype_proxy	Sequenced model with no KRAS variant record; used as KRAS WT proxy	[]	[]
CANCER-001	p.G12C	ACH-002089	201T	LUAD	Lung	Non-Small Cell Lung Cancer	Lung Adenocarcinoma	LUAD	True	kras_wildtype_proxy	kras_wildtype_proxy	Sequenced model with no KRAS variant record; used as KRAS WT proxy	[]	[]
CANCER-001	p.G12C	ACH-002157	LC-2-ad	LUAD	Lung	Non-Small Cell Lung Cancer	Lung Adenocarcinoma	LUAD	True	kras_wildtype_proxy	kras_wildtype_proxy	Sequenced model with no KRAS variant record; used as KRAS WT proxy	[]	[]
CANCER-001	p.G12C	ACH-002172	NCI-H322M	LUAD	Lung	Non-Small Cell Lung Cancer	Lung Adenocarcinoma	LUAD	False	unsequenced	excluded	No default WES/WGS profile in OmicsProfiles.csv	[]	[]
CANCER-001	p.G12C	ACH-002184	PC-3 [JPC-3]	LUAD	Lung	Non-Small Cell Lung Cancer	Lung Adenocarcinoma	LUAD	False	unsequenced	excluded	No default WES/WGS profile in OmicsProfiles.csv	[]	[]
CANCER-001	p.G12C	ACH-002333	HCC-827-GR	LUAD	Lung	Non-Small Cell Lung Cancer	Lung Adenocarcinoma	LUAD	False	unsequenced	excluded	No default WES/WGS profile in OmicsProfiles.csv	[]	[]
CANCER-001	p.G12C	ACH-002337	JHU-028	LUAD	Lung	Non-Small Cell Lung Cancer	Lung Adenocarcinoma	LUAD	True	other_kras_driver_hotspot	other_kras_driver_hotspot	Non-target KRAS variant with DepMap driver/hotspot annotation	[]	"[{""DNAChange"": ""ENST00000311936.8:c.34G>A"", ""GeneSymbol"": ""KRAS"", ""HessDriver"": ""Y"", ""Hotspot"": ""True"", ""ProteinChange"": ""p.G12S"", ""VariantClassification"": ""SNV"", ""VariantInfo"": ""missense_variant""}]"
CANCER-001	p.G12C	ACH-002497	NCI-H920	LUAD	Lung	Non-Small Cell Lung Cancer	Lung Adenocarcinoma	LUAD	True	kras_wildtype_proxy	kras_wildtype_proxy	Sequenced model with no KRAS variant record; used as KRAS WT proxy	[]	[]
CANCER-001	p.G12C	ACH-002522	SNU-2292	LUAD	Lung	Non-Small Cell Lung Cancer	Lung Adenocarcinoma	LUAD	True	kras_wildtype_proxy	kras_wildtype_proxy	Sequenced model with no KRAS variant record; used as KRAS WT proxy	[]	[]
CANCER-001	p.G12C	ACH-002526	SNU-1327	LUAD	Lung	Non-Small Cell Lung Cancer	Lung Adenocarcinoma	LUAD	True	kras_wildtype_proxy	kras_wildtype_proxy	Sequenced model with no KRAS variant record; used as KRAS WT proxy	[]	[]
CANCER-001	p.G12C	ACH-002531	SNU-2535	LUAD	Lung	Non-Small Cell Lung Cancer	Lung Adenocarcinoma	LUAD	True	kras_wildtype_proxy	kras_wildtype_proxy	Sequenced model with no KRAS variant record; used as KRAS WT proxy	[]	[]
CANCER-001	p.G12C	ACH-002650	ETCC-016	LUAD	Lung	Non-Small Cell Lung Cancer	Lung Adenocarcinoma	LUAD	True	kras_wildtype_proxy	kras_wildtype_proxy	Sequenced model with no KRAS variant record; used as KRAS WT proxy	[]	[]
CANCER-001	p.G12C	ACH-003012	A549_CRAF_KD	LUAD	Lung	Non-Small Cell Lung Cancer	Lung Adenocarcinoma	LUAD	True	other_kras_driver_hotspot	other_kras_driver_hotspot	Non-target KRAS variant with DepMap driver/hotspot annotation	[]	"[{""DNAChange"": ""ENST00000311936.8:c.34G>A"", ""GeneSymbol"": ""KRAS"", ""HessDriver"": ""True"", ""Hotspot"": ""True"", ""ProteinChange"": ""p.G12S"", ""VariantClassification"": ""SNV"", ""VariantInfo"": ""missense_variant""}]"
CANCER-004	p.G12D	ACH-000022	PA-TU-8988S	PAAD	Pancreas	Pancreatic Adenocarcinoma	Pancreatic Adenocarcinoma	PAAD	True	other_kras_driver_hotspot	other_kras_driver_hotspot	Non-target KRAS variant with DepMap driver/hotspot annotation	[]	"[{""DNAChange"": ""ENST00000311936.8:c.35G>T"", ""GeneSymbol"": ""KRAS"", ""HessDriver"": ""True"", ""Hotspot"": ""True"", ""ProteinChange"": ""p.G12V"", ""VariantClassification"": ""SNV"", ""VariantInfo"": ""missense_variant""}, {""DNAChange"": ""ENST00000311936.8:c.35G>T"", ""GeneSymbol"": ""KRAS"", ""HessDriver"": ""Y"", ""Hotspot"": ""True"", ""ProteinChange"": ""p.G12V"", ""VariantClassification"": ""SNV"", ""VariantInfo"": ""missense_variant""}]"
CANCER-004	p.G12D	ACH-000023	PA-TU-8988T	PAAD	Pancreas	Pancreatic Adenocarcinoma	Pancreatic Adenocarcinoma	PAAD	True	other_kras_driver_hotspot	other_kras_driver_hotspot	Non-target KRAS variant with DepMap driver/hotspot annotation	[]	"[{""DNAChange"": ""ENST00000311936.8:c.35G>T"", ""GeneSymbol"": ""KRAS"", ""HessDriver"": ""True"", ""Hotspot"": ""True"", ""ProteinChange"": ""p.G12V"", ""VariantClassification"": ""SNV"", ""VariantInfo"": ""missense_variant""}, {""DNAChange"": ""ENST00000311936.8:c.35G>T"", ""GeneSymbol"": ""KRAS"", ""HessDriver"": ""Y"", ""Hotspot"": ""True"", ""ProteinChange"": ""p.G12V"", ""VariantClassification"": ""SNV"", ""VariantInfo"": ""missense_variant""}]"
CANCER-004	p.G12D	ACH-000031	Panc 02.13	PAAD	Pancreas	Pancreatic Adenocarcinoma	Pancreatic Adenocarcinoma	PAAD	True	other_kras_driver_hotspot	other_kras_driver_hotspot	Non-target KRAS variant with DepMap driver/hotspot annotation	[]	"[{""DNAChange"": ""ENST00000311936.8:c.182A>G"", ""GeneSymbol"": ""KRAS"", ""HessDriver"": ""Y"", ""Hotspot"": ""True"", ""ProteinChange"": ""p.Q61R"", ""VariantClassification"": ""SNV"", ""VariantInfo"": ""missense_variant""}]"
CANCER-004	p.G12D	ACH-000042	Panc 02.03	PAAD	Pancreas	Pancreatic Adenocarcinoma	Pancreatic Adenocarcinoma	PAAD	True	target_variant	target_variant	Exact configured KRAS target variant p.G12D detected	"[{""DNAChange"": ""ENST00000311936.8:c.35G>A"", ""GeneSymbol"": ""KRAS"", ""HessDriver"": ""True"", ""Hotspot"": ""True"", ""ProteinChange"": ""p.G12D"", ""VariantClassification"": ""SNV"", ""VariantInfo"": ""missense_variant""}, {""DNAChange"": ""ENST00000311936.8:c.35G>A"", ""GeneSymbol"": ""KRAS"", ""HessDriver"": ""Y"", ""Hotspot"": ""True"", ""ProteinChange"": ""p.G12D"", ""VariantClassification"": ""SNV"", ""VariantInfo"": ""missense_variant""}, {""DNAChange"": ""ENST00000311936.8:c.35G>A"", ""GeneSymbol"": ""KRAS"", ""HessDriver"": ""Y"", ""Hotspot"": ""True"", ""ProteinChange"": ""p.G12D"", ""VariantClassification"": ""SNV"", ""VariantInfo"": ""missense_variant""}]"	[]
CANCER-004	p.G12D	ACH-000060	Panc 10.05	PAAD	Pancreas	Pancreatic Adenocarcinoma	Pancreatic Adenocarcinoma	PAAD	True	target_variant	target_variant	Exact configured KRAS target variant p.G12D detected	"[{""DNAChange"": ""ENST00000311936.8:c.35G>A"", ""GeneSymbol"": ""KRAS"", ""HessDriver"": ""True"", ""Hotspot"": ""True"", ""ProteinChange"": ""p.G12D"", ""VariantClassification"": ""SNV"", ""VariantInfo"": ""missense_variant""}, {""DNAChange"": ""ENST00000311936.8:c.35G>A"", ""GeneSymbol"": ""KRAS"", ""HessDriver"": ""Y"", ""Hotspot"": ""True"", ""ProteinChange"": ""p.G12D"", ""VariantClassification"": ""SNV"", ""VariantInfo"": ""missense_variant""}]"	[]
CANCER-004	p.G12D	ACH-000085	T3M-4	PAAD	Pancreas	Pancreatic Adenocarcinoma	Pancreatic Adenocarcinoma	PAAD	True	other_kras_driver_hotspot	other_kras_driver_hotspot	Non-target KRAS variant with DepMap driver/hotspot annotation	[]	"[{""DNAChange"": ""ENST00000311936.8:c.183A>C"", ""GeneSymbol"": ""KRAS"", ""HessDriver"": ""True"", ""Hotspot"": ""True"", ""ProteinChange"": ""p.Q61H"", ""VariantClassification"": ""SNV"", ""VariantInfo"": ""missense_variant""}, {""DNAChange"": ""ENST00000311936.8:c.183A>C"", ""GeneSymbol"": ""KRAS"", ""HessDriver"": ""Y"", ""Hotspot"": ""True"", ""ProteinChange"": ""p.Q61H"", ""VariantClassification"": ""SNV"", ""VariantInfo"": ""missense_variant""}]"
CANCER-004	p.G12D	ACH-000093	Panc 05.04	PAAD	Pancreas	Pancreatic Adenocarcinoma	Pancreatic Adenocarcinoma	PAAD	True	target_variant	target_variant	Exact configured KRAS target variant p.G12D detected	"[{""DNAChange"": ""ENST00000311936.8:c.35G>A"", ""GeneSymbol"": ""KRAS"", ""HessDriver"": ""True"", ""Hotspot"": ""True"", ""ProteinChange"": ""p.G12D"", ""VariantClassification"": ""SNV"", ""VariantInfo"": ""missense_variant""}, {""DNAChange"": ""ENST00000311936.8:c.35G>A"", ""GeneSymbol"": ""KRAS"", ""HessDriver"": ""True"", ""Hotspot"": ""True"", ""ProteinChange"": ""p.G12D"", ""VariantClassification"": ""SNV"", ""VariantInfo"": ""missense_variant""}, {""DNAChange"": ""ENST00000311936.8:c.35G>A"", ""GeneSymbol"": ""KRAS"", ""HessDriver"": ""Y"", ""Hotspot"": ""True"", ""ProteinChange"": ""p.G12D"", ""VariantClassification"": ""SNV"", ""VariantInfo"": ""missense_variant""}]"	[]
CANCER-004	p.G12D	ACH-000094	HPAF-II	PAAD	Pancreas	Pancreatic Adenocarcinoma	Pancreatic Adenocarcinoma	PAAD	True	target_variant	target_variant	Exact configured KRAS target variant p.G12D detected	"[{""DNAChange"": ""ENST00000311936.8:c.35G>A"", ""GeneSymbol"": ""KRAS"", ""HessDriver"": ""Y"", ""Hotspot"": ""True"", ""ProteinChange"": ""p.G12D"", ""VariantClassification"": ""SNV"", ""VariantInfo"": ""missense_variant""}]"	[]
CANCER-004	p.G12D	ACH-000107	Capan-2	PAAD	Pancreas	Pancreatic Adenocarcinoma	Pancreatic Adenocarcinoma	PAAD	True	other_kras_driver_hotspot	other_kras_driver_hotspot	Non-target KRAS variant with DepMap driver/hotspot annotation	[]	"[{""DNAChange"": ""ENST00000311936.8:c.35G>T"", ""GeneSymbol"": ""KRAS"", ""HessDriver"": ""Y"", ""Hotspot"": ""True"", ""ProteinChange"": ""p.G12V"", ""VariantClassification"": ""SNV"", ""VariantInfo"": ""missense_variant""}]"
CANCER-004	p.G12D	ACH-000114	SU.86.86	PAAD	Pancreas	Pancreatic Adenocarcinoma	Pancreatic Adenocarcinoma	PAAD	True	target_variant	target_variant	Exact configured KRAS target variant p.G12D detected	"[{""DNAChange"": ""ENST00000311936.8:c.35G>A"", ""GeneSymbol"": ""KRAS"", ""HessDriver"": ""True"", ""Hotspot"": ""True"", ""ProteinChange"": ""p.G12D"", ""VariantClassification"": ""SNV"", ""VariantInfo"": ""missense_variant""}, {""DNAChange"": ""ENST00000311936.8:c.35G>A"", ""GeneSymbol"": ""KRAS"", ""HessDriver"": ""Y"", ""Hotspot"": ""True"", ""ProteinChange"": ""p.G12D"", ""VariantClassification"": ""SNV"", ""VariantInfo"": ""missense_variant""}]"	[]
CANCER-004	p.G12D	ACH-000118	HUP-T3	PAAD	Pancreas	Pancreatic Adenocarcinoma	Pancreatic Adenocarcinoma	PAAD	True	other_kras_driver_hotspot	other_kras_driver_hotspot	Non-target KRAS variant with DepMap driver/hotspot annotation	[]	"[{""DNAChange"": ""ENST00000311936.8:c.34G>C"", ""GeneSymbol"": ""KRAS"", ""HessDriver"": ""True"", ""Hotspot"": ""True"", ""ProteinChange"": ""p.G12R"", ""VariantClassification"": ""SNV"", ""VariantInfo"": ""missense_variant""}, {""DNAChange"": ""ENST00000311936.8:c.34G>C"", ""GeneSymbol"": ""KRAS"", ""HessDriver"": ""Y"", ""Hotspot"": ""True"", ""ProteinChange"": ""p.G12R"", ""VariantClassification"": ""SNV"", ""VariantInfo"": ""missense_variant""}]"
CANCER-004	p.G12D	ACH-000138	CFPAC-1	PAAD	Pancreas	Pancreatic Adenocarcinoma	Pancreatic Adenocarcinoma	PAAD	True	other_kras_driver_hotspot	other_kras_driver_hotspot	Non-target KRAS variant with DepMap driver/hotspot annotation	[]	"[{""DNAChange"": ""ENST00000311936.8:c.35G>T"", ""GeneSymbol"": ""KRAS"", ""HessDriver"": ""Y"", ""Hotspot"": ""True"", ""ProteinChange"": ""p.G12V"", ""VariantClassification"": ""SNV"", ""VariantInfo"": ""missense_variant""}]"
CANCER-004	p.G12D	ACH-000139	Panc 03.27	PAAD	Pancreas	Pancreatic Adenocarcinoma	Pancreatic Adenocarcinoma	PAAD	True	other_kras_driver_hotspot	other_kras_driver_hotspot	Non-target KRAS variant with DepMap driver/hotspot annotation	[]	"[{""DNAChange"": ""ENST00000311936.8:c.35G>T"", ""GeneSymbol"": ""KRAS"", ""HessDriver"": ""True"", ""Hotspot"": ""True"", ""ProteinChange"": ""p.G12V"", ""VariantClassification"": ""SNV"", ""VariantInfo"": ""missense_variant""}, {""DNAChange"": ""ENST00000311936.8:c.35G>T"", ""GeneSymbol"": ""KRAS"", ""HessDriver"": ""Y"", ""Hotspot"": ""True"", ""ProteinChange"": ""p.G12V"", ""VariantClassification"": ""SNV"", ""VariantInfo"": ""missense_variant""}]"
CANCER-004	p.G12D	ACH-000155	SW 1990	PAAD	Pancreas	Pancreatic Adenocarcinoma	Pancreatic Adenocarcinoma	PAAD	True	target_variant	target_variant	Exact configured KRAS target variant p.G12D detected	"[{""DNAChange"": ""ENST00000311936.8:c.35G>A"", ""GeneSymbol"": ""KRAS"", ""HessDriver"": ""True"", ""Hotspot"": ""True"", ""ProteinChange"": ""p.G12D"", ""VariantClassification"": ""SNV"", ""VariantInfo"": ""missense_variant""}, {""DNAChange"": ""ENST00000311936.8:c.35G>A"", ""GeneSymbol"": ""KRAS"", ""HessDriver"": ""Y"", ""Hotspot"": ""True"", ""ProteinChange"": ""p.G12D"", ""VariantClassification"": ""SNV"", ""VariantInfo"": ""missense_variant""}]"	[]
CANCER-004	p.G12D	ACH-000164	PANC-1	PAAD	Pancreas	Pancreatic Adenocarcinoma	Pancreatic Adenocarcinoma	PAAD	True	target_variant	target_variant	Exact configured KRAS target variant p.G12D detected	"[{""DNAChange"": ""ENST00000311936.8:c.35G>A"", ""GeneSymbol"": ""KRAS"", ""HessDriver"": ""True"", ""Hotspot"": ""True"", ""ProteinChange"": ""p.G12D"", ""VariantClassification"": ""SNV"", ""VariantInfo"": ""missense_variant""}]"	[]
CANCER-004	p.G12D	ACH-000178	Hs 766T	PAAD	Pancreas	Pancreatic Adenocarcinoma	Pancreatic Adenocarcinoma	PAAD	True	other_kras_driver_hotspot	other_kras_driver_hotspot	Non-target KRAS variant with DepMap driver/hotspot annotation	[]	"[{""DNAChange"": ""ENST00000311936.8:c.183A>C"", ""GeneSymbol"": ""KRAS"", ""HessDriver"": ""Y"", ""Hotspot"": ""True"", ""ProteinChange"": ""p.Q61H"", ""VariantClassification"": ""SNV"", ""VariantInfo"": ""missense_variant""}, {""DNAChange"": ""ENST00000311936.8:c.183A>C"", ""GeneSymbol"": ""KRAS"", ""HessDriver"": ""Y"", ""Hotspot"": ""True"", ""ProteinChange"": ""p.Q61H"", ""VariantClassification"": ""SNV"", ""VariantInfo"": ""missense_variant""}]"
CANCER-004	p.G12D	ACH-000205	PK-59	PAAD	Pancreas	Pancreatic Adenocarcinoma	Pancreatic Adenocarcinoma	PAAD	True	target_variant	target_variant	Exact configured KRAS target variant p.G12D detected	"[{""DNAChange"": ""ENST00000311936.8:c.35G>A"", ""GeneSymbol"": ""KRAS"", ""HessDriver"": ""Y"", ""Hotspot"": ""True"", ""ProteinChange"": ""p.G12D"", ""VariantClassification"": ""SNV"", ""VariantInfo"": ""missense_variant""}]"	[]
CANCER-004	p.G12D	ACH-000213	HUP-T4	PAAD	Pancreas	Pancreatic Adenocarcinoma	Pancreatic Adenocarcinoma	PAAD	True	other_kras_driver_hotspot	other_kras_driver_hotspot	Non-target KRAS variant with DepMap driver/hotspot annotation	[]	"[{""DNAChange"": ""ENST00000311936.8:c.35G>T"", ""GeneSymbol"": ""KRAS"", ""HessDriver"": ""Y"", ""Hotspot"": ""True"", ""ProteinChange"": ""p.G12V"", ""VariantClassification"": ""SNV"", ""VariantInfo"": ""missense_variant""}]"
CANCER-004	p.G12D	ACH-000222	AsPC-1	PAAD	Pancreas	Pancreatic Adenocarcinoma	Pancreatic Adenocarcinoma	PAAD	True	target_variant	target_variant	Exact configured KRAS target variant p.G12D detected	"[{""DNAChange"": ""ENST00000311936.8:c.35G>A"", ""GeneSymbol"": ""KRAS"", ""HessDriver"": ""True"", ""Hotspot"": ""True"", ""ProteinChange"": ""p.G12D"", ""VariantClassification"": ""SNV"", ""VariantInfo"": ""missense_variant""}, {""DNAChange"": ""ENST00000311936.8:c.35G>A"", ""GeneSymbol"": ""KRAS"", ""HessDriver"": ""Y"", ""Hotspot"": ""True"", ""ProteinChange"": ""p.G12D"", ""VariantClassification"": ""SNV"", ""VariantInfo"": ""missense_variant""}]"	[]
CANCER-004	p.G12D	ACH-000235	Panc 04.03	PAAD	Pancreas	Pancreatic Adenocarcinoma	Pancreatic Adenocarcinoma	PAAD	True	target_variant	target_variant	Exact configured KRAS target variant p.G12D detected	"[{""DNAChange"": ""ENST00000311936.8:c.35G>A"", ""GeneSymbol"": ""KRAS"", ""HessDriver"": ""True"", ""Hotspot"": ""True"", ""ProteinChange"": ""p.G12D"", ""VariantClassification"": ""SNV"", ""VariantInfo"": ""missense_variant""}, {""DNAChange"": ""ENST00000311936.8:c.35G>A"", ""GeneSymbol"": ""KRAS"", ""HessDriver"": ""Y"", ""Hotspot"": ""True"", ""ProteinChange"": ""p.G12D"", ""VariantClassification"": ""SNV"", ""VariantInfo"": ""missense_variant""}, {""DNAChange"": ""ENST00000311936.8:c.35G>A"", ""GeneSymbol"": ""KRAS"", ""HessDriver"": ""Y"", ""Hotspot"": ""True"", ""ProteinChange"": ""p.G12D"", ""VariantClassification"": ""SNV"", ""VariantInfo"": ""missense_variant""}]"	[]
CANCER-004	p.G12D	ACH-000243	DAN-G	PAAD	Pancreas	Pancreatic Adenocarcinoma	Pancreatic Adenocarcinoma	PAAD	True	other_kras_driver_hotspot	other_kras_driver_hotspot	Non-target KRAS variant with DepMap driver/hotspot annotation	[]	"[{""DNAChange"": ""ENST00000311936.8:c.35G>T"", ""GeneSymbol"": ""KRAS"", ""HessDriver"": ""True"", ""Hotspot"": ""True"", ""ProteinChange"": ""p.G12V"", ""VariantClassification"": ""SNV"", ""VariantInfo"": ""missense_variant""}, {""DNAChange"": ""ENST00000311936.8:c.35G>T"", ""GeneSymbol"": ""KRAS"", ""HessDriver"": ""Y"", ""Hotspot"": ""True"", ""ProteinChange"": ""p.G12V"", ""VariantClassification"": ""SNV"", ""VariantInfo"": ""missense_variant""}]"
CANCER-004	p.G12D	ACH-000265	KP-4	PAAD	Pancreas	Pancreatic Adenocarcinoma	Pancreatic Adenocarcinoma	PAAD	True	target_variant	target_variant	Exact configured KRAS target variant p.G12D detected	"[{""DNAChange"": ""ENST00000311936.8:c.35G>A"", ""GeneSymbol"": ""KRAS"", ""HessDriver"": ""True"", ""Hotspot"": ""True"", ""ProteinChange"": ""p.G12D"", ""VariantClassification"": ""SNV"", ""VariantInfo"": ""missense_variant""}, {""DNAChange"": ""ENST00000311936.8:c.35G>A"", ""GeneSymbol"": ""KRAS"", ""HessDriver"": ""Y"", ""Hotspot"": ""True"", ""ProteinChange"": ""p.G12D"", ""VariantClassification"": ""SNV"", ""VariantInfo"": ""missense_variant""}]"	"[{""DNAChange"": ""ENST00000311936.8:c.562A>G"", ""GeneSymbol"": ""KRAS"", ""HessDriver"": ""False"", ""Hotspot"": ""False"", ""ProteinChange"": ""p.M188V"", ""VariantClassification"": ""SNV"", ""VariantInfo"": ""missense_variant""}, {""DNAChange"": ""ENST00000311936.8:c.562A>G"", ""GeneSymbol"": ""KRAS"", ""Hotspot"": ""False"", ""ProteinChange"": ""p.M188V"", ""VariantClassification"": ""SNV"", ""VariantInfo"": ""missense_variant""}]"
CANCER-004	p.G12D	ACH-000266	SNU-213	PAAD	Pancreas	Pancreatic Adenocarcinoma	Pancreatic Adenocarcinoma	PAAD	True	other_kras_driver_hotspot	other_kras_driver_hotspot	Non-target KRAS variant with DepMap driver/hotspot annotation	[]	"[{""DNAChange"": ""ENST00000311936.8:c.35G>T"", ""GeneSymbol"": ""KRAS"", ""HessDriver"": ""Y"", ""Hotspot"": ""True"", ""ProteinChange"": ""p.G12V"", ""VariantClassification"": ""SNV"", ""VariantInfo"": ""missense_variant""}]"
CANCER-004	p.G12D	ACH-000270	HPAC	PAAD	Pancreas	Pancreatic Adenocarcinoma	Pancreatic Adenocarcinoma	PAAD	True	target_variant	target_variant	Exact configured KRAS target variant p.G12D detected	"[{""DNAChange"": ""ENST00000311936.8:c.35G>A"", ""GeneSymbol"": ""KRAS"", ""HessDriver"": ""True"", ""Hotspot"": ""True"", ""ProteinChange"": ""p.G12D"", ""VariantClassification"": ""SNV"", ""VariantInfo"": ""missense_variant""}, {""DNAChange"": ""ENST00000311936.8:c.35G>A"", ""GeneSymbol"": ""KRAS"", ""HessDriver"": ""Y"", ""Hotspot"": ""True"", ""ProteinChange"": ""p.G12D"", ""VariantClassification"": ""SNV"", ""VariantInfo"": ""missense_variant""}]"	[]
CANCER-004	p.G12D	ACH-000281	KP-2	PAAD	Pancreas	Pancreatic Adenocarcinoma	Pancreatic Adenocarcinoma	PAAD	True	other_kras_driver_hotspot	other_kras_driver_hotspot	Non-target KRAS variant with DepMap driver/hotspot annotation	[]	"[{""DNAChange"": ""ENST00000311936.8:c.34G>C"", ""GeneSymbol"": ""KRAS"", ""HessDriver"": ""True"", ""Hotspot"": ""True"", ""ProteinChange"": ""p.G12R"", ""VariantClassification"": ""SNV"", ""VariantInfo"": ""missense_variant""}, {""DNAChange"": ""ENST00000311936.8:c.34G>C"", ""GeneSymbol"": ""KRAS"", ""HessDriver"": ""Y"", ""Hotspot"": ""True"", ""ProteinChange"": ""p.G12R"", ""VariantClassification"": ""SNV"", ""VariantInfo"": ""missense_variant""}]"
CANCER-004	p.G12D	ACH-000307	PK-1	PAAD	Pancreas	Pancreatic Adenocarcinoma	Pancreatic Adenocarcinoma	PAAD	True	target_variant	target_variant	Exact configured KRAS target variant p.G12D detected	"[{""DNAChange"": ""ENST00000311936.8:c.35G>A"", ""GeneSymbol"": ""KRAS"", ""HessDriver"": ""True"", ""Hotspot"": ""True"", ""ProteinChange"": ""p.G12D"", ""VariantClassification"": ""SNV"", ""VariantInfo"": ""missense_variant""}, {""DNAChange"": ""ENST00000311936.8:c.35G>A"", ""GeneSymbol"": ""KRAS"", ""HessDriver"": ""Y"", ""Hotspot"": ""True"", ""ProteinChange"": ""p.G12D"", ""VariantClassification"": ""SNV"", ""VariantInfo"": ""missense_variant""}]"	[]
CANCER-004	p.G12D	ACH-000320	PSN1	PAAD	Pancreas	Pancreatic Adenocarcinoma	Pancreatic Adenocarcinoma	PAAD	True	other_kras_driver_hotspot	other_kras_driver_hotspot	Non-target KRAS variant with DepMap driver/hotspot annotation	[]	"[{""DNAChange"": ""ENST00000311936.8:c.34G>C"", ""GeneSymbol"": ""KRAS"", ""HessDriver"": ""True"", ""Hotspot"": ""True"", ""ProteinChange"": ""p.G12R"", ""VariantClassification"": ""SNV"", ""VariantInfo"": ""missense_variant""}, {""DNAChange"": ""ENST00000311936.8:c.34G>C"", ""GeneSymbol"": ""KRAS"", ""HessDriver"": ""Y"", ""Hotspot"": ""True"", ""ProteinChange"": ""p.G12R"", ""VariantClassification"": ""SNV"", ""VariantInfo"": ""missense_variant""}]"
CANCER-004	p.G12D	ACH-000332	YAPC	PAAD	Pancreas	Pancreatic Adenocarcinoma	Pancreatic Adenocarcinoma	PAAD	True	other_kras_driver_hotspot	other_kras_driver_hotspot	Non-target KRAS variant with DepMap driver/hotspot annotation	[]	"[{""DNAChange"": ""ENST00000311936.8:c.35G>T"", ""GeneSymbol"": ""KRAS"", ""HessDriver"": ""True"", ""Hotspot"": ""True"", ""ProteinChange"": ""p.G12V"", ""VariantClassification"": ""SNV"", ""VariantInfo"": ""missense_variant""}, {""DNAChange"": ""ENST00000311936.8:c.35G>T"", ""GeneSymbol"": ""KRAS"", ""HessDriver"": ""Y"", ""Hotspot"": ""True"", ""ProteinChange"": ""p.G12V"", ""VariantClassification"": ""SNV"", ""VariantInfo"": ""missense_variant""}]"
CANCER-004	p.G12D	ACH-000354	Capan-1	PAAD	Pancreas	Pancreatic Adenocarcinoma	Pancreatic Adenocarcinoma	PAAD	True	other_kras_driver_hotspot	other_kras_driver_hotspot	Non-target KRAS variant with DepMap driver/hotspot annotation	[]	"[{""DNAChange"": ""ENST00000311936.8:c.35G>T"", ""GeneSymbol"": ""KRAS"", ""HessDriver"": ""True"", ""Hotspot"": ""True"", ""ProteinChange"": ""p.G12V"", ""VariantClassification"": ""SNV"", ""VariantInfo"": ""missense_variant""}, {""DNAChange"": ""ENST00000311936.8:c.35G>T"", ""GeneSymbol"": ""KRAS"", ""HessDriver"": ""Y"", ""Hotspot"": ""True"", ""ProteinChange"": ""p.G12V"", ""VariantClassification"": ""SNV"", ""VariantInfo"": ""missense_variant""}]"
CANCER-004	p.G12D	ACH-000417	Panc 08.13	PAAD	Pancreas	Pancreatic Adenocarcinoma	Pancreatic Adenocarcinoma	PAAD	True	target_variant	target_variant	Exact configured KRAS target variant p.G12D detected	"[{""DNAChange"": ""ENST00000311936.8:c.35G>A"", ""GeneSymbol"": ""KRAS"", ""HessDriver"": ""True"", ""Hotspot"": ""True"", ""ProteinChange"": ""p.G12D"", ""VariantClassification"": ""SNV"", ""VariantInfo"": ""missense_variant""}, {""DNAChange"": ""ENST00000311936.8:c.35G>A"", ""GeneSymbol"": ""KRAS"", ""HessDriver"": ""Y"", ""Hotspot"": ""True"", ""ProteinChange"": ""p.G12D"", ""VariantClassification"": ""SNV"", ""VariantInfo"": ""missense_variant""}]"	[]
CANCER-004	p.G12D	ACH-000468	PK-45H	PAAD	Pancreas	Pancreatic Adenocarcinoma	Pancreatic Adenocarcinoma	PAAD	True	target_variant	target_variant	Exact configured KRAS target variant p.G12D detected	"[{""DNAChange"": ""ENST00000311936.8:c.35G>A"", ""GeneSymbol"": ""KRAS"", ""HessDriver"": ""True"", ""Hotspot"": ""True"", ""ProteinChange"": ""p.G12D"", ""VariantClassification"": ""SNV"", ""VariantInfo"": ""missense_variant""}, {""DNAChange"": ""ENST00000311936.8:c.35G>A"", ""GeneSymbol"": ""KRAS"", ""HessDriver"": ""Y"", ""Hotspot"": ""True"", ""ProteinChange"": ""p.G12D"", ""VariantClassification"": ""SNV"", ""VariantInfo"": ""missense_variant""}]"	[]
CANCER-004	p.G12D	ACH-000502	TCC-PAN2	PAAD	Pancreas	Pancreatic Adenocarcinoma	Pancreatic Adenocarcinoma	PAAD	True	other_kras_driver_hotspot	other_kras_driver_hotspot	Non-target KRAS variant with DepMap driver/hotspot annotation	[]	"[{""DNAChange"": ""ENST00000311936.8:c.34G>C"", ""GeneSymbol"": ""KRAS"", ""HessDriver"": ""True"", ""Hotspot"": ""True"", ""ProteinChange"": ""p.G12R"", ""VariantClassification"": ""SNV"", ""VariantInfo"": ""missense_variant""}, {""DNAChange"": ""ENST00000311936.8:c.34G>C"", ""GeneSymbol"": ""KRAS"", ""HessDriver"": ""Y"", ""Hotspot"": ""True"", ""ProteinChange"": ""p.G12R"", ""VariantClassification"": ""SNV"", ""VariantInfo"": ""missense_variant""}]"
CANCER-004	p.G12D	ACH-000517	SNU-410	PAAD	Pancreas	Pancreatic Adenocarcinoma	Pancreatic Adenocarcinoma	PAAD	True	target_variant	target_variant	Exact configured KRAS target variant p.G12D detected	"[{""DNAChange"": ""ENST00000311936.8:c.35G>A"", ""GeneSymbol"": ""KRAS"", ""HessDriver"": ""True"", ""Hotspot"": ""True"", ""ProteinChange"": ""p.G12D"", ""VariantClassification"": ""SNV"", ""VariantInfo"": ""missense_variant""}, {""DNAChange"": ""ENST00000311936.8:c.35G>A"", ""GeneSymbol"": ""KRAS"", ""HessDriver"": ""Y"", ""Hotspot"": ""True"", ""ProteinChange"": ""p.G12D"", ""VariantClassification"": ""SNV"", ""VariantInfo"": ""missense_variant""}]"	[]
CANCER-004	p.G12D	ACH-000535	BxPC-3	PAAD	Pancreas	Pancreatic Adenocarcinoma	Pancreatic Adenocarcinoma	PAAD	True	kras_wildtype_proxy	kras_wildtype_proxy	Sequenced model with no KRAS variant record; used as KRAS WT proxy	[]	[]
CANCER-004	p.G12D	ACH-000599	PA-TU-8902	PAAD	Pancreas	Pancreatic Adenocarcinoma	Pancreatic Adenocarcinoma	PAAD	True	other_kras_driver_hotspot	other_kras_driver_hotspot	Non-target KRAS variant with DepMap driver/hotspot annotation	[]	"[{""DNAChange"": ""ENST00000311936.8:c.35G>T"", ""GeneSymbol"": ""KRAS"", ""HessDriver"": ""True"", ""Hotspot"": ""True"", ""ProteinChange"": ""p.G12V"", ""VariantClassification"": ""SNV"", ""VariantInfo"": ""missense_variant""}, {""DNAChange"": ""ENST00000311936.8:c.35G>T"", ""GeneSymbol"": ""KRAS"", ""HessDriver"": ""Y"", ""Hotspot"": ""True"", ""ProteinChange"": ""p.G12V"", ""VariantClassification"": ""SNV"", ""VariantInfo"": ""missense_variant""}, {""DNAChange"": ""ENST00000311936.8:c.35G>T"", ""GeneSymbol"": ""KRAS"", ""HessDriver"": ""Y"", ""Hotspot"": ""True"", ""ProteinChange"": ""p.G12V"", ""VariantClassification"": ""SNV"", ""VariantInfo"": ""missense_variant""}]"
CANCER-004	p.G12D	ACH-000601	MIA PaCa-2	PAAD	Pancreas	Pancreatic Adenocarcinoma	Pancreatic Adenocarcinoma	PAAD	True	other_kras_driver_hotspot	other_kras_driver_hotspot	Non-target KRAS variant with DepMap driver/hotspot annotation	[]	"[{""DNAChange"": ""ENST00000311936.8:c.34G>T"", ""GeneSymbol"": ""KRAS"", ""HessDriver"": ""True"", ""Hotspot"": ""True"", ""ProteinChange"": ""p.G12C"", ""VariantClassification"": ""SNV"", ""VariantInfo"": ""missense_variant""}, {""DNAChange"": ""ENST00000311936.8:c.34G>T"", ""GeneSymbol"": ""KRAS"", ""HessDriver"": ""Y"", ""Hotspot"": ""True"", ""ProteinChange"": ""p.G12C"", ""VariantClassification"": ""SNV"", ""VariantInfo"": ""missense_variant""}]"
CANCER-004	p.G12D	ACH-000652	SUIT-2	PAAD	Pancreas	Pancreatic Adenocarcinoma	Pancreatic Adenocarcinoma	PAAD	True	target_variant	target_variant	Exact configured KRAS target variant p.G12D detected	"[{""DNAChange"": ""ENST00000311936.8:c.35G>A"", ""GeneSymbol"": ""KRAS"", ""HessDriver"": ""True"", ""Hotspot"": ""True"", ""ProteinChange"": ""p.G12D"", ""VariantClassification"": ""SNV"", ""VariantInfo"": ""missense_variant""}, {""DNAChange"": ""ENST00000311936.8:c.35G>A"", ""GeneSymbol"": ""KRAS"", ""HessDriver"": ""Y"", ""Hotspot"": ""True"", ""ProteinChange"": ""p.G12D"", ""VariantClassification"": ""SNV"", ""VariantInfo"": ""missense_variant""}]"	[]
CANCER-004	p.G12D	ACH-000933	SNU-324	PAAD	Pancreas	Pancreatic Adenocarcinoma	Pancreatic Adenocarcinoma	PAAD	True	kras_wildtype_proxy	kras_wildtype_proxy	Sequenced model with no KRAS variant record; used as KRAS WT proxy	[]	[]
CANCER-004	p.G12D	ACH-001072	GR-M	PAAD	Pancreas	Pancreatic Adenocarcinoma	Pancreatic Adenocarcinoma	PAAD	False	unsequenced	excluded	No default WES/WGS profile in OmicsProfiles.csv	[]	[]
CANCER-004	p.G12D	ACH-001098	KCI-MOH1	PAAD	Pancreas	Pancreatic Adenocarcinoma	Pancreatic Adenocarcinoma	PAAD	True	target_variant	target_variant	Exact configured KRAS target variant p.G12D detected	"[{""DNAChange"": ""ENST00000311936.8:c.35G>A"", ""GeneSymbol"": ""KRAS"", ""HessDriver"": ""Y"", ""Hotspot"": ""True"", ""ProteinChange"": ""p.G12D"", ""VariantClassification"": ""SNV"", ""VariantInfo"": ""missense_variant""}]"	[]
CANCER-004	p.G12D	ACH-001101	KLM-1	PAAD	Pancreas	Pancreatic Adenocarcinoma	Pancreatic Adenocarcinoma	PAAD	False	unsequenced	excluded	No default WES/WGS profile in OmicsProfiles.csv	[]	[]
CANCER-004	p.G12D	ACH-001107	KP-1N	PAAD	Pancreas	Pancreatic Adenocarcinoma	Pancreatic Adenocarcinoma	PAAD	True	target_variant	target_variant	Exact configured KRAS target variant p.G12D detected	"[{""DNAChange"": ""ENST00000311936.8:c.35G>A"", ""GeneSymbol"": ""KRAS"", ""HessDriver"": ""Y"", ""Hotspot"": ""True"", ""ProteinChange"": ""p.G12D"", ""VariantClassification"": ""SNV"", ""VariantInfo"": ""missense_variant""}]"	[]
CANCER-004	p.G12D	ACH-001171	PL45	PAAD	Pancreas	Pancreatic Adenocarcinoma	Pancreatic Adenocarcinoma	PAAD	False	unsequenced	excluded	No default WES/WGS profile in OmicsProfiles.csv	[]	[]
CANCER-004	p.G12D	ACH-001353	JOPACA-1	PAAD	Pancreas	Pancreatic Adenocarcinoma	Pancreatic Adenocarcinoma	PAAD	True	other_kras_driver_hotspot	other_kras_driver_hotspot	Non-target KRAS variant with DepMap driver/hotspot annotation	[]	"[{""DNAChange"": ""ENST00000311936.8:c.35G>T"", ""GeneSymbol"": ""KRAS"", ""HessDriver"": ""Y"", ""Hotspot"": ""True"", ""ProteinChange"": ""p.G12V"", ""VariantClassification"": ""SNV"", ""VariantInfo"": ""missense_variant""}]"
CANCER-004	p.G12D	ACH-001375	PACADD-119	PAAD	Pancreas	Pancreatic Adenocarcinoma	Pancreatic Adenocarcinoma	PAAD	True	other_kras_driver_hotspot	other_kras_driver_hotspot	Non-target KRAS variant with DepMap driver/hotspot annotation	[]	"[{""DNAChange"": ""ENST00000311936.8:c.35G>C"", ""GeneSymbol"": ""KRAS"", ""HessDriver"": ""Y"", ""Hotspot"": ""True"", ""ProteinChange"": ""p.G12A"", ""VariantClassification"": ""SNV"", ""VariantInfo"": ""missense_variant""}]"
CANCER-004	p.G12D	ACH-001376	PACADD-135	PAAD	Pancreas	Pancreatic Adenocarcinoma	Pancreatic Adenocarcinoma	PAAD	True	other_kras_driver_hotspot	other_kras_driver_hotspot	Non-target KRAS variant with DepMap driver/hotspot annotation	[]	"[{""DNAChange"": ""ENST00000311936.8:c.35G>T"", ""GeneSymbol"": ""KRAS"", ""HessDriver"": ""Y"", ""Hotspot"": ""True"", ""ProteinChange"": ""p.G12V"", ""VariantClassification"": ""SNV"", ""VariantInfo"": ""missense_variant""}]"
CANCER-004	p.G12D	ACH-001377	PACADD-137	PAAD	Pancreas	Pancreatic Adenocarcinoma	Pancreatic Adenocarcinoma	PAAD	True	kras_wildtype_proxy	kras_wildtype_proxy	Sequenced model with no KRAS variant record; used as KRAS WT proxy	[]	[]
CANCER-004	p.G12D	ACH-001378	PACADD-159	PAAD	Pancreas	Pancreatic Adenocarcinoma	Pancreatic Adenocarcinoma	PAAD	True	other_kras_driver_hotspot	other_kras_driver_hotspot	Non-target KRAS variant with DepMap driver/hotspot annotation	[]	"[{""DNAChange"": ""ENST00000311936.8:c.34_35delinsAT"", ""GeneSymbol"": ""KRAS"", ""Hotspot"": ""True"", ""ProteinChange"": ""p.G12I"", ""VariantClassification"": ""substitution"", ""VariantInfo"": ""missense_variant""}]"
CANCER-004	p.G12D	ACH-001379	PACADD-161	PAAD	Pancreas	Pancreatic Adenocarcinoma	Pancreatic Adenocarcinoma	PAAD	True	other_kras_driver_hotspot	other_kras_driver_hotspot	Non-target KRAS variant with DepMap driver/hotspot annotation	[]	"[{""DNAChange"": ""ENST00000311936.8:c.35G>T"", ""GeneSymbol"": ""KRAS"", ""HessDriver"": ""Y"", ""Hotspot"": ""True"", ""ProteinChange"": ""p.G12V"", ""VariantClassification"": ""SNV"", ""VariantInfo"": ""missense_variant""}]"
CANCER-004	p.G12D	ACH-001380	PACADD-165	PAAD	Pancreas	Pancreatic Adenocarcinoma	Pancreatic Adenocarcinoma	PAAD	True	kras_wildtype_proxy	kras_wildtype_proxy	Sequenced model with no KRAS variant record; used as KRAS WT proxy	[]	[]
CANCER-004	p.G12D	ACH-001382	PACADD-188	PAAD	Pancreas	Pancreatic Adenocarcinoma	Pancreatic Adenocarcinoma	PAAD	True	target_variant	target_variant	Exact configured KRAS target variant p.G12D detected	"[{""DNAChange"": ""ENST00000311936.8:c.35G>A"", ""GeneSymbol"": ""KRAS"", ""HessDriver"": ""Y"", ""Hotspot"": ""True"", ""ProteinChange"": ""p.G12D"", ""VariantClassification"": ""SNV"", ""VariantInfo"": ""missense_variant""}]"	[]
CANCER-004	p.G12D	ACH-001999	950-5-BIK	PAAD	Pancreas	Pancreatic Adenocarcinoma	Pancreatic Adenocarcinoma	PAAD	True	other_kras_driver_hotspot	other_kras_driver_hotspot	Non-target KRAS variant with DepMap driver/hotspot annotation	[]	"[{""DNAChange"": ""ENST00000311936.8:c.35G>T"", ""GeneSymbol"": ""KRAS"", ""HessDriver"": ""Y"", ""Hotspot"": ""True"", ""ProteinChange"": ""p.G12V"", ""VariantClassification"": ""SNV"", ""VariantInfo"": ""missense_variant""}]"
CANCER-004	p.G12D	ACH-002039	PK-8	PAAD	Pancreas	Pancreatic Adenocarcinoma	Pancreatic Adenocarcinoma	PAAD	True	other_kras_driver_hotspot	other_kras_driver_hotspot	Non-target KRAS variant with DepMap driver/hotspot annotation	[]	"[{""DNAChange"": ""ENST00000311936.8:c.34G>C"", ""GeneSymbol"": ""KRAS"", ""HessDriver"": ""True"", ""Hotspot"": ""True"", ""ProteinChange"": ""p.G12R"", ""VariantClassification"": ""SNV"", ""VariantInfo"": ""missense_variant""}, {""DNAChange"": ""ENST00000311936.8:c.34G>C"", ""GeneSymbol"": ""KRAS"", ""HessDriver"": ""Y"", ""Hotspot"": ""True"", ""ProteinChange"": ""p.G12R"", ""VariantClassification"": ""SNV"", ""VariantInfo"": ""missense_variant""}]"
CANCER-004	p.G12D	ACH-002164	MZ1-PC	PAAD	Pancreas	Pancreatic Adenocarcinoma	Pancreatic Adenocarcinoma	PAAD	True	other_kras_driver_hotspot	other_kras_driver_hotspot	Non-target KRAS variant with DepMap driver/hotspot annotation	[]	"[{""DNAChange"": ""ENST00000311936.8:c.35G>T"", ""GeneSymbol"": ""KRAS"", ""HessDriver"": ""Y"", ""Hotspot"": ""True"", ""ProteinChange"": ""p.G12V"", ""VariantClassification"": ""SNV"", ""VariantInfo"": ""missense_variant""}]"
CANCER-004	p.G12D	ACH-002186	PL4	PAAD	Pancreas	Pancreatic Adenocarcinoma	Pancreatic Adenocarcinoma	PAAD	True	target_variant	target_variant	Exact configured KRAS target variant p.G12D detected	"[{""DNAChange"": ""ENST00000311936.8:c.35G>A"", ""GeneSymbol"": ""KRAS"", ""HessDriver"": ""Y"", ""Hotspot"": ""True"", ""ProteinChange"": ""p.G12D"", ""VariantClassification"": ""SNV"", ""VariantInfo"": ""missense_variant""}]"	[]
CANCER-004	p.G12D	ACH-002672	MAPAC-HS-77	PAAD	Pancreas	Pancreatic Adenocarcinoma	Pancreatic Adenocarcinoma	PAAD	True	other_kras_driver_hotspot	other_kras_driver_hotspot	Non-target KRAS variant with DepMap driver/hotspot annotation	[]	"[{""DNAChange"": ""ENST00000311936.8:c.35G>T"", ""GeneSymbol"": ""KRAS"", ""HessDriver"": ""True"", ""Hotspot"": ""True"", ""ProteinChange"": ""p.G12V"", ""VariantClassification"": ""SNV"", ""VariantInfo"": ""missense_variant""}]"
CANCER-004	p.G12D	ACH-002738	PANFR0420	PAAD	Pancreas	Pancreatic Adenocarcinoma	Pancreatic Adenocarcinoma	PAAD	False	unsequenced	excluded	No default WES/WGS profile in OmicsProfiles.csv	[]	[]
CANCER-004	p.G12D	ACH-002742	PANFR0233	PAAD	Pancreas	Pancreatic Adenocarcinoma	Pancreatic Adenocarcinoma	PAAD	False	unsequenced	excluded	No default WES/WGS profile in OmicsProfiles.csv	[]	[]
CANCER-004	p.G12D	ACH-002743	PANFR0368	PAAD	Pancreas	Pancreatic Adenocarcinoma	Pancreatic Adenocarcinoma	PAAD	False	unsequenced	excluded	No default WES/WGS profile in OmicsProfiles.csv	[]	[]
CANCER-004	p.G12D	ACH-002744	PANFR0402	PAAD	Pancreas	Pancreatic Adenocarcinoma	Pancreatic Adenocarcinoma	PAAD	False	unsequenced	excluded	No default WES/WGS profile in OmicsProfiles.csv	[]	[]
CANCER-004	p.G12D	ACH-002745	PANFR0069	PAAD	Pancreas	Pancreatic Adenocarcinoma	Pancreatic Adenocarcinoma	PAAD	False	unsequenced	excluded	No default WES/WGS profile in OmicsProfiles.csv	[]	[]
CANCER-004	p.G12D	ACH-003429	CCLF_PANC_0074_T	PAAD	Pancreas	Pancreatic Adenocarcinoma	Pancreatic Adenocarcinoma	PAAD	True	target_variant	target_variant	Exact configured KRAS target variant p.G12D detected	"[{""DNAChange"": ""ENST00000311936.8:c.35G>A"", ""GeneSymbol"": ""KRAS"", ""HessDriver"": ""Y"", ""Hotspot"": ""True"", ""ProteinChange"": ""p.G12D"", ""VariantClassification"": ""SNV"", ""VariantInfo"": ""missense_variant""}]"	[]
CANCER-004	p.G12D	ACH-003430	CCLF_PANC_0002_T	PAAD	Pancreas	Pancreatic Adenocarcinoma	Pancreatic Adenocarcinoma	PAAD	True	other_kras_driver_hotspot	other_kras_driver_hotspot	Non-target KRAS variant with DepMap driver/hotspot annotation	[]	"[{""DNAChange"": ""ENST00000311936.8:c.35G>T"", ""GeneSymbol"": ""KRAS"", ""HessDriver"": ""Y"", ""Hotspot"": ""True"", ""ProteinChange"": ""p.G12V"", ""VariantClassification"": ""SNV"", ""VariantInfo"": ""missense_variant""}]"
CANCER-004	p.G12D	ACH-003433	CCLF_PANC_0019_T	PAAD	Pancreas	Pancreatic Adenocarcinoma	Pancreatic Adenocarcinoma	PAAD	True	kras_wildtype_proxy	kras_wildtype_proxy	Sequenced model with no KRAS variant record; used as KRAS WT proxy	[]	[]
