entity_type	entity_id	field_name	value	source_name	source_record_id	source_release	source_url_or_endpoint	retrieved_at	evidence_nature	parser_version	raw_file	raw_record_hash
CancerTargetEvidence	CANCER-001|TGT-KRAS	median_gene_effect	-1.7228161254617356	DepMap CRISPR Gene Effect	EVID-0001	26Q1	https://depmap.org/portal/data_page/	2026-10-02T19:59:47.750583+00:00	Observed	depmap-m3-v0.2	data\raw\depmap\26Q1\CRISPRGeneEffect.csv	e610a4cefb13a82b5b256b47eb08b63ff14843f8dbd0fb164bc0a32688e5b89e
CancerTargetEvidence	CANCER-001|TGT-KRAS	dependency_fraction	1.0	DepMap CRISPR Gene Dependency	EVID-0001	26Q1	https://depmap.org/portal/data_page/	2026-10-02T19:59:47.750583+00:00	Observed	depmap-m3-v0.2	data\raw\depmap\26Q1\CRISPRGeneDependency.csv	5de498b8fba15897f4f4d6a93681c25d5d41fdbc29f82a5968abb113cc553308
CancerTargetEvidence	CANCER-001|TGT-KRAS	median_dependency_probability	0.9993817711374998	DepMap CRISPR Gene Dependency	EVID-0001	26Q1	https://depmap.org/portal/data_page/	2026-10-02T19:59:47.750583+00:00	Observed	depmap-m3-v0.2	data\raw\depmap\26Q1\CRISPRGeneDependency.csv	5de498b8fba15897f4f4d6a93681c25d5d41fdbc29f82a5968abb113cc553308
CancerTargetEvidence	CANCER-001|TGT-KRAS	context_models_n	9	DepMap Model + Omics	EVID-0001	26Q1	https://depmap.org/portal/data_page/	2026-10-02T19:59:47.750583+00:00	Derived	depmap-m3-v0.2	data\raw\depmap\26Q1\Model.csv	ea4e0b2a3bc806f81df62689a5ae75f1a100135727a3d7b8a4c7ccc8815183f8
CancerTargetEvidence	CANCER-001|TGT-KRAS	delta_gene_effect	-1.007543302132957	MCL DepMap analysis	EVID-0001	26Q1	https://depmap.org/portal/data_page/	2026-10-02T19:59:47.750583+00:00	Derived	depmap-m3-v0.2	data\raw\depmap\26Q1\CRISPRGeneEffect.csv	e610a4cefb13a82b5b256b47eb08b63ff14843f8dbd0fb164bc0a32688e5b89e
CancerTargetEvidence	CANCER-001|TGT-KRAS	cliffs_delta	-0.5505050505050505	MCL DepMap analysis	EVID-0001	26Q1	https://depmap.org/portal/data_page/	2026-10-02T19:59:47.750583+00:00	Derived	depmap-m3-v0.2	data\raw\depmap\26Q1\CRISPRGeneEffect.csv	e610a4cefb13a82b5b256b47eb08b63ff14843f8dbd0fb164bc0a32688e5b89e
CancerTargetEvidence	CANCER-001|TGT-KRAS	p_value	0.010162424356170591	MCL DepMap analysis	EVID-0001	26Q1	https://depmap.org/portal/data_page/	2026-10-02T19:59:47.750583+00:00	Derived	depmap-m3-v0.2	data\raw\depmap\26Q1\CRISPRGeneEffect.csv	e610a4cefb13a82b5b256b47eb08b63ff14843f8dbd0fb164bc0a32688e5b89e
CancerTargetEvidence	CANCER-001|TGT-KRAS	q_value	0.050812121780852954	MCL DepMap analysis	EVID-0001	26Q1	https://depmap.org/portal/data_page/	2026-10-02T19:59:47.750583+00:00	Derived	depmap-m3-v0.2	data\raw\depmap\26Q1\CRISPRGeneEffect.csv	e610a4cefb13a82b5b256b47eb08b63ff14843f8dbd0fb164bc0a32688e5b89e
CancerTargetEvidence	CANCER-001|TGT-KRAS	broad_dependency_fraction	0.5761589403973509	DepMap CRISPR Gene Dependency	EVID-0001	26Q1	https://depmap.org/portal/data_page/	2026-10-02T19:59:47.750583+00:00	Derived	depmap-m3-v0.2	data\raw\depmap\26Q1\CRISPRGeneDependency.csv	5de498b8fba15897f4f4d6a93681c25d5d41fdbc29f82a5968abb113cc553308
CancerTargetEvidence	CANCER-004|TGT-KRAS	median_gene_effect	-2.625605025715158	DepMap CRISPR Gene Effect	EVID-0004	26Q1	https://depmap.org/portal/data_page/	2026-10-02T19:59:47.750583+00:00	Observed	depmap-m3-v0.2	data\raw\depmap\26Q1\CRISPRGeneEffect.csv	e610a4cefb13a82b5b256b47eb08b63ff14843f8dbd0fb164bc0a32688e5b89e
CancerTargetEvidence	CANCER-004|TGT-KRAS	dependency_fraction	1.0	DepMap CRISPR Gene Dependency	EVID-0004	26Q1	https://depmap.org/portal/data_page/	2026-10-02T19:59:47.750583+00:00	Observed	depmap-m3-v0.2	data\raw\depmap\26Q1\CRISPRGeneDependency.csv	5de498b8fba15897f4f4d6a93681c25d5d41fdbc29f82a5968abb113cc553308
CancerTargetEvidence	CANCER-004|TGT-KRAS	median_dependency_probability	1.0	DepMap CRISPR Gene Dependency	EVID-0004	26Q1	https://depmap.org/portal/data_page/	2026-10-02T19:59:47.750583+00:00	Observed	depmap-m3-v0.2	data\raw\depmap\26Q1\CRISPRGeneDependency.csv	5de498b8fba15897f4f4d6a93681c25d5d41fdbc29f82a5968abb113cc553308
CancerTargetEvidence	CANCER-004|TGT-KRAS	context_models_n	22	DepMap Model + Omics	EVID-0004	26Q1	https://depmap.org/portal/data_page/	2026-10-02T19:59:47.750583+00:00	Derived	depmap-m3-v0.2	data\raw\depmap\26Q1\Model.csv	ea4e0b2a3bc806f81df62689a5ae75f1a100135727a3d7b8a4c7ccc8815183f8
CancerTargetEvidence	CANCER-004|TGT-KRAS	delta_gene_effect	-0.6049405300680637	MCL DepMap analysis	EVID-0004	26Q1	https://depmap.org/portal/data_page/	2026-10-02T19:59:47.750583+00:00	Derived	depmap-m3-v0.2	data\raw\depmap\26Q1\CRISPRGeneEffect.csv	e610a4cefb13a82b5b256b47eb08b63ff14843f8dbd0fb164bc0a32688e5b89e
CancerTargetEvidence	CANCER-004|TGT-KRAS	cliffs_delta	-0.5009746588693957	MCL DepMap analysis	EVID-0004	26Q1	https://depmap.org/portal/data_page/	2026-10-02T19:59:47.750583+00:00	Derived	depmap-m3-v0.2	data\raw\depmap\26Q1\CRISPRGeneEffect.csv	e610a4cefb13a82b5b256b47eb08b63ff14843f8dbd0fb164bc0a32688e5b89e
CancerTargetEvidence	CANCER-004|TGT-KRAS	p_value	0.004295950012326057	MCL DepMap analysis	EVID-0004	26Q1	https://depmap.org/portal/data_page/	2026-10-02T19:59:47.750583+00:00	Derived	depmap-m3-v0.2	data\raw\depmap\26Q1\CRISPRGeneEffect.csv	e610a4cefb13a82b5b256b47eb08b63ff14843f8dbd0fb164bc0a32688e5b89e
CancerTargetEvidence	CANCER-004|TGT-KRAS	q_value	0.050812121780852954	MCL DepMap analysis	EVID-0004	26Q1	https://depmap.org/portal/data_page/	2026-10-02T19:59:47.750583+00:00	Derived	depmap-m3-v0.2	data\raw\depmap\26Q1\CRISPRGeneEffect.csv	e610a4cefb13a82b5b256b47eb08b63ff14843f8dbd0fb164bc0a32688e5b89e
CancerTargetEvidence	CANCER-004|TGT-KRAS	broad_dependency_fraction	0.5761589403973509	DepMap CRISPR Gene Dependency	EVID-0004	26Q1	https://depmap.org/portal/data_page/	2026-10-02T19:59:47.750583+00:00	Derived	depmap-m3-v0.2	data\raw\depmap\26Q1\CRISPRGeneDependency.csv	5de498b8fba15897f4f4d6a93681c25d5d41fdbc29f82a5968abb113cc553308
CancerTargetEvidence	CANCER-013|TGT-FLT3	median_gene_effect	-1.5089892013523076	DepMap CRISPR Gene Effect	EVID-0009	26Q1	https://depmap.org/portal/data_page/	2026-10-02T19:59:47.750583+00:00	Observed	depmap-m3-v0.2	data\raw\depmap\26Q1\CRISPRGeneEffect.csv	e610a4cefb13a82b5b256b47eb08b63ff14843f8dbd0fb164bc0a32688e5b89e
CancerTargetEvidence	CANCER-013|TGT-FLT3	dependency_fraction	1.0	DepMap CRISPR Gene Dependency	EVID-0009	26Q1	https://depmap.org/portal/data_page/	2026-10-02T19:59:47.750583+00:00	Observed	depmap-m3-v0.2	data\raw\depmap\26Q1\CRISPRGeneDependency.csv	5de498b8fba15897f4f4d6a93681c25d5d41fdbc29f82a5968abb113cc553308
CancerTargetEvidence	CANCER-013|TGT-FLT3	median_dependency_probability	0.9998256652359936	DepMap CRISPR Gene Dependency	EVID-0009	26Q1	https://depmap.org/portal/data_page/	2026-10-02T19:59:47.750583+00:00	Observed	depmap-m3-v0.2	data\raw\depmap\26Q1\CRISPRGeneDependency.csv	5de498b8fba15897f4f4d6a93681c25d5d41fdbc29f82a5968abb113cc553308
CancerTargetEvidence	CANCER-013|TGT-FLT3	context_models_n	4	DepMap Model + Omics	EVID-0009	26Q1	https://depmap.org/portal/data_page/	2026-10-02T19:59:47.750583+00:00	Derived	depmap-m3-v0.2	data\raw\depmap\26Q1\Model.csv	ea4e0b2a3bc806f81df62689a5ae75f1a100135727a3d7b8a4c7ccc8815183f8
CancerTargetEvidence	CANCER-013|TGT-FLT3	delta_gene_effect	-1.408699331257913	MCL DepMap analysis	EVID-0009	26Q1	https://depmap.org/portal/data_page/	2026-10-02T19:59:47.750583+00:00	Derived	depmap-m3-v0.2	data\raw\depmap\26Q1\CRISPRGeneEffect.csv	e610a4cefb13a82b5b256b47eb08b63ff14843f8dbd0fb164bc0a32688e5b89e
CancerTargetEvidence	CANCER-013|TGT-FLT3	cliffs_delta	-1.0	MCL DepMap analysis	EVID-0009	26Q1	https://depmap.org/portal/data_page/	2026-10-02T19:59:47.750583+00:00	Derived	depmap-m3-v0.2	data\raw\depmap\26Q1\CRISPRGeneEffect.csv	e610a4cefb13a82b5b256b47eb08b63ff14843f8dbd0fb164bc0a32688e5b89e
CancerTargetEvidence	CANCER-013|TGT-FLT3	p_value	0.001129305477131564	MCL DepMap analysis	EVID-0009	26Q1	https://depmap.org/portal/data_page/	2026-10-02T19:59:47.750583+00:00	Derived	depmap-m3-v0.2	data\raw\depmap\26Q1\CRISPRGeneEffect.csv	e610a4cefb13a82b5b256b47eb08b63ff14843f8dbd0fb164bc0a32688e5b89e
CancerTargetEvidence	CANCER-013|TGT-FLT3	q_value	0.0282326369282891	MCL DepMap analysis	EVID-0009	26Q1	https://depmap.org/portal/data_page/	2026-10-02T19:59:47.750583+00:00	Derived	depmap-m3-v0.2	data\raw\depmap\26Q1\CRISPRGeneEffect.csv	e610a4cefb13a82b5b256b47eb08b63ff14843f8dbd0fb164bc0a32688e5b89e
CancerTargetEvidence	CANCER-013|TGT-FLT3	broad_dependency_fraction	0.01076158940397351	DepMap CRISPR Gene Dependency	EVID-0009	26Q1	https://depmap.org/portal/data_page/	2026-10-02T19:59:47.750583+00:00	Derived	depmap-m3-v0.2	data\raw\depmap\26Q1\CRISPRGeneDependency.csv	5de498b8fba15897f4f4d6a93681c25d5d41fdbc29f82a5968abb113cc553308
CancerTargetEvidence	CANCER-001|TGT-PTPN11	median_gene_effect	-0.6085698266314777	DepMap CRISPR Gene Effect	EVID-0013	26Q1	https://depmap.org/portal/data_page/	2026-10-02T19:59:47.750583+00:00	Observed	depmap-m3-v0.2	data\raw\depmap\26Q1\CRISPRGeneEffect.csv	e610a4cefb13a82b5b256b47eb08b63ff14843f8dbd0fb164bc0a32688e5b89e
CancerTargetEvidence	CANCER-001|TGT-PTPN11	dependency_fraction	0.7777777777777778	DepMap CRISPR Gene Dependency	EVID-0013	26Q1	https://depmap.org/portal/data_page/	2026-10-02T19:59:47.750583+00:00	Observed	depmap-m3-v0.2	data\raw\depmap\26Q1\CRISPRGeneDependency.csv	5de498b8fba15897f4f4d6a93681c25d5d41fdbc29f82a5968abb113cc553308
CancerTargetEvidence	CANCER-001|TGT-PTPN11	median_dependency_probability	0.6690111267635022	DepMap CRISPR Gene Dependency	EVID-0013	26Q1	https://depmap.org/portal/data_page/	2026-10-02T19:59:47.750583+00:00	Observed	depmap-m3-v0.2	data\raw\depmap\26Q1\CRISPRGeneDependency.csv	5de498b8fba15897f4f4d6a93681c25d5d41fdbc29f82a5968abb113cc553308
CancerTargetEvidence	CANCER-001|TGT-PTPN11	context_models_n	9	DepMap Model + Omics	EVID-0013	26Q1	https://depmap.org/portal/data_page/	2026-10-02T19:59:47.750583+00:00	Derived	depmap-m3-v0.2	data\raw\depmap\26Q1\Model.csv	ea4e0b2a3bc806f81df62689a5ae75f1a100135727a3d7b8a4c7ccc8815183f8
CancerTargetEvidence	CANCER-001|TGT-PTPN11	delta_gene_effect	0.17859828887866736	MCL DepMap analysis	EVID-0013	26Q1	https://depmap.org/portal/data_page/	2026-10-02T19:59:47.750583+00:00	Derived	depmap-m3-v0.2	data\raw\depmap\26Q1\CRISPRGeneEffect.csv	e610a4cefb13a82b5b256b47eb08b63ff14843f8dbd0fb164bc0a32688e5b89e
CancerTargetEvidence	CANCER-001|TGT-PTPN11	cliffs_delta	0.29292929292929293	MCL DepMap analysis	EVID-0013	26Q1	https://depmap.org/portal/data_page/	2026-10-02T19:59:47.750583+00:00	Derived	depmap-m3-v0.2	data\raw\depmap\26Q1\CRISPRGeneEffect.csv	e610a4cefb13a82b5b256b47eb08b63ff14843f8dbd0fb164bc0a32688e5b89e
CancerTargetEvidence	CANCER-001|TGT-PTPN11	p_value	0.173161378143721	MCL DepMap analysis	EVID-0013	26Q1	https://depmap.org/portal/data_page/	2026-10-02T19:59:47.750583+00:00	Derived	depmap-m3-v0.2	data\raw\depmap\26Q1\CRISPRGeneEffect.csv	e610a4cefb13a82b5b256b47eb08b63ff14843f8dbd0fb164bc0a32688e5b89e
CancerTargetEvidence	CANCER-001|TGT-PTPN11	q_value	0.4810038281770028	MCL DepMap analysis	EVID-0013	26Q1	https://depmap.org/portal/data_page/	2026-10-02T19:59:47.750583+00:00	Derived	depmap-m3-v0.2	data\raw\depmap\26Q1\CRISPRGeneEffect.csv	e610a4cefb13a82b5b256b47eb08b63ff14843f8dbd0fb164bc0a32688e5b89e
CancerTargetEvidence	CANCER-001|TGT-PTPN11	broad_dependency_fraction	0.7044701986754967	DepMap CRISPR Gene Dependency	EVID-0013	26Q1	https://depmap.org/portal/data_page/	2026-10-02T19:59:47.750583+00:00	Derived	depmap-m3-v0.2	data\raw\depmap\26Q1\CRISPRGeneDependency.csv	5de498b8fba15897f4f4d6a93681c25d5d41fdbc29f82a5968abb113cc553308
CancerTargetEvidence	CANCER-001|TGT-SOS1	median_gene_effect	-0.0762692572418572	DepMap CRISPR Gene Effect	EVID-0014	26Q1	https://depmap.org/portal/data_page/	2026-10-02T19:59:47.750583+00:00	Observed	depmap-m3-v0.2	data\raw\depmap\26Q1\CRISPRGeneEffect.csv	e610a4cefb13a82b5b256b47eb08b63ff14843f8dbd0fb164bc0a32688e5b89e
CancerTargetEvidence	CANCER-001|TGT-SOS1	dependency_fraction	0.0	DepMap CRISPR Gene Dependency	EVID-0014	26Q1	https://depmap.org/portal/data_page/	2026-10-02T19:59:47.750583+00:00	Observed	depmap-m3-v0.2	data\raw\depmap\26Q1\CRISPRGeneDependency.csv	5de498b8fba15897f4f4d6a93681c25d5d41fdbc29f82a5968abb113cc553308
CancerTargetEvidence	CANCER-001|TGT-SOS1	median_dependency_probability	0.0388641656034314	DepMap CRISPR Gene Dependency	EVID-0014	26Q1	https://depmap.org/portal/data_page/	2026-10-02T19:59:47.750583+00:00	Observed	depmap-m3-v0.2	data\raw\depmap\26Q1\CRISPRGeneDependency.csv	5de498b8fba15897f4f4d6a93681c25d5d41fdbc29f82a5968abb113cc553308
CancerTargetEvidence	CANCER-001|TGT-SOS1	context_models_n	9	DepMap Model + Omics	EVID-0014	26Q1	https://depmap.org/portal/data_page/	2026-10-02T19:59:47.750583+00:00	Derived	depmap-m3-v0.2	data\raw\depmap\26Q1\Model.csv	ea4e0b2a3bc806f81df62689a5ae75f1a100135727a3d7b8a4c7ccc8815183f8
CancerTargetEvidence	CANCER-001|TGT-SOS1	delta_gene_effect	0.1947235263222455	MCL DepMap analysis	EVID-0014	26Q1	https://depmap.org/portal/data_page/	2026-10-02T19:59:47.750583+00:00	Derived	depmap-m3-v0.2	data\raw\depmap\26Q1\CRISPRGeneEffect.csv	e610a4cefb13a82b5b256b47eb08b63ff14843f8dbd0fb164bc0a32688e5b89e
CancerTargetEvidence	CANCER-001|TGT-SOS1	cliffs_delta	0.5606060606060606	MCL DepMap analysis	EVID-0014	26Q1	https://depmap.org/portal/data_page/	2026-10-02T19:59:47.750583+00:00	Derived	depmap-m3-v0.2	data\raw\depmap\26Q1\CRISPRGeneEffect.csv	e610a4cefb13a82b5b256b47eb08b63ff14843f8dbd0fb164bc0a32688e5b89e
CancerTargetEvidence	CANCER-001|TGT-SOS1	p_value	0.00885424903574364	MCL DepMap analysis	EVID-0014	26Q1	https://depmap.org/portal/data_page/	2026-10-02T19:59:47.750583+00:00	Derived	depmap-m3-v0.2	data\raw\depmap\26Q1\CRISPRGeneEffect.csv	e610a4cefb13a82b5b256b47eb08b63ff14843f8dbd0fb164bc0a32688e5b89e
CancerTargetEvidence	CANCER-001|TGT-SOS1	q_value	0.050812121780852954	MCL DepMap analysis	EVID-0014	26Q1	https://depmap.org/portal/data_page/	2026-10-02T19:59:47.750583+00:00	Derived	depmap-m3-v0.2	data\raw\depmap\26Q1\CRISPRGeneEffect.csv	e610a4cefb13a82b5b256b47eb08b63ff14843f8dbd0fb164bc0a32688e5b89e
CancerTargetEvidence	CANCER-001|TGT-SOS1	broad_dependency_fraction	0.1837748344370861	DepMap CRISPR Gene Dependency	EVID-0014	26Q1	https://depmap.org/portal/data_page/	2026-10-02T19:59:47.750583+00:00	Derived	depmap-m3-v0.2	data\raw\depmap\26Q1\CRISPRGeneDependency.csv	5de498b8fba15897f4f4d6a93681c25d5d41fdbc29f82a5968abb113cc553308
CancerTargetEvidence	CANCER-001|TGT-GRB2	median_gene_effect	-0.7843523921140622	DepMap CRISPR Gene Effect	EVID-0015	26Q1	https://depmap.org/portal/data_page/	2026-10-02T19:59:47.750583+00:00	Observed	depmap-m3-v0.2	data\raw\depmap\26Q1\CRISPRGeneEffect.csv	e610a4cefb13a82b5b256b47eb08b63ff14843f8dbd0fb164bc0a32688e5b89e
CancerTargetEvidence	CANCER-001|TGT-GRB2	dependency_fraction	0.7777777777777778	DepMap CRISPR Gene Dependency	EVID-0015	26Q1	https://depmap.org/portal/data_page/	2026-10-02T19:59:47.750583+00:00	Observed	depmap-m3-v0.2	data\raw\depmap\26Q1\CRISPRGeneDependency.csv	5de498b8fba15897f4f4d6a93681c25d5d41fdbc29f82a5968abb113cc553308
CancerTargetEvidence	CANCER-001|TGT-GRB2	median_dependency_probability	0.8730200559051822	DepMap CRISPR Gene Dependency	EVID-0015	26Q1	https://depmap.org/portal/data_page/	2026-10-02T19:59:47.750583+00:00	Observed	depmap-m3-v0.2	data\raw\depmap\26Q1\CRISPRGeneDependency.csv	5de498b8fba15897f4f4d6a93681c25d5d41fdbc29f82a5968abb113cc553308
CancerTargetEvidence	CANCER-001|TGT-GRB2	context_models_n	9	DepMap Model + Omics	EVID-0015	26Q1	https://depmap.org/portal/data_page/	2026-10-02T19:59:47.750583+00:00	Derived	depmap-m3-v0.2	data\raw\depmap\26Q1\Model.csv	ea4e0b2a3bc806f81df62689a5ae75f1a100135727a3d7b8a4c7ccc8815183f8
CancerTargetEvidence	CANCER-001|TGT-GRB2	delta_gene_effect	0.32560743131974335	MCL DepMap analysis	EVID-0015	26Q1	https://depmap.org/portal/data_page/	2026-10-02T19:59:47.750583+00:00	Derived	depmap-m3-v0.2	data\raw\depmap\26Q1\CRISPRGeneEffect.csv	e610a4cefb13a82b5b256b47eb08b63ff14843f8dbd0fb164bc0a32688e5b89e
CancerTargetEvidence	CANCER-001|TGT-GRB2	cliffs_delta	0.3787878787878788	MCL DepMap analysis	EVID-0015	26Q1	https://depmap.org/portal/data_page/	2026-10-02T19:59:47.750583+00:00	Derived	depmap-m3-v0.2	data\raw\depmap\26Q1\CRISPRGeneEffect.csv	e610a4cefb13a82b5b256b47eb08b63ff14843f8dbd0fb164bc0a32688e5b89e
CancerTargetEvidence	CANCER-001|TGT-GRB2	p_value	0.07759265173621739	MCL DepMap analysis	EVID-0015	26Q1	https://depmap.org/portal/data_page/	2026-10-02T19:59:47.750583+00:00	Derived	depmap-m3-v0.2	data\raw\depmap\26Q1\CRISPRGeneEffect.csv	e610a4cefb13a82b5b256b47eb08b63ff14843f8dbd0fb164bc0a32688e5b89e
CancerTargetEvidence	CANCER-001|TGT-GRB2	q_value	0.2771166133436335	MCL DepMap analysis	EVID-0015	26Q1	https://depmap.org/portal/data_page/	2026-10-02T19:59:47.750583+00:00	Derived	depmap-m3-v0.2	data\raw\depmap\26Q1\CRISPRGeneEffect.csv	e610a4cefb13a82b5b256b47eb08b63ff14843f8dbd0fb164bc0a32688e5b89e
CancerTargetEvidence	CANCER-001|TGT-GRB2	broad_dependency_fraction	0.7475165562913907	DepMap CRISPR Gene Dependency	EVID-0015	26Q1	https://depmap.org/portal/data_page/	2026-10-02T19:59:47.750583+00:00	Derived	depmap-m3-v0.2	data\raw\depmap\26Q1\CRISPRGeneDependency.csv	5de498b8fba15897f4f4d6a93681c25d5d41fdbc29f82a5968abb113cc553308
CancerTargetEvidence	CANCER-001|TGT-MET	median_gene_effect	0.0123990305563227	DepMap CRISPR Gene Effect	EVID-0016	26Q1	https://depmap.org/portal/data_page/	2026-10-02T19:59:47.750583+00:00	Observed	depmap-m3-v0.2	data\raw\depmap\26Q1\CRISPRGeneEffect.csv	e610a4cefb13a82b5b256b47eb08b63ff14843f8dbd0fb164bc0a32688e5b89e
CancerTargetEvidence	CANCER-001|TGT-MET	dependency_fraction	0.0	DepMap CRISPR Gene Dependency	EVID-0016	26Q1	https://depmap.org/portal/data_page/	2026-10-02T19:59:47.750583+00:00	Observed	depmap-m3-v0.2	data\raw\depmap\26Q1\CRISPRGeneDependency.csv	5de498b8fba15897f4f4d6a93681c25d5d41fdbc29f82a5968abb113cc553308
CancerTargetEvidence	CANCER-001|TGT-MET	median_dependency_probability	0.0196242252261008	DepMap CRISPR Gene Dependency	EVID-0016	26Q1	https://depmap.org/portal/data_page/	2026-10-02T19:59:47.750583+00:00	Observed	depmap-m3-v0.2	data\raw\depmap\26Q1\CRISPRGeneDependency.csv	5de498b8fba15897f4f4d6a93681c25d5d41fdbc29f82a5968abb113cc553308
CancerTargetEvidence	CANCER-001|TGT-MET	context_models_n	9	DepMap Model + Omics	EVID-0016	26Q1	https://depmap.org/portal/data_page/	2026-10-02T19:59:47.750583+00:00	Derived	depmap-m3-v0.2	data\raw\depmap\26Q1\Model.csv	ea4e0b2a3bc806f81df62689a5ae75f1a100135727a3d7b8a4c7ccc8815183f8
CancerTargetEvidence	CANCER-001|TGT-MET	delta_gene_effect	0.0266030137413205	MCL DepMap analysis	EVID-0016	26Q1	https://depmap.org/portal/data_page/	2026-10-02T19:59:47.750583+00:00	Derived	depmap-m3-v0.2	data\raw\depmap\26Q1\CRISPRGeneEffect.csv	e610a4cefb13a82b5b256b47eb08b63ff14843f8dbd0fb164bc0a32688e5b89e
CancerTargetEvidence	CANCER-001|TGT-MET	cliffs_delta	0.3434343434343434	MCL DepMap analysis	EVID-0016	26Q1	https://depmap.org/portal/data_page/	2026-10-02T19:59:47.750583+00:00	Derived	depmap-m3-v0.2	data\raw\depmap\26Q1\CRISPRGeneEffect.csv	e610a4cefb13a82b5b256b47eb08b63ff14843f8dbd0fb164bc0a32688e5b89e
CancerTargetEvidence	CANCER-001|TGT-MET	p_value	0.10981940881523722	MCL DepMap analysis	EVID-0016	26Q1	https://depmap.org/portal/data_page/	2026-10-02T19:59:47.750583+00:00	Derived	depmap-m3-v0.2	data\raw\depmap\26Q1\CRISPRGeneEffect.csv	e610a4cefb13a82b5b256b47eb08b63ff14843f8dbd0fb164bc0a32688e5b89e
CancerTargetEvidence	CANCER-001|TGT-MET	q_value	0.3431856525476163	MCL DepMap analysis	EVID-0016	26Q1	https://depmap.org/portal/data_page/	2026-10-02T19:59:47.750583+00:00	Derived	depmap-m3-v0.2	data\raw\depmap\26Q1\CRISPRGeneEffect.csv	e610a4cefb13a82b5b256b47eb08b63ff14843f8dbd0fb164bc0a32688e5b89e
CancerTargetEvidence	CANCER-001|TGT-MET	broad_dependency_fraction	0.027317880794701987	DepMap CRISPR Gene Dependency	EVID-0016	26Q1	https://depmap.org/portal/data_page/	2026-10-02T19:59:47.750583+00:00	Derived	depmap-m3-v0.2	data\raw\depmap\26Q1\CRISPRGeneDependency.csv	5de498b8fba15897f4f4d6a93681c25d5d41fdbc29f82a5968abb113cc553308
CancerTargetEvidence	CANCER-001|TGT-BRAF	median_gene_effect	-0.0262625620524134	DepMap CRISPR Gene Effect	EVID-0017	26Q1	https://depmap.org/portal/data_page/	2026-10-02T19:59:47.750583+00:00	Observed	depmap-m3-v0.2	data\raw\depmap\26Q1\CRISPRGeneEffect.csv	e610a4cefb13a82b5b256b47eb08b63ff14843f8dbd0fb164bc0a32688e5b89e
CancerTargetEvidence	CANCER-001|TGT-BRAF	dependency_fraction	0.0	DepMap CRISPR Gene Dependency	EVID-0017	26Q1	https://depmap.org/portal/data_page/	2026-10-02T19:59:47.750583+00:00	Observed	depmap-m3-v0.2	data\raw\depmap\26Q1\CRISPRGeneDependency.csv	5de498b8fba15897f4f4d6a93681c25d5d41fdbc29f82a5968abb113cc553308
CancerTargetEvidence	CANCER-001|TGT-BRAF	median_dependency_probability	0.0240096355191732	DepMap CRISPR Gene Dependency	EVID-0017	26Q1	https://depmap.org/portal/data_page/	2026-10-02T19:59:47.750583+00:00	Observed	depmap-m3-v0.2	data\raw\depmap\26Q1\CRISPRGeneDependency.csv	5de498b8fba15897f4f4d6a93681c25d5d41fdbc29f82a5968abb113cc553308
CancerTargetEvidence	CANCER-001|TGT-BRAF	context_models_n	9	DepMap Model + Omics	EVID-0017	26Q1	https://depmap.org/portal/data_page/	2026-10-02T19:59:47.750583+00:00	Derived	depmap-m3-v0.2	data\raw\depmap\26Q1\Model.csv	ea4e0b2a3bc806f81df62689a5ae75f1a100135727a3d7b8a4c7ccc8815183f8
CancerTargetEvidence	CANCER-001|TGT-BRAF	delta_gene_effect	0.013310940944311605	MCL DepMap analysis	EVID-0017	26Q1	https://depmap.org/portal/data_page/	2026-10-02T19:59:47.750583+00:00	Derived	depmap-m3-v0.2	data\raw\depmap\26Q1\CRISPRGeneEffect.csv	e610a4cefb13a82b5b256b47eb08b63ff14843f8dbd0fb164bc0a32688e5b89e
CancerTargetEvidence	CANCER-001|TGT-BRAF	cliffs_delta	0.22727272727272727	MCL DepMap analysis	EVID-0017	26Q1	https://depmap.org/portal/data_page/	2026-10-02T19:59:47.750583+00:00	Derived	depmap-m3-v0.2	data\raw\depmap\26Q1\CRISPRGeneEffect.csv	e610a4cefb13a82b5b256b47eb08b63ff14843f8dbd0fb164bc0a32688e5b89e
CancerTargetEvidence	CANCER-001|TGT-BRAF	p_value	0.29181008303411016	MCL DepMap analysis	EVID-0017	26Q1	https://depmap.org/portal/data_page/	2026-10-02T19:59:47.750583+00:00	Derived	depmap-m3-v0.2	data\raw\depmap\26Q1\CRISPRGeneEffect.csv	e610a4cefb13a82b5b256b47eb08b63ff14843f8dbd0fb164bc0a32688e5b89e
CancerTargetEvidence	CANCER-001|TGT-BRAF	q_value	0.7295252075852754	MCL DepMap analysis	EVID-0017	26Q1	https://depmap.org/portal/data_page/	2026-10-02T19:59:47.750583+00:00	Derived	depmap-m3-v0.2	data\raw\depmap\26Q1\CRISPRGeneEffect.csv	e610a4cefb13a82b5b256b47eb08b63ff14843f8dbd0fb164bc0a32688e5b89e
CancerTargetEvidence	CANCER-001|TGT-BRAF	broad_dependency_fraction	0.09519867549668874	DepMap CRISPR Gene Dependency	EVID-0017	26Q1	https://depmap.org/portal/data_page/	2026-10-02T19:59:47.750583+00:00	Derived	depmap-m3-v0.2	data\raw\depmap\26Q1\CRISPRGeneDependency.csv	5de498b8fba15897f4f4d6a93681c25d5d41fdbc29f82a5968abb113cc553308
CancerTargetEvidence	CANCER-001|TGT-MAP2K1	median_gene_effect	-0.1272577942223448	DepMap CRISPR Gene Effect	EVID-0018	26Q1	https://depmap.org/portal/data_page/	2026-10-02T19:59:47.750583+00:00	Observed	depmap-m3-v0.2	data\raw\depmap\26Q1\CRISPRGeneEffect.csv	e610a4cefb13a82b5b256b47eb08b63ff14843f8dbd0fb164bc0a32688e5b89e
CancerTargetEvidence	CANCER-001|TGT-MAP2K1	dependency_fraction	0.0	DepMap CRISPR Gene Dependency	EVID-0018	26Q1	https://depmap.org/portal/data_page/	2026-10-02T19:59:47.750583+00:00	Observed	depmap-m3-v0.2	data\raw\depmap\26Q1\CRISPRGeneDependency.csv	5de498b8fba15897f4f4d6a93681c25d5d41fdbc29f82a5968abb113cc553308
CancerTargetEvidence	CANCER-001|TGT-MAP2K1	median_dependency_probability	0.0725053571389732	DepMap CRISPR Gene Dependency	EVID-0018	26Q1	https://depmap.org/portal/data_page/	2026-10-02T19:59:47.750583+00:00	Observed	depmap-m3-v0.2	data\raw\depmap\26Q1\CRISPRGeneDependency.csv	5de498b8fba15897f4f4d6a93681c25d5d41fdbc29f82a5968abb113cc553308
CancerTargetEvidence	CANCER-001|TGT-MAP2K1	context_models_n	9	DepMap Model + Omics	EVID-0018	26Q1	https://depmap.org/portal/data_page/	2026-10-02T19:59:47.750583+00:00	Derived	depmap-m3-v0.2	data\raw\depmap\26Q1\Model.csv	ea4e0b2a3bc806f81df62689a5ae75f1a100135727a3d7b8a4c7ccc8815183f8
CancerTargetEvidence	CANCER-001|TGT-MAP2K1	delta_gene_effect	0.014706882602064819	MCL DepMap analysis	EVID-0018	26Q1	https://depmap.org/portal/data_page/	2026-10-02T19:59:47.750583+00:00	Derived	depmap-m3-v0.2	data\raw\depmap\26Q1\CRISPRGeneEffect.csv	e610a4cefb13a82b5b256b47eb08b63ff14843f8dbd0fb164bc0a32688e5b89e
CancerTargetEvidence	CANCER-001|TGT-MAP2K1	cliffs_delta	0.06565656565656566	MCL DepMap analysis	EVID-0018	26Q1	https://depmap.org/portal/data_page/	2026-10-02T19:59:47.750583+00:00	Derived	depmap-m3-v0.2	data\raw\depmap\26Q1\CRISPRGeneEffect.csv	e610a4cefb13a82b5b256b47eb08b63ff14843f8dbd0fb164bc0a32688e5b89e
CancerTargetEvidence	CANCER-001|TGT-MAP2K1	p_value	0.7671444690634368	MCL DepMap analysis	EVID-0018	26Q1	https://depmap.org/portal/data_page/	2026-10-02T19:59:47.750583+00:00	Derived	depmap-m3-v0.2	data\raw\depmap\26Q1\CRISPRGeneEffect.csv	e610a4cefb13a82b5b256b47eb08b63ff14843f8dbd0fb164bc0a32688e5b89e
CancerTargetEvidence	CANCER-001|TGT-MAP2K1	q_value	0.8583513704839004	MCL DepMap analysis	EVID-0018	26Q1	https://depmap.org/portal/data_page/	2026-10-02T19:59:47.750583+00:00	Derived	depmap-m3-v0.2	data\raw\depmap\26Q1\CRISPRGeneEffect.csv	e610a4cefb13a82b5b256b47eb08b63ff14843f8dbd0fb164bc0a32688e5b89e
CancerTargetEvidence	CANCER-001|TGT-MAP2K1	broad_dependency_fraction	0.05380794701986755	DepMap CRISPR Gene Dependency	EVID-0018	26Q1	https://depmap.org/portal/data_page/	2026-10-02T19:59:47.750583+00:00	Derived	depmap-m3-v0.2	data\raw\depmap\26Q1\CRISPRGeneDependency.csv	5de498b8fba15897f4f4d6a93681c25d5d41fdbc29f82a5968abb113cc553308
CancerTargetEvidence	CANCER-001|TGT-RAF1	median_gene_effect	-0.0067279509349256	DepMap CRISPR Gene Effect	EVID-0019	26Q1	https://depmap.org/portal/data_page/	2026-10-02T19:59:47.750583+00:00	Observed	depmap-m3-v0.2	data\raw\depmap\26Q1\CRISPRGeneEffect.csv	e610a4cefb13a82b5b256b47eb08b63ff14843f8dbd0fb164bc0a32688e5b89e
CancerTargetEvidence	CANCER-001|TGT-RAF1	dependency_fraction	0.1111111111111111	DepMap CRISPR Gene Dependency	EVID-0019	26Q1	https://depmap.org/portal/data_page/	2026-10-02T19:59:47.750583+00:00	Observed	depmap-m3-v0.2	data\raw\depmap\26Q1\CRISPRGeneDependency.csv	5de498b8fba15897f4f4d6a93681c25d5d41fdbc29f82a5968abb113cc553308
CancerTargetEvidence	CANCER-001|TGT-RAF1	median_dependency_probability	0.0194935163756132	DepMap CRISPR Gene Dependency	EVID-0019	26Q1	https://depmap.org/portal/data_page/	2026-10-02T19:59:47.750583+00:00	Observed	depmap-m3-v0.2	data\raw\depmap\26Q1\CRISPRGeneDependency.csv	5de498b8fba15897f4f4d6a93681c25d5d41fdbc29f82a5968abb113cc553308
CancerTargetEvidence	CANCER-001|TGT-RAF1	context_models_n	9	DepMap Model + Omics	EVID-0019	26Q1	https://depmap.org/portal/data_page/	2026-10-02T19:59:47.750583+00:00	Derived	depmap-m3-v0.2	data\raw\depmap\26Q1\Model.csv	ea4e0b2a3bc806f81df62689a5ae75f1a100135727a3d7b8a4c7ccc8815183f8
CancerTargetEvidence	CANCER-001|TGT-RAF1	delta_gene_effect	0.045084029883135	MCL DepMap analysis	EVID-0019	26Q1	https://depmap.org/portal/data_page/	2026-10-02T19:59:47.750583+00:00	Derived	depmap-m3-v0.2	data\raw\depmap\26Q1\CRISPRGeneEffect.csv	e610a4cefb13a82b5b256b47eb08b63ff14843f8dbd0fb164bc0a32688e5b89e
CancerTargetEvidence	CANCER-001|TGT-RAF1	cliffs_delta	0.13636363636363635	MCL DepMap analysis	EVID-0019	26Q1	https://depmap.org/portal/data_page/	2026-10-02T19:59:47.750583+00:00	Derived	depmap-m3-v0.2	data\raw\depmap\26Q1\CRISPRGeneEffect.csv	e610a4cefb13a82b5b256b47eb08b63ff14843f8dbd0fb164bc0a32688e5b89e
CancerTargetEvidence	CANCER-001|TGT-RAF1	p_value	0.5301627033047033	MCL DepMap analysis	EVID-0019	26Q1	https://depmap.org/portal/data_page/	2026-10-02T19:59:47.750583+00:00	Derived	depmap-m3-v0.2	data\raw\depmap\26Q1\CRISPRGeneEffect.csv	e610a4cefb13a82b5b256b47eb08b63ff14843f8dbd0fb164bc0a32688e5b89e
CancerTargetEvidence	CANCER-001|TGT-RAF1	q_value	0.7796510342716224	MCL DepMap analysis	EVID-0019	26Q1	https://depmap.org/portal/data_page/	2026-10-02T19:59:47.750583+00:00	Derived	depmap-m3-v0.2	data\raw\depmap\26Q1\CRISPRGeneEffect.csv	e610a4cefb13a82b5b256b47eb08b63ff14843f8dbd0fb164bc0a32688e5b89e
CancerTargetEvidence	CANCER-001|TGT-RAF1	broad_dependency_fraction	0.10844370860927152	DepMap CRISPR Gene Dependency	EVID-0019	26Q1	https://depmap.org/portal/data_page/	2026-10-02T19:59:47.750583+00:00	Derived	depmap-m3-v0.2	data\raw\depmap\26Q1\CRISPRGeneDependency.csv	5de498b8fba15897f4f4d6a93681c25d5d41fdbc29f82a5968abb113cc553308
CancerTargetEvidence	CANCER-004|TGT-PTPN11	median_gene_effect	-0.4996931276214892	DepMap CRISPR Gene Effect	EVID-0020	26Q1	https://depmap.org/portal/data_page/	2026-10-02T19:59:47.750583+00:00	Observed	depmap-m3-v0.2	data\raw\depmap\26Q1\CRISPRGeneEffect.csv	e610a4cefb13a82b5b256b47eb08b63ff14843f8dbd0fb164bc0a32688e5b89e
CancerTargetEvidence	CANCER-004|TGT-PTPN11	dependency_fraction	0.5789473684210527	DepMap CRISPR Gene Dependency	EVID-0020	26Q1	https://depmap.org/portal/data_page/	2026-10-02T19:59:47.750583+00:00	Observed	depmap-m3-v0.2	data\raw\depmap\26Q1\CRISPRGeneDependency.csv	5de498b8fba15897f4f4d6a93681c25d5d41fdbc29f82a5968abb113cc553308
CancerTargetEvidence	CANCER-004|TGT-PTPN11	median_dependency_probability	0.5470797880856538	DepMap CRISPR Gene Dependency	EVID-0020	26Q1	https://depmap.org/portal/data_page/	2026-10-02T19:59:47.750583+00:00	Observed	depmap-m3-v0.2	data\raw\depmap\26Q1\CRISPRGeneDependency.csv	5de498b8fba15897f4f4d6a93681c25d5d41fdbc29f82a5968abb113cc553308
CancerTargetEvidence	CANCER-004|TGT-PTPN11	context_models_n	22	DepMap Model + Omics	EVID-0020	26Q1	https://depmap.org/portal/data_page/	2026-10-02T19:59:47.750583+00:00	Derived	depmap-m3-v0.2	data\raw\depmap\26Q1\Model.csv	ea4e0b2a3bc806f81df62689a5ae75f1a100135727a3d7b8a4c7ccc8815183f8
CancerTargetEvidence	CANCER-004|TGT-PTPN11	delta_gene_effect	-0.056519476063811636	MCL DepMap analysis	EVID-0020	26Q1	https://depmap.org/portal/data_page/	2026-10-02T19:59:47.750583+00:00	Derived	depmap-m3-v0.2	data\raw\depmap\26Q1\CRISPRGeneEffect.csv	e610a4cefb13a82b5b256b47eb08b63ff14843f8dbd0fb164bc0a32688e5b89e
CancerTargetEvidence	CANCER-004|TGT-PTPN11	cliffs_delta	0.037037037037037035	MCL DepMap analysis	EVID-0020	26Q1	https://depmap.org/portal/data_page/	2026-10-02T19:59:47.750583+00:00	Derived	depmap-m3-v0.2	data\raw\depmap\26Q1\CRISPRGeneEffect.csv	e610a4cefb13a82b5b256b47eb08b63ff14843f8dbd0fb164bc0a32688e5b89e
CancerTargetEvidence	CANCER-004|TGT-PTPN11	p_value	0.8408687689086103	MCL DepMap analysis	EVID-0020	26Q1	https://depmap.org/portal/data_page/	2026-10-02T19:59:47.750583+00:00	Derived	depmap-m3-v0.2	data\raw\depmap\26Q1\CRISPRGeneEffect.csv	e610a4cefb13a82b5b256b47eb08b63ff14843f8dbd0fb164bc0a32688e5b89e
CancerTargetEvidence	CANCER-004|TGT-PTPN11	q_value	0.8583513704839004	MCL DepMap analysis	EVID-0020	26Q1	https://depmap.org/portal/data_page/	2026-10-02T19:59:47.750583+00:00	Derived	depmap-m3-v0.2	data\raw\depmap\26Q1\CRISPRGeneEffect.csv	e610a4cefb13a82b5b256b47eb08b63ff14843f8dbd0fb164bc0a32688e5b89e
CancerTargetEvidence	CANCER-004|TGT-PTPN11	broad_dependency_fraction	0.7044701986754967	DepMap CRISPR Gene Dependency	EVID-0020	26Q1	https://depmap.org/portal/data_page/	2026-10-02T19:59:47.750583+00:00	Derived	depmap-m3-v0.2	data\raw\depmap\26Q1\CRISPRGeneDependency.csv	5de498b8fba15897f4f4d6a93681c25d5d41fdbc29f82a5968abb113cc553308
CancerTargetEvidence	CANCER-004|TGT-SOS1	median_gene_effect	-0.1300414163665877	DepMap CRISPR Gene Effect	EVID-0021	26Q1	https://depmap.org/portal/data_page/	2026-10-02T19:59:47.750583+00:00	Observed	depmap-m3-v0.2	data\raw\depmap\26Q1\CRISPRGeneEffect.csv	e610a4cefb13a82b5b256b47eb08b63ff14843f8dbd0fb164bc0a32688e5b89e
CancerTargetEvidence	CANCER-004|TGT-SOS1	dependency_fraction	0.10526315789473684	DepMap CRISPR Gene Dependency	EVID-0021	26Q1	https://depmap.org/portal/data_page/	2026-10-02T19:59:47.750583+00:00	Observed	depmap-m3-v0.2	data\raw\depmap\26Q1\CRISPRGeneDependency.csv	5de498b8fba15897f4f4d6a93681c25d5d41fdbc29f82a5968abb113cc553308
CancerTargetEvidence	CANCER-004|TGT-SOS1	median_dependency_probability	0.0939711755826826	DepMap CRISPR Gene Dependency	EVID-0021	26Q1	https://depmap.org/portal/data_page/	2026-10-02T19:59:47.750583+00:00	Observed	depmap-m3-v0.2	data\raw\depmap\26Q1\CRISPRGeneDependency.csv	5de498b8fba15897f4f4d6a93681c25d5d41fdbc29f82a5968abb113cc553308
CancerTargetEvidence	CANCER-004|TGT-SOS1	context_models_n	22	DepMap Model + Omics	EVID-0021	26Q1	https://depmap.org/portal/data_page/	2026-10-02T19:59:47.750583+00:00	Derived	depmap-m3-v0.2	data\raw\depmap\26Q1\Model.csv	ea4e0b2a3bc806f81df62689a5ae75f1a100135727a3d7b8a4c7ccc8815183f8
CancerTargetEvidence	CANCER-004|TGT-SOS1	delta_gene_effect	-0.002744824902029097	MCL DepMap analysis	EVID-0021	26Q1	https://depmap.org/portal/data_page/	2026-10-02T19:59:47.750583+00:00	Derived	depmap-m3-v0.2	data\raw\depmap\26Q1\CRISPRGeneEffect.csv	e610a4cefb13a82b5b256b47eb08b63ff14843f8dbd0fb164bc0a32688e5b89e
CancerTargetEvidence	CANCER-004|TGT-SOS1	cliffs_delta	-0.04873294346978557	MCL DepMap analysis	EVID-0021	26Q1	https://depmap.org/portal/data_page/	2026-10-02T19:59:47.750583+00:00	Derived	depmap-m3-v0.2	data\raw\depmap\26Q1\CRISPRGeneEffect.csv	e610a4cefb13a82b5b256b47eb08b63ff14843f8dbd0fb164bc0a32688e5b89e
CancerTargetEvidence	CANCER-004|TGT-SOS1	p_value	0.7889227114949541	MCL DepMap analysis	EVID-0021	26Q1	https://depmap.org/portal/data_page/	2026-10-02T19:59:47.750583+00:00	Derived	depmap-m3-v0.2	data\raw\depmap\26Q1\CRISPRGeneEffect.csv	e610a4cefb13a82b5b256b47eb08b63ff14843f8dbd0fb164bc0a32688e5b89e
CancerTargetEvidence	CANCER-004|TGT-SOS1	q_value	0.8583513704839004	MCL DepMap analysis	EVID-0021	26Q1	https://depmap.org/portal/data_page/	2026-10-02T19:59:47.750583+00:00	Derived	depmap-m3-v0.2	data\raw\depmap\26Q1\CRISPRGeneEffect.csv	e610a4cefb13a82b5b256b47eb08b63ff14843f8dbd0fb164bc0a32688e5b89e
CancerTargetEvidence	CANCER-004|TGT-SOS1	broad_dependency_fraction	0.1837748344370861	DepMap CRISPR Gene Dependency	EVID-0021	26Q1	https://depmap.org/portal/data_page/	2026-10-02T19:59:47.750583+00:00	Derived	depmap-m3-v0.2	data\raw\depmap\26Q1\CRISPRGeneDependency.csv	5de498b8fba15897f4f4d6a93681c25d5d41fdbc29f82a5968abb113cc553308
CancerTargetEvidence	CANCER-004|TGT-EGFR	median_gene_effect	-0.2978749759774681	DepMap CRISPR Gene Effect	EVID-0022	26Q1	https://depmap.org/portal/data_page/	2026-10-02T19:59:47.750583+00:00	Observed	depmap-m3-v0.2	data\raw\depmap\26Q1\CRISPRGeneEffect.csv	e610a4cefb13a82b5b256b47eb08b63ff14843f8dbd0fb164bc0a32688e5b89e
CancerTargetEvidence	CANCER-004|TGT-EGFR	dependency_fraction	0.3684210526315789	DepMap CRISPR Gene Dependency	EVID-0022	26Q1	https://depmap.org/portal/data_page/	2026-10-02T19:59:47.750583+00:00	Observed	depmap-m3-v0.2	data\raw\depmap\26Q1\CRISPRGeneDependency.csv	5de498b8fba15897f4f4d6a93681c25d5d41fdbc29f82a5968abb113cc553308
CancerTargetEvidence	CANCER-004|TGT-EGFR	median_dependency_probability	0.2087697916942485	DepMap CRISPR Gene Dependency	EVID-0022	26Q1	https://depmap.org/portal/data_page/	2026-10-02T19:59:47.750583+00:00	Observed	depmap-m3-v0.2	data\raw\depmap\26Q1\CRISPRGeneDependency.csv	5de498b8fba15897f4f4d6a93681c25d5d41fdbc29f82a5968abb113cc553308
CancerTargetEvidence	CANCER-004|TGT-EGFR	context_models_n	22	DepMap Model + Omics	EVID-0022	26Q1	https://depmap.org/portal/data_page/	2026-10-02T19:59:47.750583+00:00	Derived	depmap-m3-v0.2	data\raw\depmap\26Q1\Model.csv	ea4e0b2a3bc806f81df62689a5ae75f1a100135727a3d7b8a4c7ccc8815183f8
CancerTargetEvidence	CANCER-004|TGT-EGFR	delta_gene_effect	-0.0560141864997242	MCL DepMap analysis	EVID-0022	26Q1	https://depmap.org/portal/data_page/	2026-10-02T19:59:47.750583+00:00	Derived	depmap-m3-v0.2	data\raw\depmap\26Q1\CRISPRGeneEffect.csv	e610a4cefb13a82b5b256b47eb08b63ff14843f8dbd0fb164bc0a32688e5b89e
CancerTargetEvidence	CANCER-004|TGT-EGFR	cliffs_delta	0.04483430799220273	MCL DepMap analysis	EVID-0022	26Q1	https://depmap.org/portal/data_page/	2026-10-02T19:59:47.750583+00:00	Derived	depmap-m3-v0.2	data\raw\depmap\26Q1\CRISPRGeneEffect.csv	e610a4cefb13a82b5b256b47eb08b63ff14843f8dbd0fb164bc0a32688e5b89e
CancerTargetEvidence	CANCER-004|TGT-EGFR	p_value	0.8061462310467044	MCL DepMap analysis	EVID-0022	26Q1	https://depmap.org/portal/data_page/	2026-10-02T19:59:47.750583+00:00	Derived	depmap-m3-v0.2	data\raw\depmap\26Q1\CRISPRGeneEffect.csv	e610a4cefb13a82b5b256b47eb08b63ff14843f8dbd0fb164bc0a32688e5b89e
CancerTargetEvidence	CANCER-004|TGT-EGFR	q_value	0.8583513704839004	MCL DepMap analysis	EVID-0022	26Q1	https://depmap.org/portal/data_page/	2026-10-02T19:59:47.750583+00:00	Derived	depmap-m3-v0.2	data\raw\depmap\26Q1\CRISPRGeneEffect.csv	e610a4cefb13a82b5b256b47eb08b63ff14843f8dbd0fb164bc0a32688e5b89e
CancerTargetEvidence	CANCER-004|TGT-EGFR	broad_dependency_fraction	0.18956953642384106	DepMap CRISPR Gene Dependency	EVID-0022	26Q1	https://depmap.org/portal/data_page/	2026-10-02T19:59:47.750583+00:00	Derived	depmap-m3-v0.2	data\raw\depmap\26Q1\CRISPRGeneDependency.csv	5de498b8fba15897f4f4d6a93681c25d5d41fdbc29f82a5968abb113cc553308
CancerTargetEvidence	CANCER-004|TGT-MAP2K1	median_gene_effect	-0.1509745985084591	DepMap CRISPR Gene Effect	EVID-0023	26Q1	https://depmap.org/portal/data_page/	2026-10-02T19:59:47.750583+00:00	Observed	depmap-m3-v0.2	data\raw\depmap\26Q1\CRISPRGeneEffect.csv	e610a4cefb13a82b5b256b47eb08b63ff14843f8dbd0fb164bc0a32688e5b89e
CancerTargetEvidence	CANCER-004|TGT-MAP2K1	dependency_fraction	0.0	DepMap CRISPR Gene Dependency	EVID-0023	26Q1	https://depmap.org/portal/data_page/	2026-10-02T19:59:47.750583+00:00	Observed	depmap-m3-v0.2	data\raw\depmap\26Q1\CRISPRGeneDependency.csv	5de498b8fba15897f4f4d6a93681c25d5d41fdbc29f82a5968abb113cc553308
CancerTargetEvidence	CANCER-004|TGT-MAP2K1	median_dependency_probability	0.1011001183232455	DepMap CRISPR Gene Dependency	EVID-0023	26Q1	https://depmap.org/portal/data_page/	2026-10-02T19:59:47.750583+00:00	Observed	depmap-m3-v0.2	data\raw\depmap\26Q1\CRISPRGeneDependency.csv	5de498b8fba15897f4f4d6a93681c25d5d41fdbc29f82a5968abb113cc553308
CancerTargetEvidence	CANCER-004|TGT-MAP2K1	context_models_n	22	DepMap Model + Omics	EVID-0023	26Q1	https://depmap.org/portal/data_page/	2026-10-02T19:59:47.750583+00:00	Derived	depmap-m3-v0.2	data\raw\depmap\26Q1\Model.csv	ea4e0b2a3bc806f81df62689a5ae75f1a100135727a3d7b8a4c7ccc8815183f8
CancerTargetEvidence	CANCER-004|TGT-MAP2K1	delta_gene_effect	0.06877442252398722	MCL DepMap analysis	EVID-0023	26Q1	https://depmap.org/portal/data_page/	2026-10-02T19:59:47.750583+00:00	Derived	depmap-m3-v0.2	data\raw\depmap\26Q1\CRISPRGeneEffect.csv	e610a4cefb13a82b5b256b47eb08b63ff14843f8dbd0fb164bc0a32688e5b89e
CancerTargetEvidence	CANCER-004|TGT-MAP2K1	cliffs_delta	0.13840155945419103	MCL DepMap analysis	EVID-0023	26Q1	https://depmap.org/portal/data_page/	2026-10-02T19:59:47.750583+00:00	Derived	depmap-m3-v0.2	data\raw\depmap\26Q1\CRISPRGeneEffect.csv	e610a4cefb13a82b5b256b47eb08b63ff14843f8dbd0fb164bc0a32688e5b89e
CancerTargetEvidence	CANCER-004|TGT-MAP2K1	p_value	0.43490823499778675	MCL DepMap analysis	EVID-0023	26Q1	https://depmap.org/portal/data_page/	2026-10-02T19:59:47.750583+00:00	Derived	depmap-m3-v0.2	data\raw\depmap\26Q1\CRISPRGeneEffect.csv	e610a4cefb13a82b5b256b47eb08b63ff14843f8dbd0fb164bc0a32688e5b89e
CancerTargetEvidence	CANCER-004|TGT-MAP2K1	q_value	0.7622811970638057	MCL DepMap analysis	EVID-0023	26Q1	https://depmap.org/portal/data_page/	2026-10-02T19:59:47.750583+00:00	Derived	depmap-m3-v0.2	data\raw\depmap\26Q1\CRISPRGeneEffect.csv	e610a4cefb13a82b5b256b47eb08b63ff14843f8dbd0fb164bc0a32688e5b89e
CancerTargetEvidence	CANCER-004|TGT-MAP2K1	broad_dependency_fraction	0.05380794701986755	DepMap CRISPR Gene Dependency	EVID-0023	26Q1	https://depmap.org/portal/data_page/	2026-10-02T19:59:47.750583+00:00	Derived	depmap-m3-v0.2	data\raw\depmap\26Q1\CRISPRGeneDependency.csv	5de498b8fba15897f4f4d6a93681c25d5d41fdbc29f82a5968abb113cc553308
CancerTargetEvidence	CANCER-004|TGT-ULK1	median_gene_effect	0.0383045020871365	DepMap CRISPR Gene Effect	EVID-0024	26Q1	https://depmap.org/portal/data_page/	2026-10-02T19:59:47.750583+00:00	Observed	depmap-m3-v0.2	data\raw\depmap\26Q1\CRISPRGeneEffect.csv	e610a4cefb13a82b5b256b47eb08b63ff14843f8dbd0fb164bc0a32688e5b89e
CancerTargetEvidence	CANCER-004|TGT-ULK1	dependency_fraction	0.0	DepMap CRISPR Gene Dependency	EVID-0024	26Q1	https://depmap.org/portal/data_page/	2026-10-02T19:59:47.750583+00:00	Observed	depmap-m3-v0.2	data\raw\depmap\26Q1\CRISPRGeneDependency.csv	5de498b8fba15897f4f4d6a93681c25d5d41fdbc29f82a5968abb113cc553308
CancerTargetEvidence	CANCER-004|TGT-ULK1	median_dependency_probability	0.016314667554649	DepMap CRISPR Gene Dependency	EVID-0024	26Q1	https://depmap.org/portal/data_page/	2026-10-02T19:59:47.750583+00:00	Observed	depmap-m3-v0.2	data\raw\depmap\26Q1\CRISPRGeneDependency.csv	5de498b8fba15897f4f4d6a93681c25d5d41fdbc29f82a5968abb113cc553308
CancerTargetEvidence	CANCER-004|TGT-ULK1	context_models_n	22	DepMap Model + Omics	EVID-0024	26Q1	https://depmap.org/portal/data_page/	2026-10-02T19:59:47.750583+00:00	Derived	depmap-m3-v0.2	data\raw\depmap\26Q1\Model.csv	ea4e0b2a3bc806f81df62689a5ae75f1a100135727a3d7b8a4c7ccc8815183f8
CancerTargetEvidence	CANCER-004|TGT-ULK1	delta_gene_effect	0.1234854906625396	MCL DepMap analysis	EVID-0024	26Q1	https://depmap.org/portal/data_page/	2026-10-02T19:59:47.750583+00:00	Derived	depmap-m3-v0.2	data\raw\depmap\26Q1\CRISPRGeneEffect.csv	e610a4cefb13a82b5b256b47eb08b63ff14843f8dbd0fb164bc0a32688e5b89e
CancerTargetEvidence	CANCER-004|TGT-ULK1	cliffs_delta	0.4775828460038986	MCL DepMap analysis	EVID-0024	26Q1	https://depmap.org/portal/data_page/	2026-10-02T19:59:47.750583+00:00	Derived	depmap-m3-v0.2	data\raw\depmap\26Q1\CRISPRGeneEffect.csv	e610a4cefb13a82b5b256b47eb08b63ff14843f8dbd0fb164bc0a32688e5b89e
CancerTargetEvidence	CANCER-004|TGT-ULK1	p_value	0.006494388378746335	MCL DepMap analysis	EVID-0024	26Q1	https://depmap.org/portal/data_page/	2026-10-02T19:59:47.750583+00:00	Derived	depmap-m3-v0.2	data\raw\depmap\26Q1\CRISPRGeneEffect.csv	e610a4cefb13a82b5b256b47eb08b63ff14843f8dbd0fb164bc0a32688e5b89e
CancerTargetEvidence	CANCER-004|TGT-ULK1	q_value	0.050812121780852954	MCL DepMap analysis	EVID-0024	26Q1	https://depmap.org/portal/data_page/	2026-10-02T19:59:47.750583+00:00	Derived	depmap-m3-v0.2	data\raw\depmap\26Q1\CRISPRGeneEffect.csv	e610a4cefb13a82b5b256b47eb08b63ff14843f8dbd0fb164bc0a32688e5b89e
CancerTargetEvidence	CANCER-004|TGT-ULK1	broad_dependency_fraction	0.004966887417218543	DepMap CRISPR Gene Dependency	EVID-0024	26Q1	https://depmap.org/portal/data_page/	2026-10-02T19:59:47.750583+00:00	Derived	depmap-m3-v0.2	data\raw\depmap\26Q1\CRISPRGeneDependency.csv	5de498b8fba15897f4f4d6a93681c25d5d41fdbc29f82a5968abb113cc553308
CancerTargetEvidence	CANCER-004|TGT-PIK3CA	median_gene_effect	-0.5681083302513694	DepMap CRISPR Gene Effect	EVID-0025	26Q1	https://depmap.org/portal/data_page/	2026-10-02T19:59:47.750583+00:00	Observed	depmap-m3-v0.2	data\raw\depmap\26Q1\CRISPRGeneEffect.csv	e610a4cefb13a82b5b256b47eb08b63ff14843f8dbd0fb164bc0a32688e5b89e
CancerTargetEvidence	CANCER-004|TGT-PIK3CA	dependency_fraction	0.631578947368421	DepMap CRISPR Gene Dependency	EVID-0025	26Q1	https://depmap.org/portal/data_page/	2026-10-02T19:59:47.750583+00:00	Observed	depmap-m3-v0.2	data\raw\depmap\26Q1\CRISPRGeneDependency.csv	5de498b8fba15897f4f4d6a93681c25d5d41fdbc29f82a5968abb113cc553308
CancerTargetEvidence	CANCER-004|TGT-PIK3CA	median_dependency_probability	0.5718794275994081	DepMap CRISPR Gene Dependency	EVID-0025	26Q1	https://depmap.org/portal/data_page/	2026-10-02T19:59:47.750583+00:00	Observed	depmap-m3-v0.2	data\raw\depmap\26Q1\CRISPRGeneDependency.csv	5de498b8fba15897f4f4d6a93681c25d5d41fdbc29f82a5968abb113cc553308
CancerTargetEvidence	CANCER-004|TGT-PIK3CA	context_models_n	22	DepMap Model + Omics	EVID-0025	26Q1	https://depmap.org/portal/data_page/	2026-10-02T19:59:47.750583+00:00	Derived	depmap-m3-v0.2	data\raw\depmap\26Q1\Model.csv	ea4e0b2a3bc806f81df62689a5ae75f1a100135727a3d7b8a4c7ccc8815183f8
CancerTargetEvidence	CANCER-004|TGT-PIK3CA	delta_gene_effect	-0.03430945239623706	MCL DepMap analysis	EVID-0025	26Q1	https://depmap.org/portal/data_page/	2026-10-02T19:59:47.750583+00:00	Derived	depmap-m3-v0.2	data\raw\depmap\26Q1\CRISPRGeneEffect.csv	e610a4cefb13a82b5b256b47eb08b63ff14843f8dbd0fb164bc0a32688e5b89e
CancerTargetEvidence	CANCER-004|TGT-PIK3CA	cliffs_delta	0.037037037037037035	MCL DepMap analysis	EVID-0025	26Q1	https://depmap.org/portal/data_page/	2026-10-02T19:59:47.750583+00:00	Derived	depmap-m3-v0.2	data\raw\depmap\26Q1\CRISPRGeneEffect.csv	e610a4cefb13a82b5b256b47eb08b63ff14843f8dbd0fb164bc0a32688e5b89e
CancerTargetEvidence	CANCER-004|TGT-PIK3CA	p_value	0.8408687689086103	MCL DepMap analysis	EVID-0025	26Q1	https://depmap.org/portal/data_page/	2026-10-02T19:59:47.750583+00:00	Derived	depmap-m3-v0.2	data\raw\depmap\26Q1\CRISPRGeneEffect.csv	e610a4cefb13a82b5b256b47eb08b63ff14843f8dbd0fb164bc0a32688e5b89e
CancerTargetEvidence	CANCER-004|TGT-PIK3CA	q_value	0.8583513704839004	MCL DepMap analysis	EVID-0025	26Q1	https://depmap.org/portal/data_page/	2026-10-02T19:59:47.750583+00:00	Derived	depmap-m3-v0.2	data\raw\depmap\26Q1\CRISPRGeneEffect.csv	e610a4cefb13a82b5b256b47eb08b63ff14843f8dbd0fb164bc0a32688e5b89e
CancerTargetEvidence	CANCER-004|TGT-PIK3CA	broad_dependency_fraction	0.4685430463576159	DepMap CRISPR Gene Dependency	EVID-0025	26Q1	https://depmap.org/portal/data_page/	2026-10-02T19:59:47.750583+00:00	Derived	depmap-m3-v0.2	data\raw\depmap\26Q1\CRISPRGeneDependency.csv	5de498b8fba15897f4f4d6a93681c25d5d41fdbc29f82a5968abb113cc553308
CancerTargetEvidence	CANCER-004|TGT-CDK6	median_gene_effect	-0.7476768754427928	DepMap CRISPR Gene Effect	EVID-0026	26Q1	https://depmap.org/portal/data_page/	2026-10-02T19:59:47.750583+00:00	Observed	depmap-m3-v0.2	data\raw\depmap\26Q1\CRISPRGeneEffect.csv	e610a4cefb13a82b5b256b47eb08b63ff14843f8dbd0fb164bc0a32688e5b89e
CancerTargetEvidence	CANCER-004|TGT-CDK6	dependency_fraction	0.8421052631578947	DepMap CRISPR Gene Dependency	EVID-0026	26Q1	https://depmap.org/portal/data_page/	2026-10-02T19:59:47.750583+00:00	Observed	depmap-m3-v0.2	data\raw\depmap\26Q1\CRISPRGeneDependency.csv	5de498b8fba15897f4f4d6a93681c25d5d41fdbc29f82a5968abb113cc553308
CancerTargetEvidence	CANCER-004|TGT-CDK6	median_dependency_probability	0.9029499618356642	DepMap CRISPR Gene Dependency	EVID-0026	26Q1	https://depmap.org/portal/data_page/	2026-10-02T19:59:47.750583+00:00	Observed	depmap-m3-v0.2	data\raw\depmap\26Q1\CRISPRGeneDependency.csv	5de498b8fba15897f4f4d6a93681c25d5d41fdbc29f82a5968abb113cc553308
CancerTargetEvidence	CANCER-004|TGT-CDK6	context_models_n	22	DepMap Model + Omics	EVID-0026	26Q1	https://depmap.org/portal/data_page/	2026-10-02T19:59:47.750583+00:00	Derived	depmap-m3-v0.2	data\raw\depmap\26Q1\Model.csv	ea4e0b2a3bc806f81df62689a5ae75f1a100135727a3d7b8a4c7ccc8815183f8
CancerTargetEvidence	CANCER-004|TGT-CDK6	delta_gene_effect	0.09209488606651972	MCL DepMap analysis	EVID-0026	26Q1	https://depmap.org/portal/data_page/	2026-10-02T19:59:47.750583+00:00	Derived	depmap-m3-v0.2	data\raw\depmap\26Q1\CRISPRGeneEffect.csv	e610a4cefb13a82b5b256b47eb08b63ff14843f8dbd0fb164bc0a32688e5b89e
CancerTargetEvidence	CANCER-004|TGT-CDK6	cliffs_delta	0.1189083820662768	MCL DepMap analysis	EVID-0026	26Q1	https://depmap.org/portal/data_page/	2026-10-02T19:59:47.750583+00:00	Derived	depmap-m3-v0.2	data\raw\depmap\26Q1\CRISPRGeneEffect.csv	e610a4cefb13a82b5b256b47eb08b63ff14843f8dbd0fb164bc0a32688e5b89e
CancerTargetEvidence	CANCER-004|TGT-CDK6	p_value	0.5033204020165591	MCL DepMap analysis	EVID-0026	26Q1	https://depmap.org/portal/data_page/	2026-10-02T19:59:47.750583+00:00	Derived	depmap-m3-v0.2	data\raw\depmap\26Q1\CRISPRGeneEffect.csv	e610a4cefb13a82b5b256b47eb08b63ff14843f8dbd0fb164bc0a32688e5b89e
CancerTargetEvidence	CANCER-004|TGT-CDK6	q_value	0.7796510342716224	MCL DepMap analysis	EVID-0026	26Q1	https://depmap.org/portal/data_page/	2026-10-02T19:59:47.750583+00:00	Derived	depmap-m3-v0.2	data\raw\depmap\26Q1\CRISPRGeneEffect.csv	e610a4cefb13a82b5b256b47eb08b63ff14843f8dbd0fb164bc0a32688e5b89e
CancerTargetEvidence	CANCER-004|TGT-CDK6	broad_dependency_fraction	0.5422185430463576	DepMap CRISPR Gene Dependency	EVID-0026	26Q1	https://depmap.org/portal/data_page/	2026-10-02T19:59:47.750583+00:00	Derived	depmap-m3-v0.2	data\raw\depmap\26Q1\CRISPRGeneDependency.csv	5de498b8fba15897f4f4d6a93681c25d5d41fdbc29f82a5968abb113cc553308
CancerTargetEvidence	CANCER-004|TGT-YAP1	median_gene_effect	-0.3431147822968647	DepMap CRISPR Gene Effect	EVID-0027	26Q1	https://depmap.org/portal/data_page/	2026-10-02T19:59:47.750583+00:00	Observed	depmap-m3-v0.2	data\raw\depmap\26Q1\CRISPRGeneEffect.csv	e610a4cefb13a82b5b256b47eb08b63ff14843f8dbd0fb164bc0a32688e5b89e
CancerTargetEvidence	CANCER-004|TGT-YAP1	dependency_fraction	0.2631578947368421	DepMap CRISPR Gene Dependency	EVID-0027	26Q1	https://depmap.org/portal/data_page/	2026-10-02T19:59:47.750583+00:00	Observed	depmap-m3-v0.2	data\raw\depmap\26Q1\CRISPRGeneDependency.csv	5de498b8fba15897f4f4d6a93681c25d5d41fdbc29f82a5968abb113cc553308
CancerTargetEvidence	CANCER-004|TGT-YAP1	median_dependency_probability	0.2456413310796654	DepMap CRISPR Gene Dependency	EVID-0027	26Q1	https://depmap.org/portal/data_page/	2026-10-02T19:59:47.750583+00:00	Observed	depmap-m3-v0.2	data\raw\depmap\26Q1\CRISPRGeneDependency.csv	5de498b8fba15897f4f4d6a93681c25d5d41fdbc29f82a5968abb113cc553308
CancerTargetEvidence	CANCER-004|TGT-YAP1	context_models_n	22	DepMap Model + Omics	EVID-0027	26Q1	https://depmap.org/portal/data_page/	2026-10-02T19:59:47.750583+00:00	Derived	depmap-m3-v0.2	data\raw\depmap\26Q1\Model.csv	ea4e0b2a3bc806f81df62689a5ae75f1a100135727a3d7b8a4c7ccc8815183f8
CancerTargetEvidence	CANCER-004|TGT-YAP1	delta_gene_effect	-0.030734638141193704	MCL DepMap analysis	EVID-0027	26Q1	https://depmap.org/portal/data_page/	2026-10-02T19:59:47.750583+00:00	Derived	depmap-m3-v0.2	data\raw\depmap\26Q1\CRISPRGeneEffect.csv	e610a4cefb13a82b5b256b47eb08b63ff14843f8dbd0fb164bc0a32688e5b89e
CancerTargetEvidence	CANCER-004|TGT-YAP1	cliffs_delta	0.03313840155945419	MCL DepMap analysis	EVID-0027	26Q1	https://depmap.org/portal/data_page/	2026-10-02T19:59:47.750583+00:00	Derived	depmap-m3-v0.2	data\raw\depmap\26Q1\CRISPRGeneEffect.csv	e610a4cefb13a82b5b256b47eb08b63ff14843f8dbd0fb164bc0a32688e5b89e
CancerTargetEvidence	CANCER-004|TGT-YAP1	p_value	0.8583513704839004	MCL DepMap analysis	EVID-0027	26Q1	https://depmap.org/portal/data_page/	2026-10-02T19:59:47.750583+00:00	Derived	depmap-m3-v0.2	data\raw\depmap\26Q1\CRISPRGeneEffect.csv	e610a4cefb13a82b5b256b47eb08b63ff14843f8dbd0fb164bc0a32688e5b89e
CancerTargetEvidence	CANCER-004|TGT-YAP1	q_value	0.8583513704839004	MCL DepMap analysis	EVID-0027	26Q1	https://depmap.org/portal/data_page/	2026-10-02T19:59:47.750583+00:00	Derived	depmap-m3-v0.2	data\raw\depmap\26Q1\CRISPRGeneEffect.csv	e610a4cefb13a82b5b256b47eb08b63ff14843f8dbd0fb164bc0a32688e5b89e
CancerTargetEvidence	CANCER-004|TGT-YAP1	broad_dependency_fraction	0.30629139072847683	DepMap CRISPR Gene Dependency	EVID-0027	26Q1	https://depmap.org/portal/data_page/	2026-10-02T19:59:47.750583+00:00	Derived	depmap-m3-v0.2	data\raw\depmap\26Q1\CRISPRGeneDependency.csv	5de498b8fba15897f4f4d6a93681c25d5d41fdbc29f82a5968abb113cc553308
CancerTargetEvidence	CANCER-011|TGT-EGFR	median_gene_effect	0.0168124897218214	DepMap CRISPR Gene Effect	EVID-0028	26Q1	https://depmap.org/portal/data_page/	2026-10-02T19:59:47.750583+00:00	Observed	depmap-m3-v0.2	data\raw\depmap\26Q1\CRISPRGeneEffect.csv	e610a4cefb13a82b5b256b47eb08b63ff14843f8dbd0fb164bc0a32688e5b89e
CancerTargetEvidence	CANCER-011|TGT-EGFR	dependency_fraction	0.04	DepMap CRISPR Gene Dependency	EVID-0028	26Q1	https://depmap.org/portal/data_page/	2026-10-02T19:59:47.750583+00:00	Observed	depmap-m3-v0.2	data\raw\depmap\26Q1\CRISPRGeneDependency.csv	5de498b8fba15897f4f4d6a93681c25d5d41fdbc29f82a5968abb113cc553308
CancerTargetEvidence	CANCER-011|TGT-EGFR	median_dependency_probability	0.02161295680885445	DepMap CRISPR Gene Dependency	EVID-0028	26Q1	https://depmap.org/portal/data_page/	2026-10-02T19:59:47.750583+00:00	Observed	depmap-m3-v0.2	data\raw\depmap\26Q1\CRISPRGeneDependency.csv	5de498b8fba15897f4f4d6a93681c25d5d41fdbc29f82a5968abb113cc553308
CancerTargetEvidence	CANCER-011|TGT-EGFR	context_models_n	66	DepMap Model + Omics	EVID-0028	26Q1	https://depmap.org/portal/data_page/	2026-10-02T19:59:47.750583+00:00	Derived	depmap-m3-v0.2	data\raw\depmap\26Q1\Model.csv	ea4e0b2a3bc806f81df62689a5ae75f1a100135727a3d7b8a4c7ccc8815183f8
CancerTargetEvidence	CANCER-011|TGT-EGFR	delta_gene_effect		MCL DepMap analysis	EVID-0028	26Q1	https://depmap.org/portal/data_page/	2026-10-02T19:59:47.750583+00:00	Derived	depmap-m3-v0.2	data\raw\depmap\26Q1\CRISPRGeneEffect.csv	e610a4cefb13a82b5b256b47eb08b63ff14843f8dbd0fb164bc0a32688e5b89e
CancerTargetEvidence	CANCER-011|TGT-EGFR	cliffs_delta		MCL DepMap analysis	EVID-0028	26Q1	https://depmap.org/portal/data_page/	2026-10-02T19:59:47.750583+00:00	Derived	depmap-m3-v0.2	data\raw\depmap\26Q1\CRISPRGeneEffect.csv	e610a4cefb13a82b5b256b47eb08b63ff14843f8dbd0fb164bc0a32688e5b89e
CancerTargetEvidence	CANCER-011|TGT-EGFR	p_value		MCL DepMap analysis	EVID-0028	26Q1	https://depmap.org/portal/data_page/	2026-10-02T19:59:47.750583+00:00	Derived	depmap-m3-v0.2	data\raw\depmap\26Q1\CRISPRGeneEffect.csv	e610a4cefb13a82b5b256b47eb08b63ff14843f8dbd0fb164bc0a32688e5b89e
CancerTargetEvidence	CANCER-011|TGT-EGFR	q_value		MCL DepMap analysis	EVID-0028	26Q1	https://depmap.org/portal/data_page/	2026-10-02T19:59:47.750583+00:00	Derived	depmap-m3-v0.2	data\raw\depmap\26Q1\CRISPRGeneEffect.csv	e610a4cefb13a82b5b256b47eb08b63ff14843f8dbd0fb164bc0a32688e5b89e
CancerTargetEvidence	CANCER-011|TGT-EGFR	broad_dependency_fraction	0.18956953642384106	DepMap CRISPR Gene Dependency	EVID-0028	26Q1	https://depmap.org/portal/data_page/	2026-10-02T19:59:47.750583+00:00	Derived	depmap-m3-v0.2	data\raw\depmap\26Q1\CRISPRGeneDependency.csv	5de498b8fba15897f4f4d6a93681c25d5d41fdbc29f82a5968abb113cc553308
CancerTargetEvidence	CANCER-011|TGT-PDGFRA	median_gene_effect	-0.2687336318228263	DepMap CRISPR Gene Effect	EVID-0029	26Q1	https://depmap.org/portal/data_page/	2026-10-02T19:59:47.750583+00:00	Observed	depmap-m3-v0.2	data\raw\depmap\26Q1\CRISPRGeneEffect.csv	e610a4cefb13a82b5b256b47eb08b63ff14843f8dbd0fb164bc0a32688e5b89e
CancerTargetEvidence	CANCER-011|TGT-PDGFRA	dependency_fraction	0.26	DepMap CRISPR Gene Dependency	EVID-0029	26Q1	https://depmap.org/portal/data_page/	2026-10-02T19:59:47.750583+00:00	Observed	depmap-m3-v0.2	data\raw\depmap\26Q1\CRISPRGeneDependency.csv	5de498b8fba15897f4f4d6a93681c25d5d41fdbc29f82a5968abb113cc553308
CancerTargetEvidence	CANCER-011|TGT-PDGFRA	median_dependency_probability	0.19266930854703865	DepMap CRISPR Gene Dependency	EVID-0029	26Q1	https://depmap.org/portal/data_page/	2026-10-02T19:59:47.750583+00:00	Observed	depmap-m3-v0.2	data\raw\depmap\26Q1\CRISPRGeneDependency.csv	5de498b8fba15897f4f4d6a93681c25d5d41fdbc29f82a5968abb113cc553308
CancerTargetEvidence	CANCER-011|TGT-PDGFRA	context_models_n	66	DepMap Model + Omics	EVID-0029	26Q1	https://depmap.org/portal/data_page/	2026-10-02T19:59:47.750583+00:00	Derived	depmap-m3-v0.2	data\raw\depmap\26Q1\Model.csv	ea4e0b2a3bc806f81df62689a5ae75f1a100135727a3d7b8a4c7ccc8815183f8
CancerTargetEvidence	CANCER-011|TGT-PDGFRA	delta_gene_effect		MCL DepMap analysis	EVID-0029	26Q1	https://depmap.org/portal/data_page/	2026-10-02T19:59:47.750583+00:00	Derived	depmap-m3-v0.2	data\raw\depmap\26Q1\CRISPRGeneEffect.csv	e610a4cefb13a82b5b256b47eb08b63ff14843f8dbd0fb164bc0a32688e5b89e
CancerTargetEvidence	CANCER-011|TGT-PDGFRA	cliffs_delta		MCL DepMap analysis	EVID-0029	26Q1	https://depmap.org/portal/data_page/	2026-10-02T19:59:47.750583+00:00	Derived	depmap-m3-v0.2	data\raw\depmap\26Q1\CRISPRGeneEffect.csv	e610a4cefb13a82b5b256b47eb08b63ff14843f8dbd0fb164bc0a32688e5b89e
CancerTargetEvidence	CANCER-011|TGT-PDGFRA	p_value		MCL DepMap analysis	EVID-0029	26Q1	https://depmap.org/portal/data_page/	2026-10-02T19:59:47.750583+00:00	Derived	depmap-m3-v0.2	data\raw\depmap\26Q1\CRISPRGeneEffect.csv	e610a4cefb13a82b5b256b47eb08b63ff14843f8dbd0fb164bc0a32688e5b89e
CancerTargetEvidence	CANCER-011|TGT-PDGFRA	q_value		MCL DepMap analysis	EVID-0029	26Q1	https://depmap.org/portal/data_page/	2026-10-02T19:59:47.750583+00:00	Derived	depmap-m3-v0.2	data\raw\depmap\26Q1\CRISPRGeneEffect.csv	e610a4cefb13a82b5b256b47eb08b63ff14843f8dbd0fb164bc0a32688e5b89e
CancerTargetEvidence	CANCER-011|TGT-PDGFRA	broad_dependency_fraction	0.07036423841059603	DepMap CRISPR Gene Dependency	EVID-0029	26Q1	https://depmap.org/portal/data_page/	2026-10-02T19:59:47.750583+00:00	Derived	depmap-m3-v0.2	data\raw\depmap\26Q1\CRISPRGeneDependency.csv	5de498b8fba15897f4f4d6a93681c25d5d41fdbc29f82a5968abb113cc553308
CancerTargetEvidence	CANCER-011|TGT-CDK4	median_gene_effect	-0.6188941154129559	DepMap CRISPR Gene Effect	EVID-0030	26Q1	https://depmap.org/portal/data_page/	2026-10-02T19:59:47.750583+00:00	Observed	depmap-m3-v0.2	data\raw\depmap\26Q1\CRISPRGeneEffect.csv	e610a4cefb13a82b5b256b47eb08b63ff14843f8dbd0fb164bc0a32688e5b89e
CancerTargetEvidence	CANCER-011|TGT-CDK4	dependency_fraction	0.7	DepMap CRISPR Gene Dependency	EVID-0030	26Q1	https://depmap.org/portal/data_page/	2026-10-02T19:59:47.750583+00:00	Observed	depmap-m3-v0.2	data\raw\depmap\26Q1\CRISPRGeneDependency.csv	5de498b8fba15897f4f4d6a93681c25d5d41fdbc29f82a5968abb113cc553308
CancerTargetEvidence	CANCER-011|TGT-CDK4	median_dependency_probability	0.7649277586148102	DepMap CRISPR Gene Dependency	EVID-0030	26Q1	https://depmap.org/portal/data_page/	2026-10-02T19:59:47.750583+00:00	Observed	depmap-m3-v0.2	data\raw\depmap\26Q1\CRISPRGeneDependency.csv	5de498b8fba15897f4f4d6a93681c25d5d41fdbc29f82a5968abb113cc553308
CancerTargetEvidence	CANCER-011|TGT-CDK4	context_models_n	66	DepMap Model + Omics	EVID-0030	26Q1	https://depmap.org/portal/data_page/	2026-10-02T19:59:47.750583+00:00	Derived	depmap-m3-v0.2	data\raw\depmap\26Q1\Model.csv	ea4e0b2a3bc806f81df62689a5ae75f1a100135727a3d7b8a4c7ccc8815183f8
CancerTargetEvidence	CANCER-011|TGT-CDK4	delta_gene_effect		MCL DepMap analysis	EVID-0030	26Q1	https://depmap.org/portal/data_page/	2026-10-02T19:59:47.750583+00:00	Derived	depmap-m3-v0.2	data\raw\depmap\26Q1\CRISPRGeneEffect.csv	e610a4cefb13a82b5b256b47eb08b63ff14843f8dbd0fb164bc0a32688e5b89e
CancerTargetEvidence	CANCER-011|TGT-CDK4	cliffs_delta		MCL DepMap analysis	EVID-0030	26Q1	https://depmap.org/portal/data_page/	2026-10-02T19:59:47.750583+00:00	Derived	depmap-m3-v0.2	data\raw\depmap\26Q1\CRISPRGeneEffect.csv	e610a4cefb13a82b5b256b47eb08b63ff14843f8dbd0fb164bc0a32688e5b89e
CancerTargetEvidence	CANCER-011|TGT-CDK4	p_value		MCL DepMap analysis	EVID-0030	26Q1	https://depmap.org/portal/data_page/	2026-10-02T19:59:47.750583+00:00	Derived	depmap-m3-v0.2	data\raw\depmap\26Q1\CRISPRGeneEffect.csv	e610a4cefb13a82b5b256b47eb08b63ff14843f8dbd0fb164bc0a32688e5b89e
CancerTargetEvidence	CANCER-011|TGT-CDK4	q_value		MCL DepMap analysis	EVID-0030	26Q1	https://depmap.org/portal/data_page/	2026-10-02T19:59:47.750583+00:00	Derived	depmap-m3-v0.2	data\raw\depmap\26Q1\CRISPRGeneEffect.csv	e610a4cefb13a82b5b256b47eb08b63ff14843f8dbd0fb164bc0a32688e5b89e
CancerTargetEvidence	CANCER-011|TGT-CDK4	broad_dependency_fraction	0.6440397350993378	DepMap CRISPR Gene Dependency	EVID-0030	26Q1	https://depmap.org/portal/data_page/	2026-10-02T19:59:47.750583+00:00	Derived	depmap-m3-v0.2	data\raw\depmap\26Q1\CRISPRGeneDependency.csv	5de498b8fba15897f4f4d6a93681c25d5d41fdbc29f82a5968abb113cc553308
CancerTargetEvidence	CANCER-011|TGT-MDM2	median_gene_effect	-0.4413580138094658	DepMap CRISPR Gene Effect	EVID-0031	26Q1	https://depmap.org/portal/data_page/	2026-10-02T19:59:47.750583+00:00	Observed	depmap-m3-v0.2	data\raw\depmap\26Q1\CRISPRGeneEffect.csv	e610a4cefb13a82b5b256b47eb08b63ff14843f8dbd0fb164bc0a32688e5b89e
CancerTargetEvidence	CANCER-011|TGT-MDM2	dependency_fraction	0.48	DepMap CRISPR Gene Dependency	EVID-0031	26Q1	https://depmap.org/portal/data_page/	2026-10-02T19:59:47.750583+00:00	Observed	depmap-m3-v0.2	data\raw\depmap\26Q1\CRISPRGeneDependency.csv	5de498b8fba15897f4f4d6a93681c25d5d41fdbc29f82a5968abb113cc553308
CancerTargetEvidence	CANCER-011|TGT-MDM2	median_dependency_probability	0.48138720959649717	DepMap CRISPR Gene Dependency	EVID-0031	26Q1	https://depmap.org/portal/data_page/	2026-10-02T19:59:47.750583+00:00	Observed	depmap-m3-v0.2	data\raw\depmap\26Q1\CRISPRGeneDependency.csv	5de498b8fba15897f4f4d6a93681c25d5d41fdbc29f82a5968abb113cc553308
CancerTargetEvidence	CANCER-011|TGT-MDM2	context_models_n	66	DepMap Model + Omics	EVID-0031	26Q1	https://depmap.org/portal/data_page/	2026-10-02T19:59:47.750583+00:00	Derived	depmap-m3-v0.2	data\raw\depmap\26Q1\Model.csv	ea4e0b2a3bc806f81df62689a5ae75f1a100135727a3d7b8a4c7ccc8815183f8
CancerTargetEvidence	CANCER-011|TGT-MDM2	delta_gene_effect		MCL DepMap analysis	EVID-0031	26Q1	https://depmap.org/portal/data_page/	2026-10-02T19:59:47.750583+00:00	Derived	depmap-m3-v0.2	data\raw\depmap\26Q1\CRISPRGeneEffect.csv	e610a4cefb13a82b5b256b47eb08b63ff14843f8dbd0fb164bc0a32688e5b89e
CancerTargetEvidence	CANCER-011|TGT-MDM2	cliffs_delta		MCL DepMap analysis	EVID-0031	26Q1	https://depmap.org/portal/data_page/	2026-10-02T19:59:47.750583+00:00	Derived	depmap-m3-v0.2	data\raw\depmap\26Q1\CRISPRGeneEffect.csv	e610a4cefb13a82b5b256b47eb08b63ff14843f8dbd0fb164bc0a32688e5b89e
CancerTargetEvidence	CANCER-011|TGT-MDM2	p_value		MCL DepMap analysis	EVID-0031	26Q1	https://depmap.org/portal/data_page/	2026-10-02T19:59:47.750583+00:00	Derived	depmap-m3-v0.2	data\raw\depmap\26Q1\CRISPRGeneEffect.csv	e610a4cefb13a82b5b256b47eb08b63ff14843f8dbd0fb164bc0a32688e5b89e
CancerTargetEvidence	CANCER-011|TGT-MDM2	q_value		MCL DepMap analysis	EVID-0031	26Q1	https://depmap.org/portal/data_page/	2026-10-02T19:59:47.750583+00:00	Derived	depmap-m3-v0.2	data\raw\depmap\26Q1\CRISPRGeneEffect.csv	e610a4cefb13a82b5b256b47eb08b63ff14843f8dbd0fb164bc0a32688e5b89e
CancerTargetEvidence	CANCER-011|TGT-MDM2	broad_dependency_fraction	0.4544701986754967	DepMap CRISPR Gene Dependency	EVID-0031	26Q1	https://depmap.org/portal/data_page/	2026-10-02T19:59:47.750583+00:00	Derived	depmap-m3-v0.2	data\raw\depmap\26Q1\CRISPRGeneDependency.csv	5de498b8fba15897f4f4d6a93681c25d5d41fdbc29f82a5968abb113cc553308
CancerTargetEvidence	CANCER-011|TGT-MET	median_gene_effect	-0.06612630170156986	DepMap CRISPR Gene Effect	EVID-0032	26Q1	https://depmap.org/portal/data_page/	2026-10-02T19:59:47.750583+00:00	Observed	depmap-m3-v0.2	data\raw\depmap\26Q1\CRISPRGeneEffect.csv	e610a4cefb13a82b5b256b47eb08b63ff14843f8dbd0fb164bc0a32688e5b89e
CancerTargetEvidence	CANCER-011|TGT-MET	dependency_fraction	0.14	DepMap CRISPR Gene Dependency	EVID-0032	26Q1	https://depmap.org/portal/data_page/	2026-10-02T19:59:47.750583+00:00	Observed	depmap-m3-v0.2	data\raw\depmap\26Q1\CRISPRGeneDependency.csv	5de498b8fba15897f4f4d6a93681c25d5d41fdbc29f82a5968abb113cc553308
CancerTargetEvidence	CANCER-011|TGT-MET	median_dependency_probability	0.0444983000480687	DepMap CRISPR Gene Dependency	EVID-0032	26Q1	https://depmap.org/portal/data_page/	2026-10-02T19:59:47.750583+00:00	Observed	depmap-m3-v0.2	data\raw\depmap\26Q1\CRISPRGeneDependency.csv	5de498b8fba15897f4f4d6a93681c25d5d41fdbc29f82a5968abb113cc553308
CancerTargetEvidence	CANCER-011|TGT-MET	context_models_n	66	DepMap Model + Omics	EVID-0032	26Q1	https://depmap.org/portal/data_page/	2026-10-02T19:59:47.750583+00:00	Derived	depmap-m3-v0.2	data\raw\depmap\26Q1\Model.csv	ea4e0b2a3bc806f81df62689a5ae75f1a100135727a3d7b8a4c7ccc8815183f8
CancerTargetEvidence	CANCER-011|TGT-MET	delta_gene_effect		MCL DepMap analysis	EVID-0032	26Q1	https://depmap.org/portal/data_page/	2026-10-02T19:59:47.750583+00:00	Derived	depmap-m3-v0.2	data\raw\depmap\26Q1\CRISPRGeneEffect.csv	e610a4cefb13a82b5b256b47eb08b63ff14843f8dbd0fb164bc0a32688e5b89e
CancerTargetEvidence	CANCER-011|TGT-MET	cliffs_delta		MCL DepMap analysis	EVID-0032	26Q1	https://depmap.org/portal/data_page/	2026-10-02T19:59:47.750583+00:00	Derived	depmap-m3-v0.2	data\raw\depmap\26Q1\CRISPRGeneEffect.csv	e610a4cefb13a82b5b256b47eb08b63ff14843f8dbd0fb164bc0a32688e5b89e
CancerTargetEvidence	CANCER-011|TGT-MET	p_value		MCL DepMap analysis	EVID-0032	26Q1	https://depmap.org/portal/data_page/	2026-10-02T19:59:47.750583+00:00	Derived	depmap-m3-v0.2	data\raw\depmap\26Q1\CRISPRGeneEffect.csv	e610a4cefb13a82b5b256b47eb08b63ff14843f8dbd0fb164bc0a32688e5b89e
CancerTargetEvidence	CANCER-011|TGT-MET	q_value		MCL DepMap analysis	EVID-0032	26Q1	https://depmap.org/portal/data_page/	2026-10-02T19:59:47.750583+00:00	Derived	depmap-m3-v0.2	data\raw\depmap\26Q1\CRISPRGeneEffect.csv	e610a4cefb13a82b5b256b47eb08b63ff14843f8dbd0fb164bc0a32688e5b89e
CancerTargetEvidence	CANCER-011|TGT-MET	broad_dependency_fraction	0.027317880794701987	DepMap CRISPR Gene Dependency	EVID-0032	26Q1	https://depmap.org/portal/data_page/	2026-10-02T19:59:47.750583+00:00	Derived	depmap-m3-v0.2	data\raw\depmap\26Q1\CRISPRGeneDependency.csv	5de498b8fba15897f4f4d6a93681c25d5d41fdbc29f82a5968abb113cc553308
CancerTargetEvidence	CANCER-011|TGT-PIK3CA	median_gene_effect	-0.3795267752392329	DepMap CRISPR Gene Effect	EVID-0033	26Q1	https://depmap.org/portal/data_page/	2026-10-02T19:59:47.750583+00:00	Observed	depmap-m3-v0.2	data\raw\depmap\26Q1\CRISPRGeneEffect.csv	e610a4cefb13a82b5b256b47eb08b63ff14843f8dbd0fb164bc0a32688e5b89e
CancerTargetEvidence	CANCER-011|TGT-PIK3CA	dependency_fraction	0.4	DepMap CRISPR Gene Dependency	EVID-0033	26Q1	https://depmap.org/portal/data_page/	2026-10-02T19:59:47.750583+00:00	Observed	depmap-m3-v0.2	data\raw\depmap\26Q1\CRISPRGeneDependency.csv	5de498b8fba15897f4f4d6a93681c25d5d41fdbc29f82a5968abb113cc553308
CancerTargetEvidence	CANCER-011|TGT-PIK3CA	median_dependency_probability	0.35076066706535036	DepMap CRISPR Gene Dependency	EVID-0033	26Q1	https://depmap.org/portal/data_page/	2026-10-02T19:59:47.750583+00:00	Observed	depmap-m3-v0.2	data\raw\depmap\26Q1\CRISPRGeneDependency.csv	5de498b8fba15897f4f4d6a93681c25d5d41fdbc29f82a5968abb113cc553308
CancerTargetEvidence	CANCER-011|TGT-PIK3CA	context_models_n	66	DepMap Model + Omics	EVID-0033	26Q1	https://depmap.org/portal/data_page/	2026-10-02T19:59:47.750583+00:00	Derived	depmap-m3-v0.2	data\raw\depmap\26Q1\Model.csv	ea4e0b2a3bc806f81df62689a5ae75f1a100135727a3d7b8a4c7ccc8815183f8
CancerTargetEvidence	CANCER-011|TGT-PIK3CA	delta_gene_effect		MCL DepMap analysis	EVID-0033	26Q1	https://depmap.org/portal/data_page/	2026-10-02T19:59:47.750583+00:00	Derived	depmap-m3-v0.2	data\raw\depmap\26Q1\CRISPRGeneEffect.csv	e610a4cefb13a82b5b256b47eb08b63ff14843f8dbd0fb164bc0a32688e5b89e
CancerTargetEvidence	CANCER-011|TGT-PIK3CA	cliffs_delta		MCL DepMap analysis	EVID-0033	26Q1	https://depmap.org/portal/data_page/	2026-10-02T19:59:47.750583+00:00	Derived	depmap-m3-v0.2	data\raw\depmap\26Q1\CRISPRGeneEffect.csv	e610a4cefb13a82b5b256b47eb08b63ff14843f8dbd0fb164bc0a32688e5b89e
CancerTargetEvidence	CANCER-011|TGT-PIK3CA	p_value		MCL DepMap analysis	EVID-0033	26Q1	https://depmap.org/portal/data_page/	2026-10-02T19:59:47.750583+00:00	Derived	depmap-m3-v0.2	data\raw\depmap\26Q1\CRISPRGeneEffect.csv	e610a4cefb13a82b5b256b47eb08b63ff14843f8dbd0fb164bc0a32688e5b89e
CancerTargetEvidence	CANCER-011|TGT-PIK3CA	q_value		MCL DepMap analysis	EVID-0033	26Q1	https://depmap.org/portal/data_page/	2026-10-02T19:59:47.750583+00:00	Derived	depmap-m3-v0.2	data\raw\depmap\26Q1\CRISPRGeneEffect.csv	e610a4cefb13a82b5b256b47eb08b63ff14843f8dbd0fb164bc0a32688e5b89e
CancerTargetEvidence	CANCER-011|TGT-PIK3CA	broad_dependency_fraction	0.4685430463576159	DepMap CRISPR Gene Dependency	EVID-0033	26Q1	https://depmap.org/portal/data_page/	2026-10-02T19:59:47.750583+00:00	Derived	depmap-m3-v0.2	data\raw\depmap\26Q1\CRISPRGeneDependency.csv	5de498b8fba15897f4f4d6a93681c25d5d41fdbc29f82a5968abb113cc553308
CancerTargetEvidence	CANCER-011|TGT-MTOR	median_gene_effect	-1.2882666426921185	DepMap CRISPR Gene Effect	EVID-0034	26Q1	https://depmap.org/portal/data_page/	2026-10-02T19:59:47.750583+00:00	Observed	depmap-m3-v0.2	data\raw\depmap\26Q1\CRISPRGeneEffect.csv	e610a4cefb13a82b5b256b47eb08b63ff14843f8dbd0fb164bc0a32688e5b89e
CancerTargetEvidence	CANCER-011|TGT-MTOR	dependency_fraction	1.0	DepMap CRISPR Gene Dependency	EVID-0034	26Q1	https://depmap.org/portal/data_page/	2026-10-02T19:59:47.750583+00:00	Observed	depmap-m3-v0.2	data\raw\depmap\26Q1\CRISPRGeneDependency.csv	5de498b8fba15897f4f4d6a93681c25d5d41fdbc29f82a5968abb113cc553308
CancerTargetEvidence	CANCER-011|TGT-MTOR	median_dependency_probability	0.9936401521173281	DepMap CRISPR Gene Dependency	EVID-0034	26Q1	https://depmap.org/portal/data_page/	2026-10-02T19:59:47.750583+00:00	Observed	depmap-m3-v0.2	data\raw\depmap\26Q1\CRISPRGeneDependency.csv	5de498b8fba15897f4f4d6a93681c25d5d41fdbc29f82a5968abb113cc553308
CancerTargetEvidence	CANCER-011|TGT-MTOR	context_models_n	66	DepMap Model + Omics	EVID-0034	26Q1	https://depmap.org/portal/data_page/	2026-10-02T19:59:47.750583+00:00	Derived	depmap-m3-v0.2	data\raw\depmap\26Q1\Model.csv	ea4e0b2a3bc806f81df62689a5ae75f1a100135727a3d7b8a4c7ccc8815183f8
CancerTargetEvidence	CANCER-011|TGT-MTOR	delta_gene_effect		MCL DepMap analysis	EVID-0034	26Q1	https://depmap.org/portal/data_page/	2026-10-02T19:59:47.750583+00:00	Derived	depmap-m3-v0.2	data\raw\depmap\26Q1\CRISPRGeneEffect.csv	e610a4cefb13a82b5b256b47eb08b63ff14843f8dbd0fb164bc0a32688e5b89e
CancerTargetEvidence	CANCER-011|TGT-MTOR	cliffs_delta		MCL DepMap analysis	EVID-0034	26Q1	https://depmap.org/portal/data_page/	2026-10-02T19:59:47.750583+00:00	Derived	depmap-m3-v0.2	data\raw\depmap\26Q1\CRISPRGeneEffect.csv	e610a4cefb13a82b5b256b47eb08b63ff14843f8dbd0fb164bc0a32688e5b89e
CancerTargetEvidence	CANCER-011|TGT-MTOR	p_value		MCL DepMap analysis	EVID-0034	26Q1	https://depmap.org/portal/data_page/	2026-10-02T19:59:47.750583+00:00	Derived	depmap-m3-v0.2	data\raw\depmap\26Q1\CRISPRGeneEffect.csv	e610a4cefb13a82b5b256b47eb08b63ff14843f8dbd0fb164bc0a32688e5b89e
CancerTargetEvidence	CANCER-011|TGT-MTOR	q_value		MCL DepMap analysis	EVID-0034	26Q1	https://depmap.org/portal/data_page/	2026-10-02T19:59:47.750583+00:00	Derived	depmap-m3-v0.2	data\raw\depmap\26Q1\CRISPRGeneEffect.csv	e610a4cefb13a82b5b256b47eb08b63ff14843f8dbd0fb164bc0a32688e5b89e
CancerTargetEvidence	CANCER-011|TGT-MTOR	broad_dependency_fraction	0.9817880794701986	DepMap CRISPR Gene Dependency	EVID-0034	26Q1	https://depmap.org/portal/data_page/	2026-10-02T19:59:47.750583+00:00	Derived	depmap-m3-v0.2	data\raw\depmap\26Q1\CRISPRGeneDependency.csv	5de498b8fba15897f4f4d6a93681c25d5d41fdbc29f82a5968abb113cc553308
CancerTargetEvidence	CANCER-011|TGT-WEE1	median_gene_effect	-2.6767443978774805	DepMap CRISPR Gene Effect	EVID-0035	26Q1	https://depmap.org/portal/data_page/	2026-10-02T19:59:47.750583+00:00	Observed	depmap-m3-v0.2	data\raw\depmap\26Q1\CRISPRGeneEffect.csv	e610a4cefb13a82b5b256b47eb08b63ff14843f8dbd0fb164bc0a32688e5b89e
CancerTargetEvidence	CANCER-011|TGT-WEE1	dependency_fraction	1.0	DepMap CRISPR Gene Dependency	EVID-0035	26Q1	https://depmap.org/portal/data_page/	2026-10-02T19:59:47.750583+00:00	Observed	depmap-m3-v0.2	data\raw\depmap\26Q1\CRISPRGeneDependency.csv	5de498b8fba15897f4f4d6a93681c25d5d41fdbc29f82a5968abb113cc553308
CancerTargetEvidence	CANCER-011|TGT-WEE1	median_dependency_probability	1.0	DepMap CRISPR Gene Dependency	EVID-0035	26Q1	https://depmap.org/portal/data_page/	2026-10-02T19:59:47.750583+00:00	Observed	depmap-m3-v0.2	data\raw\depmap\26Q1\CRISPRGeneDependency.csv	5de498b8fba15897f4f4d6a93681c25d5d41fdbc29f82a5968abb113cc553308
CancerTargetEvidence	CANCER-011|TGT-WEE1	context_models_n	66	DepMap Model + Omics	EVID-0035	26Q1	https://depmap.org/portal/data_page/	2026-10-02T19:59:47.750583+00:00	Derived	depmap-m3-v0.2	data\raw\depmap\26Q1\Model.csv	ea4e0b2a3bc806f81df62689a5ae75f1a100135727a3d7b8a4c7ccc8815183f8
CancerTargetEvidence	CANCER-011|TGT-WEE1	delta_gene_effect		MCL DepMap analysis	EVID-0035	26Q1	https://depmap.org/portal/data_page/	2026-10-02T19:59:47.750583+00:00	Derived	depmap-m3-v0.2	data\raw\depmap\26Q1\CRISPRGeneEffect.csv	e610a4cefb13a82b5b256b47eb08b63ff14843f8dbd0fb164bc0a32688e5b89e
CancerTargetEvidence	CANCER-011|TGT-WEE1	cliffs_delta		MCL DepMap analysis	EVID-0035	26Q1	https://depmap.org/portal/data_page/	2026-10-02T19:59:47.750583+00:00	Derived	depmap-m3-v0.2	data\raw\depmap\26Q1\CRISPRGeneEffect.csv	e610a4cefb13a82b5b256b47eb08b63ff14843f8dbd0fb164bc0a32688e5b89e
CancerTargetEvidence	CANCER-011|TGT-WEE1	p_value		MCL DepMap analysis	EVID-0035	26Q1	https://depmap.org/portal/data_page/	2026-10-02T19:59:47.750583+00:00	Derived	depmap-m3-v0.2	data\raw\depmap\26Q1\CRISPRGeneEffect.csv	e610a4cefb13a82b5b256b47eb08b63ff14843f8dbd0fb164bc0a32688e5b89e
CancerTargetEvidence	CANCER-011|TGT-WEE1	q_value		MCL DepMap analysis	EVID-0035	26Q1	https://depmap.org/portal/data_page/	2026-10-02T19:59:47.750583+00:00	Derived	depmap-m3-v0.2	data\raw\depmap\26Q1\CRISPRGeneEffect.csv	e610a4cefb13a82b5b256b47eb08b63ff14843f8dbd0fb164bc0a32688e5b89e
CancerTargetEvidence	CANCER-011|TGT-WEE1	broad_dependency_fraction	1.0	DepMap CRISPR Gene Dependency	EVID-0035	26Q1	https://depmap.org/portal/data_page/	2026-10-02T19:59:47.750583+00:00	Derived	depmap-m3-v0.2	data\raw\depmap\26Q1\CRISPRGeneDependency.csv	5de498b8fba15897f4f4d6a93681c25d5d41fdbc29f82a5968abb113cc553308
CancerTargetEvidence	CANCER-011|TGT-FGFR3	median_gene_effect	0.0047508458625726	DepMap CRISPR Gene Effect	EVID-0036	26Q1	https://depmap.org/portal/data_page/	2026-10-02T19:59:47.750583+00:00	Observed	depmap-m3-v0.2	data\raw\depmap\26Q1\CRISPRGeneEffect.csv	e610a4cefb13a82b5b256b47eb08b63ff14843f8dbd0fb164bc0a32688e5b89e
CancerTargetEvidence	CANCER-011|TGT-FGFR3	dependency_fraction	0.0	DepMap CRISPR Gene Dependency	EVID-0036	26Q1	https://depmap.org/portal/data_page/	2026-10-02T19:59:47.750583+00:00	Observed	depmap-m3-v0.2	data\raw\depmap\26Q1\CRISPRGeneDependency.csv	5de498b8fba15897f4f4d6a93681c25d5d41fdbc29f82a5968abb113cc553308
CancerTargetEvidence	CANCER-011|TGT-FGFR3	median_dependency_probability	0.0253334676897606	DepMap CRISPR Gene Dependency	EVID-0036	26Q1	https://depmap.org/portal/data_page/	2026-10-02T19:59:47.750583+00:00	Observed	depmap-m3-v0.2	data\raw\depmap\26Q1\CRISPRGeneDependency.csv	5de498b8fba15897f4f4d6a93681c25d5d41fdbc29f82a5968abb113cc553308
CancerTargetEvidence	CANCER-011|TGT-FGFR3	context_models_n	66	DepMap Model + Omics	EVID-0036	26Q1	https://depmap.org/portal/data_page/	2026-10-02T19:59:47.750583+00:00	Derived	depmap-m3-v0.2	data\raw\depmap\26Q1\Model.csv	ea4e0b2a3bc806f81df62689a5ae75f1a100135727a3d7b8a4c7ccc8815183f8
CancerTargetEvidence	CANCER-011|TGT-FGFR3	delta_gene_effect		MCL DepMap analysis	EVID-0036	26Q1	https://depmap.org/portal/data_page/	2026-10-02T19:59:47.750583+00:00	Derived	depmap-m3-v0.2	data\raw\depmap\26Q1\CRISPRGeneEffect.csv	e610a4cefb13a82b5b256b47eb08b63ff14843f8dbd0fb164bc0a32688e5b89e
CancerTargetEvidence	CANCER-011|TGT-FGFR3	cliffs_delta		MCL DepMap analysis	EVID-0036	26Q1	https://depmap.org/portal/data_page/	2026-10-02T19:59:47.750583+00:00	Derived	depmap-m3-v0.2	data\raw\depmap\26Q1\CRISPRGeneEffect.csv	e610a4cefb13a82b5b256b47eb08b63ff14843f8dbd0fb164bc0a32688e5b89e
CancerTargetEvidence	CANCER-011|TGT-FGFR3	p_value		MCL DepMap analysis	EVID-0036	26Q1	https://depmap.org/portal/data_page/	2026-10-02T19:59:47.750583+00:00	Derived	depmap-m3-v0.2	data\raw\depmap\26Q1\CRISPRGeneEffect.csv	e610a4cefb13a82b5b256b47eb08b63ff14843f8dbd0fb164bc0a32688e5b89e
CancerTargetEvidence	CANCER-011|TGT-FGFR3	q_value		MCL DepMap analysis	EVID-0036	26Q1	https://depmap.org/portal/data_page/	2026-10-02T19:59:47.750583+00:00	Derived	depmap-m3-v0.2	data\raw\depmap\26Q1\CRISPRGeneEffect.csv	e610a4cefb13a82b5b256b47eb08b63ff14843f8dbd0fb164bc0a32688e5b89e
CancerTargetEvidence	CANCER-011|TGT-FGFR3	broad_dependency_fraction	0.005794701986754967	DepMap CRISPR Gene Dependency	EVID-0036	26Q1	https://depmap.org/portal/data_page/	2026-10-02T19:59:47.750583+00:00	Derived	depmap-m3-v0.2	data\raw\depmap\26Q1\CRISPRGeneDependency.csv	5de498b8fba15897f4f4d6a93681c25d5d41fdbc29f82a5968abb113cc553308
CancerTargetEvidence	CANCER-013|TGT-PTPN11	median_gene_effect	-1.288686272924079	DepMap CRISPR Gene Effect	EVID-0037	26Q1	https://depmap.org/portal/data_page/	2026-10-02T19:59:47.750583+00:00	Observed	depmap-m3-v0.2	data\raw\depmap\26Q1\CRISPRGeneEffect.csv	e610a4cefb13a82b5b256b47eb08b63ff14843f8dbd0fb164bc0a32688e5b89e
CancerTargetEvidence	CANCER-013|TGT-PTPN11	dependency_fraction	1.0	DepMap CRISPR Gene Dependency	EVID-0037	26Q1	https://depmap.org/portal/data_page/	2026-10-02T19:59:47.750583+00:00	Observed	depmap-m3-v0.2	data\raw\depmap\26Q1\CRISPRGeneDependency.csv	5de498b8fba15897f4f4d6a93681c25d5d41fdbc29f82a5968abb113cc553308
CancerTargetEvidence	CANCER-013|TGT-PTPN11	median_dependency_probability	0.9884960584817252	DepMap CRISPR Gene Dependency	EVID-0037	26Q1	https://depmap.org/portal/data_page/	2026-10-02T19:59:47.750583+00:00	Observed	depmap-m3-v0.2	data\raw\depmap\26Q1\CRISPRGeneDependency.csv	5de498b8fba15897f4f4d6a93681c25d5d41fdbc29f82a5968abb113cc553308
CancerTargetEvidence	CANCER-013|TGT-PTPN11	context_models_n	4	DepMap Model + Omics	EVID-0037	26Q1	https://depmap.org/portal/data_page/	2026-10-02T19:59:47.750583+00:00	Derived	depmap-m3-v0.2	data\raw\depmap\26Q1\Model.csv	ea4e0b2a3bc806f81df62689a5ae75f1a100135727a3d7b8a4c7ccc8815183f8
CancerTargetEvidence	CANCER-013|TGT-PTPN11	delta_gene_effect	-0.40434789185625264	MCL DepMap analysis	EVID-0037	26Q1	https://depmap.org/portal/data_page/	2026-10-02T19:59:47.750583+00:00	Derived	depmap-m3-v0.2	data\raw\depmap\26Q1\CRISPRGeneEffect.csv	e610a4cefb13a82b5b256b47eb08b63ff14843f8dbd0fb164bc0a32688e5b89e
CancerTargetEvidence	CANCER-013|TGT-PTPN11	cliffs_delta	-0.2	MCL DepMap analysis	EVID-0037	26Q1	https://depmap.org/portal/data_page/	2026-10-02T19:59:47.750583+00:00	Derived	depmap-m3-v0.2	data\raw\depmap\26Q1\CRISPRGeneEffect.csv	e610a4cefb13a82b5b256b47eb08b63ff14843f8dbd0fb164bc0a32688e5b89e
CancerTargetEvidence	CANCER-013|TGT-PTPN11	p_value	0.634669678147939	MCL DepMap analysis	EVID-0037	26Q1	https://depmap.org/portal/data_page/	2026-10-02T19:59:47.750583+00:00	Derived	depmap-m3-v0.2	data\raw\depmap\26Q1\CRISPRGeneEffect.csv	e610a4cefb13a82b5b256b47eb08b63ff14843f8dbd0fb164bc0a32688e5b89e
CancerTargetEvidence	CANCER-013|TGT-PTPN11	q_value	0.8583513704839004	MCL DepMap analysis	EVID-0037	26Q1	https://depmap.org/portal/data_page/	2026-10-02T19:59:47.750583+00:00	Derived	depmap-m3-v0.2	data\raw\depmap\26Q1\CRISPRGeneEffect.csv	e610a4cefb13a82b5b256b47eb08b63ff14843f8dbd0fb164bc0a32688e5b89e
CancerTargetEvidence	CANCER-013|TGT-PTPN11	broad_dependency_fraction	0.7044701986754967	DepMap CRISPR Gene Dependency	EVID-0037	26Q1	https://depmap.org/portal/data_page/	2026-10-02T19:59:47.750583+00:00	Derived	depmap-m3-v0.2	data\raw\depmap\26Q1\CRISPRGeneDependency.csv	5de498b8fba15897f4f4d6a93681c25d5d41fdbc29f82a5968abb113cc553308
CancerTargetEvidence	CANCER-013|TGT-NRAS	median_gene_effect	-0.0719804429596002	DepMap CRISPR Gene Effect	EVID-0038	26Q1	https://depmap.org/portal/data_page/	2026-10-02T19:59:47.750583+00:00	Observed	depmap-m3-v0.2	data\raw\depmap\26Q1\CRISPRGeneEffect.csv	e610a4cefb13a82b5b256b47eb08b63ff14843f8dbd0fb164bc0a32688e5b89e
CancerTargetEvidence	CANCER-013|TGT-NRAS	dependency_fraction	0.0	DepMap CRISPR Gene Dependency	EVID-0038	26Q1	https://depmap.org/portal/data_page/	2026-10-02T19:59:47.750583+00:00	Observed	depmap-m3-v0.2	data\raw\depmap\26Q1\CRISPRGeneDependency.csv	5de498b8fba15897f4f4d6a93681c25d5d41fdbc29f82a5968abb113cc553308
CancerTargetEvidence	CANCER-013|TGT-NRAS	median_dependency_probability	0.0376067232309678	DepMap CRISPR Gene Dependency	EVID-0038	26Q1	https://depmap.org/portal/data_page/	2026-10-02T19:59:47.750583+00:00	Observed	depmap-m3-v0.2	data\raw\depmap\26Q1\CRISPRGeneDependency.csv	5de498b8fba15897f4f4d6a93681c25d5d41fdbc29f82a5968abb113cc553308
CancerTargetEvidence	CANCER-013|TGT-NRAS	context_models_n	4	DepMap Model + Omics	EVID-0038	26Q1	https://depmap.org/portal/data_page/	2026-10-02T19:59:47.750583+00:00	Derived	depmap-m3-v0.2	data\raw\depmap\26Q1\Model.csv	ea4e0b2a3bc806f81df62689a5ae75f1a100135727a3d7b8a4c7ccc8815183f8
CancerTargetEvidence	CANCER-013|TGT-NRAS	delta_gene_effect	0.06471473078788355	MCL DepMap analysis	EVID-0038	26Q1	https://depmap.org/portal/data_page/	2026-10-02T19:59:47.750583+00:00	Derived	depmap-m3-v0.2	data\raw\depmap\26Q1\CRISPRGeneEffect.csv	e610a4cefb13a82b5b256b47eb08b63ff14843f8dbd0fb164bc0a32688e5b89e
CancerTargetEvidence	CANCER-013|TGT-NRAS	cliffs_delta	0.3333333333333333	MCL DepMap analysis	EVID-0038	26Q1	https://depmap.org/portal/data_page/	2026-10-02T19:59:47.750583+00:00	Derived	depmap-m3-v0.2	data\raw\depmap\26Q1\CRISPRGeneEffect.csv	e610a4cefb13a82b5b256b47eb08b63ff14843f8dbd0fb164bc0a32688e5b89e
CancerTargetEvidence	CANCER-013|TGT-NRAS	p_value	0.4042913608130999	MCL DepMap analysis	EVID-0038	26Q1	https://depmap.org/portal/data_page/	2026-10-02T19:59:47.750583+00:00	Derived	depmap-m3-v0.2	data\raw\depmap\26Q1\CRISPRGeneEffect.csv	e610a4cefb13a82b5b256b47eb08b63ff14843f8dbd0fb164bc0a32688e5b89e
CancerTargetEvidence	CANCER-013|TGT-NRAS	q_value	0.7622811970638057	MCL DepMap analysis	EVID-0038	26Q1	https://depmap.org/portal/data_page/	2026-10-02T19:59:47.750583+00:00	Derived	depmap-m3-v0.2	data\raw\depmap\26Q1\CRISPRGeneEffect.csv	e610a4cefb13a82b5b256b47eb08b63ff14843f8dbd0fb164bc0a32688e5b89e
CancerTargetEvidence	CANCER-013|TGT-NRAS	broad_dependency_fraction	0.08526490066225166	DepMap CRISPR Gene Dependency	EVID-0038	26Q1	https://depmap.org/portal/data_page/	2026-10-02T19:59:47.750583+00:00	Derived	depmap-m3-v0.2	data\raw\depmap\26Q1\CRISPRGeneDependency.csv	5de498b8fba15897f4f4d6a93681c25d5d41fdbc29f82a5968abb113cc553308
CancerTargetEvidence	CANCER-013|TGT-AURKB	median_gene_effect	-2.102143103726432	DepMap CRISPR Gene Effect	EVID-0039	26Q1	https://depmap.org/portal/data_page/	2026-10-02T19:59:47.750583+00:00	Observed	depmap-m3-v0.2	data\raw\depmap\26Q1\CRISPRGeneEffect.csv	e610a4cefb13a82b5b256b47eb08b63ff14843f8dbd0fb164bc0a32688e5b89e
CancerTargetEvidence	CANCER-013|TGT-AURKB	dependency_fraction	1.0	DepMap CRISPR Gene Dependency	EVID-0039	26Q1	https://depmap.org/portal/data_page/	2026-10-02T19:59:47.750583+00:00	Observed	depmap-m3-v0.2	data\raw\depmap\26Q1\CRISPRGeneDependency.csv	5de498b8fba15897f4f4d6a93681c25d5d41fdbc29f82a5968abb113cc553308
CancerTargetEvidence	CANCER-013|TGT-AURKB	median_dependency_probability	1.0	DepMap CRISPR Gene Dependency	EVID-0039	26Q1	https://depmap.org/portal/data_page/	2026-10-02T19:59:47.750583+00:00	Observed	depmap-m3-v0.2	data\raw\depmap\26Q1\CRISPRGeneDependency.csv	5de498b8fba15897f4f4d6a93681c25d5d41fdbc29f82a5968abb113cc553308
CancerTargetEvidence	CANCER-013|TGT-AURKB	context_models_n	4	DepMap Model + Omics	EVID-0039	26Q1	https://depmap.org/portal/data_page/	2026-10-02T19:59:47.750583+00:00	Derived	depmap-m3-v0.2	data\raw\depmap\26Q1\Model.csv	ea4e0b2a3bc806f81df62689a5ae75f1a100135727a3d7b8a4c7ccc8815183f8
CancerTargetEvidence	CANCER-013|TGT-AURKB	delta_gene_effect	0.3406516214130222	MCL DepMap analysis	EVID-0039	26Q1	https://depmap.org/portal/data_page/	2026-10-02T19:59:47.750583+00:00	Derived	depmap-m3-v0.2	data\raw\depmap\26Q1\CRISPRGeneEffect.csv	e610a4cefb13a82b5b256b47eb08b63ff14843f8dbd0fb164bc0a32688e5b89e
CancerTargetEvidence	CANCER-013|TGT-AURKB	cliffs_delta	0.3	MCL DepMap analysis	EVID-0039	26Q1	https://depmap.org/portal/data_page/	2026-10-02T19:59:47.750583+00:00	Derived	depmap-m3-v0.2	data\raw\depmap\26Q1\CRISPRGeneEffect.csv	e610a4cefb13a82b5b256b47eb08b63ff14843f8dbd0fb164bc0a32688e5b89e
CancerTargetEvidence	CANCER-013|TGT-AURKB	p_value	0.4573687182382834	MCL DepMap analysis	EVID-0039	26Q1	https://depmap.org/portal/data_page/	2026-10-02T19:59:47.750583+00:00	Derived	depmap-m3-v0.2	data\raw\depmap\26Q1\CRISPRGeneEffect.csv	e610a4cefb13a82b5b256b47eb08b63ff14843f8dbd0fb164bc0a32688e5b89e
CancerTargetEvidence	CANCER-013|TGT-AURKB	q_value	0.7622811970638057	MCL DepMap analysis	EVID-0039	26Q1	https://depmap.org/portal/data_page/	2026-10-02T19:59:47.750583+00:00	Derived	depmap-m3-v0.2	data\raw\depmap\26Q1\CRISPRGeneEffect.csv	e610a4cefb13a82b5b256b47eb08b63ff14843f8dbd0fb164bc0a32688e5b89e
CancerTargetEvidence	CANCER-013|TGT-AURKB	broad_dependency_fraction	0.9966887417218543	DepMap CRISPR Gene Dependency	EVID-0039	26Q1	https://depmap.org/portal/data_page/	2026-10-02T19:59:47.750583+00:00	Derived	depmap-m3-v0.2	data\raw\depmap\26Q1\CRISPRGeneDependency.csv	5de498b8fba15897f4f4d6a93681c25d5d41fdbc29f82a5968abb113cc553308
CancerTargetEvidence	CANCER-013|TGT-AXL	median_gene_effect	0.0300445058934514	DepMap CRISPR Gene Effect	EVID-0040	26Q1	https://depmap.org/portal/data_page/	2026-10-02T19:59:47.750583+00:00	Observed	depmap-m3-v0.2	data\raw\depmap\26Q1\CRISPRGeneEffect.csv	e610a4cefb13a82b5b256b47eb08b63ff14843f8dbd0fb164bc0a32688e5b89e
CancerTargetEvidence	CANCER-013|TGT-AXL	dependency_fraction	0.0	DepMap CRISPR Gene Dependency	EVID-0040	26Q1	https://depmap.org/portal/data_page/	2026-10-02T19:59:47.750583+00:00	Observed	depmap-m3-v0.2	data\raw\depmap\26Q1\CRISPRGeneDependency.csv	5de498b8fba15897f4f4d6a93681c25d5d41fdbc29f82a5968abb113cc553308
CancerTargetEvidence	CANCER-013|TGT-AXL	median_dependency_probability	0.0140445924764955	DepMap CRISPR Gene Dependency	EVID-0040	26Q1	https://depmap.org/portal/data_page/	2026-10-02T19:59:47.750583+00:00	Observed	depmap-m3-v0.2	data\raw\depmap\26Q1\CRISPRGeneDependency.csv	5de498b8fba15897f4f4d6a93681c25d5d41fdbc29f82a5968abb113cc553308
CancerTargetEvidence	CANCER-013|TGT-AXL	context_models_n	4	DepMap Model + Omics	EVID-0040	26Q1	https://depmap.org/portal/data_page/	2026-10-02T19:59:47.750583+00:00	Derived	depmap-m3-v0.2	data\raw\depmap\26Q1\Model.csv	ea4e0b2a3bc806f81df62689a5ae75f1a100135727a3d7b8a4c7ccc8815183f8
CancerTargetEvidence	CANCER-013|TGT-AXL	delta_gene_effect	0.08999794354726419	MCL DepMap analysis	EVID-0040	26Q1	https://depmap.org/portal/data_page/	2026-10-02T19:59:47.750583+00:00	Derived	depmap-m3-v0.2	data\raw\depmap\26Q1\CRISPRGeneEffect.csv	e610a4cefb13a82b5b256b47eb08b63ff14843f8dbd0fb164bc0a32688e5b89e
CancerTargetEvidence	CANCER-013|TGT-AXL	cliffs_delta	0.36666666666666664	MCL DepMap analysis	EVID-0040	26Q1	https://depmap.org/portal/data_page/	2026-10-02T19:59:47.750583+00:00	Derived	depmap-m3-v0.2	data\raw\depmap\26Q1\CRISPRGeneEffect.csv	e610a4cefb13a82b5b256b47eb08b63ff14843f8dbd0fb164bc0a32688e5b89e
CancerTargetEvidence	CANCER-013|TGT-AXL	p_value	0.3546019198193111	MCL DepMap analysis	EVID-0040	26Q1	https://depmap.org/portal/data_page/	2026-10-02T19:59:47.750583+00:00	Derived	depmap-m3-v0.2	data\raw\depmap\26Q1\CRISPRGeneEffect.csv	e610a4cefb13a82b5b256b47eb08b63ff14843f8dbd0fb164bc0a32688e5b89e
CancerTargetEvidence	CANCER-013|TGT-AXL	q_value	0.7387539996235648	MCL DepMap analysis	EVID-0040	26Q1	https://depmap.org/portal/data_page/	2026-10-02T19:59:47.750583+00:00	Derived	depmap-m3-v0.2	data\raw\depmap\26Q1\CRISPRGeneEffect.csv	e610a4cefb13a82b5b256b47eb08b63ff14843f8dbd0fb164bc0a32688e5b89e
CancerTargetEvidence	CANCER-013|TGT-AXL	broad_dependency_fraction	0.012417218543046357	DepMap CRISPR Gene Dependency	EVID-0040	26Q1	https://depmap.org/portal/data_page/	2026-10-02T19:59:47.750583+00:00	Derived	depmap-m3-v0.2	data\raw\depmap\26Q1\CRISPRGeneDependency.csv	5de498b8fba15897f4f4d6a93681c25d5d41fdbc29f82a5968abb113cc553308
CancerTargetEvidence	CANCER-013|TGT-BCL2	median_gene_effect	-0.7729042668289591	DepMap CRISPR Gene Effect	EVID-0041	26Q1	https://depmap.org/portal/data_page/	2026-10-02T19:59:47.750583+00:00	Observed	depmap-m3-v0.2	data\raw\depmap\26Q1\CRISPRGeneEffect.csv	e610a4cefb13a82b5b256b47eb08b63ff14843f8dbd0fb164bc0a32688e5b89e
CancerTargetEvidence	CANCER-013|TGT-BCL2	dependency_fraction	1.0	DepMap CRISPR Gene Dependency	EVID-0041	26Q1	https://depmap.org/portal/data_page/	2026-10-02T19:59:47.750583+00:00	Observed	depmap-m3-v0.2	data\raw\depmap\26Q1\CRISPRGeneDependency.csv	5de498b8fba15897f4f4d6a93681c25d5d41fdbc29f82a5968abb113cc553308
CancerTargetEvidence	CANCER-013|TGT-BCL2	median_dependency_probability	0.9162387531475356	DepMap CRISPR Gene Dependency	EVID-0041	26Q1	https://depmap.org/portal/data_page/	2026-10-02T19:59:47.750583+00:00	Observed	depmap-m3-v0.2	data\raw\depmap\26Q1\CRISPRGeneDependency.csv	5de498b8fba15897f4f4d6a93681c25d5d41fdbc29f82a5968abb113cc553308
CancerTargetEvidence	CANCER-013|TGT-BCL2	context_models_n	4	DepMap Model + Omics	EVID-0041	26Q1	https://depmap.org/portal/data_page/	2026-10-02T19:59:47.750583+00:00	Derived	depmap-m3-v0.2	data\raw\depmap\26Q1\Model.csv	ea4e0b2a3bc806f81df62689a5ae75f1a100135727a3d7b8a4c7ccc8815183f8
CancerTargetEvidence	CANCER-013|TGT-BCL2	delta_gene_effect	-0.5486569775270174	MCL DepMap analysis	EVID-0041	26Q1	https://depmap.org/portal/data_page/	2026-10-02T19:59:47.750583+00:00	Derived	depmap-m3-v0.2	data\raw\depmap\26Q1\CRISPRGeneEffect.csv	e610a4cefb13a82b5b256b47eb08b63ff14843f8dbd0fb164bc0a32688e5b89e
CancerTargetEvidence	CANCER-013|TGT-BCL2	cliffs_delta	-0.7333333333333333	MCL DepMap analysis	EVID-0041	26Q1	https://depmap.org/portal/data_page/	2026-10-02T19:59:47.750583+00:00	Derived	depmap-m3-v0.2	data\raw\depmap\26Q1\CRISPRGeneEffect.csv	e610a4cefb13a82b5b256b47eb08b63ff14843f8dbd0fb164bc0a32688e5b89e
CancerTargetEvidence	CANCER-013|TGT-BCL2	p_value	0.04630152456239412	MCL DepMap analysis	EVID-0041	26Q1	https://depmap.org/portal/data_page/	2026-10-02T19:59:47.750583+00:00	Derived	depmap-m3-v0.2	data\raw\depmap\26Q1\CRISPRGeneEffect.csv	e610a4cefb13a82b5b256b47eb08b63ff14843f8dbd0fb164bc0a32688e5b89e
CancerTargetEvidence	CANCER-013|TGT-BCL2	q_value	0.19292301900997552	MCL DepMap analysis	EVID-0041	26Q1	https://depmap.org/portal/data_page/	2026-10-02T19:59:47.750583+00:00	Derived	depmap-m3-v0.2	data\raw\depmap\26Q1\CRISPRGeneEffect.csv	e610a4cefb13a82b5b256b47eb08b63ff14843f8dbd0fb164bc0a32688e5b89e
CancerTargetEvidence	CANCER-013|TGT-BCL2	broad_dependency_fraction	0.03642384105960265	DepMap CRISPR Gene Dependency	EVID-0041	26Q1	https://depmap.org/portal/data_page/	2026-10-02T19:59:47.750583+00:00	Derived	depmap-m3-v0.2	data\raw\depmap\26Q1\CRISPRGeneDependency.csv	5de498b8fba15897f4f4d6a93681c25d5d41fdbc29f82a5968abb113cc553308
CancerTargetEvidence	CANCER-013|TGT-MCL1	median_gene_effect	-1.202517685210672	DepMap CRISPR Gene Effect	EVID-0042	26Q1	https://depmap.org/portal/data_page/	2026-10-02T19:59:47.750583+00:00	Observed	depmap-m3-v0.2	data\raw\depmap\26Q1\CRISPRGeneEffect.csv	e610a4cefb13a82b5b256b47eb08b63ff14843f8dbd0fb164bc0a32688e5b89e
CancerTargetEvidence	CANCER-013|TGT-MCL1	dependency_fraction	1.0	DepMap CRISPR Gene Dependency	EVID-0042	26Q1	https://depmap.org/portal/data_page/	2026-10-02T19:59:47.750583+00:00	Observed	depmap-m3-v0.2	data\raw\depmap\26Q1\CRISPRGeneDependency.csv	5de498b8fba15897f4f4d6a93681c25d5d41fdbc29f82a5968abb113cc553308
CancerTargetEvidence	CANCER-013|TGT-MCL1	median_dependency_probability	0.9951298578103546	DepMap CRISPR Gene Dependency	EVID-0042	26Q1	https://depmap.org/portal/data_page/	2026-10-02T19:59:47.750583+00:00	Observed	depmap-m3-v0.2	data\raw\depmap\26Q1\CRISPRGeneDependency.csv	5de498b8fba15897f4f4d6a93681c25d5d41fdbc29f82a5968abb113cc553308
CancerTargetEvidence	CANCER-013|TGT-MCL1	context_models_n	4	DepMap Model + Omics	EVID-0042	26Q1	https://depmap.org/portal/data_page/	2026-10-02T19:59:47.750583+00:00	Derived	depmap-m3-v0.2	data\raw\depmap\26Q1\Model.csv	ea4e0b2a3bc806f81df62689a5ae75f1a100135727a3d7b8a4c7ccc8815183f8
CancerTargetEvidence	CANCER-013|TGT-MCL1	delta_gene_effect	-0.34604024062350836	MCL DepMap analysis	EVID-0042	26Q1	https://depmap.org/portal/data_page/	2026-10-02T19:59:47.750583+00:00	Derived	depmap-m3-v0.2	data\raw\depmap\26Q1\CRISPRGeneEffect.csv	e610a4cefb13a82b5b256b47eb08b63ff14843f8dbd0fb164bc0a32688e5b89e
CancerTargetEvidence	CANCER-013|TGT-MCL1	cliffs_delta	-0.36666666666666664	MCL DepMap analysis	EVID-0042	26Q1	https://depmap.org/portal/data_page/	2026-10-02T19:59:47.750583+00:00	Derived	depmap-m3-v0.2	data\raw\depmap\26Q1\CRISPRGeneEffect.csv	e610a4cefb13a82b5b256b47eb08b63ff14843f8dbd0fb164bc0a32688e5b89e
CancerTargetEvidence	CANCER-013|TGT-MCL1	p_value	0.3546019198193111	MCL DepMap analysis	EVID-0042	26Q1	https://depmap.org/portal/data_page/	2026-10-02T19:59:47.750583+00:00	Derived	depmap-m3-v0.2	data\raw\depmap\26Q1\CRISPRGeneEffect.csv	e610a4cefb13a82b5b256b47eb08b63ff14843f8dbd0fb164bc0a32688e5b89e
CancerTargetEvidence	CANCER-013|TGT-MCL1	q_value	0.7387539996235648	MCL DepMap analysis	EVID-0042	26Q1	https://depmap.org/portal/data_page/	2026-10-02T19:59:47.750583+00:00	Derived	depmap-m3-v0.2	data\raw\depmap\26Q1\CRISPRGeneEffect.csv	e610a4cefb13a82b5b256b47eb08b63ff14843f8dbd0fb164bc0a32688e5b89e
CancerTargetEvidence	CANCER-013|TGT-MCL1	broad_dependency_fraction	0.6837748344370861	DepMap CRISPR Gene Dependency	EVID-0042	26Q1	https://depmap.org/portal/data_page/	2026-10-02T19:59:47.750583+00:00	Derived	depmap-m3-v0.2	data\raw\depmap\26Q1\CRISPRGeneDependency.csv	5de498b8fba15897f4f4d6a93681c25d5d41fdbc29f82a5968abb113cc553308
CancerTargetEvidence	CANCER-013|TGT-PIM1	median_gene_effect	-0.2368272602990651	DepMap CRISPR Gene Effect	EVID-0043	26Q1	https://depmap.org/portal/data_page/	2026-10-02T19:59:47.750583+00:00	Observed	depmap-m3-v0.2	data\raw\depmap\26Q1\CRISPRGeneEffect.csv	e610a4cefb13a82b5b256b47eb08b63ff14843f8dbd0fb164bc0a32688e5b89e
CancerTargetEvidence	CANCER-013|TGT-PIM1	dependency_fraction	0.0	DepMap CRISPR Gene Dependency	EVID-0043	26Q1	https://depmap.org/portal/data_page/	2026-10-02T19:59:47.750583+00:00	Observed	depmap-m3-v0.2	data\raw\depmap\26Q1\CRISPRGeneDependency.csv	5de498b8fba15897f4f4d6a93681c25d5d41fdbc29f82a5968abb113cc553308
CancerTargetEvidence	CANCER-013|TGT-PIM1	median_dependency_probability	0.1539579283019424	DepMap CRISPR Gene Dependency	EVID-0043	26Q1	https://depmap.org/portal/data_page/	2026-10-02T19:59:47.750583+00:00	Observed	depmap-m3-v0.2	data\raw\depmap\26Q1\CRISPRGeneDependency.csv	5de498b8fba15897f4f4d6a93681c25d5d41fdbc29f82a5968abb113cc553308
CancerTargetEvidence	CANCER-013|TGT-PIM1	context_models_n	4	DepMap Model + Omics	EVID-0043	26Q1	https://depmap.org/portal/data_page/	2026-10-02T19:59:47.750583+00:00	Derived	depmap-m3-v0.2	data\raw\depmap\26Q1\Model.csv	ea4e0b2a3bc806f81df62689a5ae75f1a100135727a3d7b8a4c7ccc8815183f8
CancerTargetEvidence	CANCER-013|TGT-PIM1	delta_gene_effect	-0.11911339195163884	MCL DepMap analysis	EVID-0043	26Q1	https://depmap.org/portal/data_page/	2026-10-02T19:59:47.750583+00:00	Derived	depmap-m3-v0.2	data\raw\depmap\26Q1\CRISPRGeneEffect.csv	e610a4cefb13a82b5b256b47eb08b63ff14843f8dbd0fb164bc0a32688e5b89e
CancerTargetEvidence	CANCER-013|TGT-PIM1	cliffs_delta	-0.13333333333333333	MCL DepMap analysis	EVID-0043	26Q1	https://depmap.org/portal/data_page/	2026-10-02T19:59:47.750583+00:00	Derived	depmap-m3-v0.2	data\raw\depmap\26Q1\CRISPRGeneEffect.csv	e610a4cefb13a82b5b256b47eb08b63ff14843f8dbd0fb164bc0a32688e5b89e
CancerTargetEvidence	CANCER-013|TGT-PIM1	p_value	0.7634105025409372	MCL DepMap analysis	EVID-0043	26Q1	https://depmap.org/portal/data_page/	2026-10-02T19:59:47.750583+00:00	Derived	depmap-m3-v0.2	data\raw\depmap\26Q1\CRISPRGeneEffect.csv	e610a4cefb13a82b5b256b47eb08b63ff14843f8dbd0fb164bc0a32688e5b89e
CancerTargetEvidence	CANCER-013|TGT-PIM1	q_value	0.8583513704839004	MCL DepMap analysis	EVID-0043	26Q1	https://depmap.org/portal/data_page/	2026-10-02T19:59:47.750583+00:00	Derived	depmap-m3-v0.2	data\raw\depmap\26Q1\CRISPRGeneEffect.csv	e610a4cefb13a82b5b256b47eb08b63ff14843f8dbd0fb164bc0a32688e5b89e
CancerTargetEvidence	CANCER-013|TGT-PIM1	broad_dependency_fraction	0.022350993377483443	DepMap CRISPR Gene Dependency	EVID-0043	26Q1	https://depmap.org/portal/data_page/	2026-10-02T19:59:47.750583+00:00	Derived	depmap-m3-v0.2	data\raw\depmap\26Q1\CRISPRGeneDependency.csv	5de498b8fba15897f4f4d6a93681c25d5d41fdbc29f82a5968abb113cc553308
