evidence_id	cancer_id	target_id	target_symbol	depmap_release	context_definition	comparator_definition	context_models_n	comparator_models_n	context_gene_effect_n	comparator_gene_effect_n	context_dependency_probability_n	comparator_dependency_probability_n	dependent_cell_lines_n	dependency_fraction	median_gene_effect	mean_gene_effect	gene_effect_iqr	median_dependency_probability	min_gene_effect	max_gene_effect	missing_context_gene_effect_n	comparator_dependent_cell_lines_n	comparator_dependency_fraction	comparator_median_gene_effect	comparator_median_dependency_probability	delta_gene_effect	cliffs_delta	statistical_test	p_value	q_value	low_sample_size	statistical_test_performed	all_models_gene_effect_n	all_models_dependency_probability_n	all_models_median_gene_effect	broad_dependency_fraction	broad_dependency_warning	gene_effect_file	dependency_probability_file	model_file	mutation_file	omics_profiles_file	retrieved_at	notes
EVID-0001	CANCER-001	TGT-KRAS	KRAS	26Q1	lung adenocarcinoma models with KRAS p.G12C	lung adenocarcinoma models with mutation profiling but without KRAS p.G12C	9	74	9	44	9	44	9	1.0	-1.7228161254617356	-1.6667368478858706	0.7425430535760569	0.9993817711374998	-2.4836611700076947	-0.9606410183476068	0	30	0.6818181818181818	-0.7152728233287785	0.8463990565755735	-1.007543302132957	-0.5505050505050505	Mann–Whitney U, two-sided	0.010162424356170591	0.050812121780852954	False	True	1208	1208	-0.5169171013272045	0.5761589403973509	False	data\raw\depmap\26Q1\CRISPRGeneEffect.csv	data\raw\depmap\26Q1\CRISPRGeneDependency.csv	data\raw\depmap\26Q1\Model.csv	data\raw\depmap\26Q1\OmicsSomaticMutations.csv	data\raw\depmap\26Q1\OmicsProfiles.csv	2026-10-02T19:59:47.750583+00:00	Chronos Gene Effect is treated as a continuous functional-dependency measure. Dependent/non-dependent calls use CRISPRGeneDependency probability > 0.5. A negative delta_gene_effect means stronger dependency in the molecular context than in the same-disease comparator. Cliff's delta is context vs comparator; negative values likewise indicate lower (stronger-dependency) Gene Effect in context. broad_dependency_warning is a project screening flag, not an official DepMap common-essential classification and not a safety verdict.
EVID-0004	CANCER-004	TGT-KRAS	KRAS	26Q1	pancreatic ductal/pancreatic adenocarcinoma models with KRAS p.G12D	same pancreatic adenocarcinoma disease group with mutation profiling but without KRAS p.G12D	22	34	19	27	19	27	19	1.0	-2.625605025715158	-2.726284498078437	1.357303772914786	1.0	-4.460656621974225	-1.4407920085803965	3	25	0.9259259259259259	-2.0206644956470945	1.0	-0.6049405300680637	-0.5009746588693957	Mann–Whitney U, two-sided	0.004295950012326057	0.050812121780852954	False	True	1208	1208	-0.5169171013272045	0.5761589403973509	False	data\raw\depmap\26Q1\CRISPRGeneEffect.csv	data\raw\depmap\26Q1\CRISPRGeneDependency.csv	data\raw\depmap\26Q1\Model.csv	data\raw\depmap\26Q1\OmicsSomaticMutations.csv	data\raw\depmap\26Q1\OmicsProfiles.csv	2026-10-02T19:59:47.750583+00:00	Chronos Gene Effect is treated as a continuous functional-dependency measure. Dependent/non-dependent calls use CRISPRGeneDependency probability > 0.5. A negative delta_gene_effect means stronger dependency in the molecular context than in the same-disease comparator. Cliff's delta is context vs comparator; negative values likewise indicate lower (stronger-dependency) Gene Effect in context. broad_dependency_warning is a project screening flag, not an official DepMap common-essential classification and not a safety verdict.
EVID-0009	CANCER-013	TGT-FLT3	FLT3	26Q1	acute myeloid leukemia models with high-confidence FLT3 driver/hotspot mutation or canonical FLT3 ITD/TKD signal	acute myeloid leukemia models with mutation profiling and no FLT3 variant; ambiguous non-qualifying FLT3 variants are excluded	4	36	3	20	3	20	3	1.0	-1.5089892013523076	-1.5531656691920424	0.6053051673910241	0.9998256652359936	-2.1805590705029343	-0.9699487357208856	1	0	0.0	-0.1002898700943945	0.04456298279365151	-1.408699331257913	-1.0	Mann–Whitney U, two-sided	0.001129305477131564	0.0282326369282891	True	True	1208	1208	-0.14373128648397354	0.01076158940397351	False	data\raw\depmap\26Q1\CRISPRGeneEffect.csv	data\raw\depmap\26Q1\CRISPRGeneDependency.csv	data\raw\depmap\26Q1\Model.csv	data\raw\depmap\26Q1\OmicsSomaticMutations.csv	data\raw\depmap\26Q1\OmicsProfiles.csv	2026-10-02T19:59:47.750583+00:00	Chronos Gene Effect is treated as a continuous functional-dependency measure. Dependent/non-dependent calls use CRISPRGeneDependency probability > 0.5. A negative delta_gene_effect means stronger dependency in the molecular context than in the same-disease comparator. Cliff's delta is context vs comparator; negative values likewise indicate lower (stronger-dependency) Gene Effect in context. broad_dependency_warning is a project screening flag, not an official DepMap common-essential classification and not a safety verdict.
EVID-0013	CANCER-001	TGT-PTPN11	PTPN11	26Q1	lung adenocarcinoma models with KRAS p.G12C	lung adenocarcinoma models with mutation profiling but without KRAS p.G12C	9	74	9	44	9	44	7	0.7777777777777778	-0.6085698266314777	-0.6204255295150788	0.14045478321266713	0.6690111267635022	-1.1524036143849443	-0.1931299357842019	0	33	0.75	-0.7871681155101451	0.9058275071286899	0.17859828887866736	0.29292929292929293	Mann–Whitney U, two-sided	0.173161378143721	0.4810038281770028	False	True	1208	1208	-0.7434942589113834	0.7044701986754967	False	data\raw\depmap\26Q1\CRISPRGeneEffect.csv	data\raw\depmap\26Q1\CRISPRGeneDependency.csv	data\raw\depmap\26Q1\Model.csv	data\raw\depmap\26Q1\OmicsSomaticMutations.csv	data\raw\depmap\26Q1\OmicsProfiles.csv	2026-10-02T19:59:47.750583+00:00	Chronos Gene Effect is treated as a continuous functional-dependency measure. Dependent/non-dependent calls use CRISPRGeneDependency probability > 0.5. A negative delta_gene_effect means stronger dependency in the molecular context than in the same-disease comparator. Cliff's delta is context vs comparator; negative values likewise indicate lower (stronger-dependency) Gene Effect in context. broad_dependency_warning is a project screening flag, not an official DepMap common-essential classification and not a safety verdict.
EVID-0014	CANCER-001	TGT-SOS1	SOS1	26Q1	lung adenocarcinoma models with KRAS p.G12C	lung adenocarcinoma models with mutation profiling but without KRAS p.G12C	9	74	9	44	9	44	0	0.0	-0.0762692572418572	-0.1110542969386501	0.18407039756409588	0.0388641656034314	-0.384698237534145	0.1216897232443269	0	12	0.2727272727272727	-0.27099278356410267	0.20431550549351696	0.1947235263222455	0.5606060606060606	Mann–Whitney U, two-sided	0.00885424903574364	0.050812121780852954	False	True	1208	1208	-0.23817127960849216	0.1837748344370861	False	data\raw\depmap\26Q1\CRISPRGeneEffect.csv	data\raw\depmap\26Q1\CRISPRGeneDependency.csv	data\raw\depmap\26Q1\Model.csv	data\raw\depmap\26Q1\OmicsSomaticMutations.csv	data\raw\depmap\26Q1\OmicsProfiles.csv	2026-10-02T19:59:47.750583+00:00	Chronos Gene Effect is treated as a continuous functional-dependency measure. Dependent/non-dependent calls use CRISPRGeneDependency probability > 0.5. A negative delta_gene_effect means stronger dependency in the molecular context than in the same-disease comparator. Cliff's delta is context vs comparator; negative values likewise indicate lower (stronger-dependency) Gene Effect in context. broad_dependency_warning is a project screening flag, not an official DepMap common-essential classification and not a safety verdict.
EVID-0015	CANCER-001	TGT-GRB2	GRB2	26Q1	lung adenocarcinoma models with KRAS p.G12C	lung adenocarcinoma models with mutation profiling but without KRAS p.G12C	9	74	9	44	9	44	7	0.7777777777777778	-0.7843523921140622	-0.7797685588887985	0.40441501593576534	0.8730200559051822	-1.4455266401413542	-0.2215479355314754	0	39	0.8863636363636364	-1.1099598234338055	0.9817016708676366	0.32560743131974335	0.3787878787878788	Mann–Whitney U, two-sided	0.07759265173621739	0.2771166133436335	False	True	1208	1208	-1.027248310528242	0.7475165562913907	False	data\raw\depmap\26Q1\CRISPRGeneEffect.csv	data\raw\depmap\26Q1\CRISPRGeneDependency.csv	data\raw\depmap\26Q1\Model.csv	data\raw\depmap\26Q1\OmicsSomaticMutations.csv	data\raw\depmap\26Q1\OmicsProfiles.csv	2026-10-02T19:59:47.750583+00:00	Chronos Gene Effect is treated as a continuous functional-dependency measure. Dependent/non-dependent calls use CRISPRGeneDependency probability > 0.5. A negative delta_gene_effect means stronger dependency in the molecular context than in the same-disease comparator. Cliff's delta is context vs comparator; negative values likewise indicate lower (stronger-dependency) Gene Effect in context. broad_dependency_warning is a project screening flag, not an official DepMap common-essential classification and not a safety verdict.
EVID-0016	CANCER-001	TGT-MET	MET	26Q1	lung adenocarcinoma models with KRAS p.G12C	lung adenocarcinoma models with mutation profiling but without KRAS p.G12C	9	74	9	44	9	44	0	0.0	0.0123990305563227	0.022363881609524	0.0503062814074111	0.0196242252261008	-0.0165988726320598	0.0921971949943286	0	4	0.09090909090909091	-0.014203983184997798	0.0224325271230316	0.0266030137413205	0.3434343434343434	Mann–Whitney U, two-sided	0.10981940881523722	0.3431856525476163	False	True	1208	1208	-0.01245434682054625	0.027317880794701987	False	data\raw\depmap\26Q1\CRISPRGeneEffect.csv	data\raw\depmap\26Q1\CRISPRGeneDependency.csv	data\raw\depmap\26Q1\Model.csv	data\raw\depmap\26Q1\OmicsSomaticMutations.csv	data\raw\depmap\26Q1\OmicsProfiles.csv	2026-10-02T19:59:47.750583+00:00	Chronos Gene Effect is treated as a continuous functional-dependency measure. Dependent/non-dependent calls use CRISPRGeneDependency probability > 0.5. A negative delta_gene_effect means stronger dependency in the molecular context than in the same-disease comparator. Cliff's delta is context vs comparator; negative values likewise indicate lower (stronger-dependency) Gene Effect in context. broad_dependency_warning is a project screening flag, not an official DepMap common-essential classification and not a safety verdict.
EVID-0017	CANCER-001	TGT-BRAF	BRAF	26Q1	lung adenocarcinoma models with KRAS p.G12C	lung adenocarcinoma models with mutation profiling but without KRAS p.G12C	9	74	9	44	9	44	0	0.0	-0.0262625620524134	0.0118939084492107	0.1859394455869155	0.0240096355191732	-0.1678203828340896	0.3516939201543708	0	3	0.06818181818181818	-0.039573502996725005	0.02897536449835815	0.013310940944311605	0.22727272727272727	Mann–Whitney U, two-sided	0.29181008303411016	0.7295252075852754	False	True	1208	1208	-0.09263506914014999	0.09519867549668874	False	data\raw\depmap\26Q1\CRISPRGeneEffect.csv	data\raw\depmap\26Q1\CRISPRGeneDependency.csv	data\raw\depmap\26Q1\Model.csv	data\raw\depmap\26Q1\OmicsSomaticMutations.csv	data\raw\depmap\26Q1\OmicsProfiles.csv	2026-10-02T19:59:47.750583+00:00	Chronos Gene Effect is treated as a continuous functional-dependency measure. Dependent/non-dependent calls use CRISPRGeneDependency probability > 0.5. A negative delta_gene_effect means stronger dependency in the molecular context than in the same-disease comparator. Cliff's delta is context vs comparator; negative values likewise indicate lower (stronger-dependency) Gene Effect in context. broad_dependency_warning is a project screening flag, not an official DepMap common-essential classification and not a safety verdict.
EVID-0018	CANCER-001	TGT-MAP2K1	MAP2K1	26Q1	lung adenocarcinoma models with KRAS p.G12C	lung adenocarcinoma models with mutation profiling but without KRAS p.G12C	9	74	9	44	9	44	0	0.0	-0.1272577942223448	-0.12075922143774635	0.05851855501774039	0.0725053571389732	-0.203599260081481	0.0224757713403843	0	0	0.0	-0.1419646768244096	0.0859413282950892	0.014706882602064819	0.06565656565656566	Mann–Whitney U, two-sided	0.7671444690634368	0.8583513704839004	False	True	1208	1208	-0.14058913735757894	0.05380794701986755	False	data\raw\depmap\26Q1\CRISPRGeneEffect.csv	data\raw\depmap\26Q1\CRISPRGeneDependency.csv	data\raw\depmap\26Q1\Model.csv	data\raw\depmap\26Q1\OmicsSomaticMutations.csv	data\raw\depmap\26Q1\OmicsProfiles.csv	2026-10-02T19:59:47.750583+00:00	Chronos Gene Effect is treated as a continuous functional-dependency measure. Dependent/non-dependent calls use CRISPRGeneDependency probability > 0.5. A negative delta_gene_effect means stronger dependency in the molecular context than in the same-disease comparator. Cliff's delta is context vs comparator; negative values likewise indicate lower (stronger-dependency) Gene Effect in context. broad_dependency_warning is a project screening flag, not an official DepMap common-essential classification and not a safety verdict.
EVID-0019	CANCER-001	TGT-RAF1	RAF1	26Q1	lung adenocarcinoma models with KRAS p.G12C	lung adenocarcinoma models with mutation profiling but without KRAS p.G12C	9	74	9	44	9	44	1	0.1111111111111111	-0.0067279509349256	-0.06814690607805589	0.1940891910913266	0.0194935163756132	-0.7966478930616011	0.354962061509409	0	2	0.045454545454545456	-0.0518119808180606	0.0351855149886749	0.045084029883135	0.13636363636363635	Mann–Whitney U, two-sided	0.5301627033047033	0.7796510342716224	False	True	1208	1208	-0.07676335346464461	0.10844370860927152	False	data\raw\depmap\26Q1\CRISPRGeneEffect.csv	data\raw\depmap\26Q1\CRISPRGeneDependency.csv	data\raw\depmap\26Q1\Model.csv	data\raw\depmap\26Q1\OmicsSomaticMutations.csv	data\raw\depmap\26Q1\OmicsProfiles.csv	2026-10-02T19:59:47.750583+00:00	Chronos Gene Effect is treated as a continuous functional-dependency measure. Dependent/non-dependent calls use CRISPRGeneDependency probability > 0.5. A negative delta_gene_effect means stronger dependency in the molecular context than in the same-disease comparator. Cliff's delta is context vs comparator; negative values likewise indicate lower (stronger-dependency) Gene Effect in context. broad_dependency_warning is a project screening flag, not an official DepMap common-essential classification and not a safety verdict.
EVID-0020	CANCER-004	TGT-PTPN11	PTPN11	26Q1	pancreatic ductal/pancreatic adenocarcinoma models with KRAS p.G12D	same pancreatic adenocarcinoma disease group with mutation profiling but without KRAS p.G12D	22	34	19	27	19	27	11	0.5789473684210527	-0.4996931276214892	-0.4852055763454977	0.4015596622609539	0.5470797880856538	-1.0896648267761362	0.0626901916894225	3	14	0.5185185185185185	-0.4431736515576776	0.5007626057064264	-0.056519476063811636	0.037037037037037035	Mann–Whitney U, two-sided	0.8408687689086103	0.8583513704839004	False	True	1208	1208	-0.7434942589113834	0.7044701986754967	False	data\raw\depmap\26Q1\CRISPRGeneEffect.csv	data\raw\depmap\26Q1\CRISPRGeneDependency.csv	data\raw\depmap\26Q1\Model.csv	data\raw\depmap\26Q1\OmicsSomaticMutations.csv	data\raw\depmap\26Q1\OmicsProfiles.csv	2026-10-02T19:59:47.750583+00:00	Chronos Gene Effect is treated as a continuous functional-dependency measure. Dependent/non-dependent calls use CRISPRGeneDependency probability > 0.5. A negative delta_gene_effect means stronger dependency in the molecular context than in the same-disease comparator. Cliff's delta is context vs comparator; negative values likewise indicate lower (stronger-dependency) Gene Effect in context. broad_dependency_warning is a project screening flag, not an official DepMap common-essential classification and not a safety verdict.
EVID-0021	CANCER-004	TGT-SOS1	SOS1	26Q1	pancreatic ductal/pancreatic adenocarcinoma models with KRAS p.G12D	same pancreatic adenocarcinoma disease group with mutation profiling but without KRAS p.G12D	22	34	19	27	19	27	2	0.10526315789473684	-0.1300414163665877	-0.1635850581622936	0.1765650853878637	0.0939711755826826	-0.7386970133814613	0.4673052295098031	3	2	0.07407407407407407	-0.1272965914645586	0.0559949260666838	-0.002744824902029097	-0.04873294346978557	Mann–Whitney U, two-sided	0.7889227114949541	0.8583513704839004	False	True	1208	1208	-0.23817127960849216	0.1837748344370861	False	data\raw\depmap\26Q1\CRISPRGeneEffect.csv	data\raw\depmap\26Q1\CRISPRGeneDependency.csv	data\raw\depmap\26Q1\Model.csv	data\raw\depmap\26Q1\OmicsSomaticMutations.csv	data\raw\depmap\26Q1\OmicsProfiles.csv	2026-10-02T19:59:47.750583+00:00	Chronos Gene Effect is treated as a continuous functional-dependency measure. Dependent/non-dependent calls use CRISPRGeneDependency probability > 0.5. A negative delta_gene_effect means stronger dependency in the molecular context than in the same-disease comparator. Cliff's delta is context vs comparator; negative values likewise indicate lower (stronger-dependency) Gene Effect in context. broad_dependency_warning is a project screening flag, not an official DepMap common-essential classification and not a safety verdict.
EVID-0022	CANCER-004	TGT-EGFR	EGFR	26Q1	pancreatic ductal/pancreatic adenocarcinoma models with KRAS p.G12D	same pancreatic adenocarcinoma disease group with mutation profiling but without KRAS p.G12D	22	34	19	27	19	27	7	0.3684210526315789	-0.2978749759774681	-0.30148611153086957	0.5807525279483163	0.2087697916942485	-0.8955039543599863	0.1950831708929197	3	8	0.2962962962962963	-0.2418607894777439	0.182375944066139	-0.0560141864997242	0.04483430799220273	Mann–Whitney U, two-sided	0.8061462310467044	0.8583513704839004	False	True	1208	1208	-0.1302986571891825	0.18956953642384106	False	data\raw\depmap\26Q1\CRISPRGeneEffect.csv	data\raw\depmap\26Q1\CRISPRGeneDependency.csv	data\raw\depmap\26Q1\Model.csv	data\raw\depmap\26Q1\OmicsSomaticMutations.csv	data\raw\depmap\26Q1\OmicsProfiles.csv	2026-10-02T19:59:47.750583+00:00	Chronos Gene Effect is treated as a continuous functional-dependency measure. Dependent/non-dependent calls use CRISPRGeneDependency probability > 0.5. A negative delta_gene_effect means stronger dependency in the molecular context than in the same-disease comparator. Cliff's delta is context vs comparator; negative values likewise indicate lower (stronger-dependency) Gene Effect in context. broad_dependency_warning is a project screening flag, not an official DepMap common-essential classification and not a safety verdict.
EVID-0023	CANCER-004	TGT-MAP2K1	MAP2K1	26Q1	pancreatic ductal/pancreatic adenocarcinoma models with KRAS p.G12D	same pancreatic adenocarcinoma disease group with mutation profiling but without KRAS p.G12D	22	34	19	27	19	27	0	0.0	-0.1509745985084591	-0.14730465425975986	0.16727722985039317	0.1011001183232455	-0.4325197351172448	0.1968525818048429	3	2	0.07407407407407407	-0.2197490210324463	0.1489405819976125	0.06877442252398722	0.13840155945419103	Mann–Whitney U, two-sided	0.43490823499778675	0.7622811970638057	False	True	1208	1208	-0.14058913735757894	0.05380794701986755	False	data\raw\depmap\26Q1\CRISPRGeneEffect.csv	data\raw\depmap\26Q1\CRISPRGeneDependency.csv	data\raw\depmap\26Q1\Model.csv	data\raw\depmap\26Q1\OmicsSomaticMutations.csv	data\raw\depmap\26Q1\OmicsProfiles.csv	2026-10-02T19:59:47.750583+00:00	Chronos Gene Effect is treated as a continuous functional-dependency measure. Dependent/non-dependent calls use CRISPRGeneDependency probability > 0.5. A negative delta_gene_effect means stronger dependency in the molecular context than in the same-disease comparator. Cliff's delta is context vs comparator; negative values likewise indicate lower (stronger-dependency) Gene Effect in context. broad_dependency_warning is a project screening flag, not an official DepMap common-essential classification and not a safety verdict.
EVID-0024	CANCER-004	TGT-ULK1	ULK1	26Q1	pancreatic ductal/pancreatic adenocarcinoma models with KRAS p.G12D	same pancreatic adenocarcinoma disease group with mutation profiling but without KRAS p.G12D	22	34	19	27	19	27	0	0.0	0.0383045020871365	0.016327490937801215	0.0954568966253091	0.016314667554649	-0.2441676724646466	0.1603493130441844	3	0	0.0	-0.0851809885754031	0.0449278329901291	0.1234854906625396	0.4775828460038986	Mann–Whitney U, two-sided	0.006494388378746335	0.050812121780852954	False	True	1208	1208	-0.011058023320105151	0.004966887417218543	False	data\raw\depmap\26Q1\CRISPRGeneEffect.csv	data\raw\depmap\26Q1\CRISPRGeneDependency.csv	data\raw\depmap\26Q1\Model.csv	data\raw\depmap\26Q1\OmicsSomaticMutations.csv	data\raw\depmap\26Q1\OmicsProfiles.csv	2026-10-02T19:59:47.750583+00:00	Chronos Gene Effect is treated as a continuous functional-dependency measure. Dependent/non-dependent calls use CRISPRGeneDependency probability > 0.5. A negative delta_gene_effect means stronger dependency in the molecular context than in the same-disease comparator. Cliff's delta is context vs comparator; negative values likewise indicate lower (stronger-dependency) Gene Effect in context. broad_dependency_warning is a project screening flag, not an official DepMap common-essential classification and not a safety verdict.
EVID-0025	CANCER-004	TGT-PIK3CA	PIK3CA	26Q1	pancreatic ductal/pancreatic adenocarcinoma models with KRAS p.G12D	same pancreatic adenocarcinoma disease group with mutation profiling but without KRAS p.G12D	22	34	19	27	19	27	12	0.631578947368421	-0.5681083302513694	-0.5644791060569861	0.3978692157495763	0.5718794275994081	-1.718509149917299	0.1270695251034977	3	18	0.6666666666666666	-0.5337988778551324	0.6912514225404497	-0.03430945239623706	0.037037037037037035	Mann–Whitney U, two-sided	0.8408687689086103	0.8583513704839004	False	True	1208	1208	-0.4417447083566056	0.4685430463576159	False	data\raw\depmap\26Q1\CRISPRGeneEffect.csv	data\raw\depmap\26Q1\CRISPRGeneDependency.csv	data\raw\depmap\26Q1\Model.csv	data\raw\depmap\26Q1\OmicsSomaticMutations.csv	data\raw\depmap\26Q1\OmicsProfiles.csv	2026-10-02T19:59:47.750583+00:00	Chronos Gene Effect is treated as a continuous functional-dependency measure. Dependent/non-dependent calls use CRISPRGeneDependency probability > 0.5. A negative delta_gene_effect means stronger dependency in the molecular context than in the same-disease comparator. Cliff's delta is context vs comparator; negative values likewise indicate lower (stronger-dependency) Gene Effect in context. broad_dependency_warning is a project screening flag, not an official DepMap common-essential classification and not a safety verdict.
EVID-0026	CANCER-004	TGT-CDK6	CDK6	26Q1	pancreatic ductal/pancreatic adenocarcinoma models with KRAS p.G12D	same pancreatic adenocarcinoma disease group with mutation profiling but without KRAS p.G12D	22	34	19	27	19	27	16	0.8421052631578947	-0.7476768754427928	-0.7826896670760458	0.4136265849161658	0.9029499618356642	-1.446312960536256	0.1372088818514726	3	23	0.8518518518518519	-0.8397717615093125	0.920093079135586	0.09209488606651972	0.1189083820662768	Mann–Whitney U, two-sided	0.5033204020165591	0.7796510342716224	False	True	1208	1208	-0.5287152807604102	0.5422185430463576	False	data\raw\depmap\26Q1\CRISPRGeneEffect.csv	data\raw\depmap\26Q1\CRISPRGeneDependency.csv	data\raw\depmap\26Q1\Model.csv	data\raw\depmap\26Q1\OmicsSomaticMutations.csv	data\raw\depmap\26Q1\OmicsProfiles.csv	2026-10-02T19:59:47.750583+00:00	Chronos Gene Effect is treated as a continuous functional-dependency measure. Dependent/non-dependent calls use CRISPRGeneDependency probability > 0.5. A negative delta_gene_effect means stronger dependency in the molecular context than in the same-disease comparator. Cliff's delta is context vs comparator; negative values likewise indicate lower (stronger-dependency) Gene Effect in context. broad_dependency_warning is a project screening flag, not an official DepMap common-essential classification and not a safety verdict.
EVID-0027	CANCER-004	TGT-YAP1	YAP1	26Q1	pancreatic ductal/pancreatic adenocarcinoma models with KRAS p.G12D	same pancreatic adenocarcinoma disease group with mutation profiling but without KRAS p.G12D	22	34	19	27	19	27	5	0.2631578947368421	-0.3431147822968647	-0.3220792923832051	0.31190387331360114	0.2456413310796654	-0.7823116664264798	-0.013406586409308	3	9	0.3333333333333333	-0.312380144155671	0.2305863465161891	-0.030734638141193704	0.03313840155945419	Mann–Whitney U, two-sided	0.8583513704839004	0.8583513704839004	False	True	1208	1208	-0.2876186838968713	0.30629139072847683	False	data\raw\depmap\26Q1\CRISPRGeneEffect.csv	data\raw\depmap\26Q1\CRISPRGeneDependency.csv	data\raw\depmap\26Q1\Model.csv	data\raw\depmap\26Q1\OmicsSomaticMutations.csv	data\raw\depmap\26Q1\OmicsProfiles.csv	2026-10-02T19:59:47.750583+00:00	Chronos Gene Effect is treated as a continuous functional-dependency measure. Dependent/non-dependent calls use CRISPRGeneDependency probability > 0.5. A negative delta_gene_effect means stronger dependency in the molecular context than in the same-disease comparator. Cliff's delta is context vs comparator; negative values likewise indicate lower (stronger-dependency) Gene Effect in context. broad_dependency_warning is a project screening flag, not an official DepMap common-essential classification and not a safety verdict.
EVID-0028	CANCER-011	TGT-EGFR	EGFR	26Q1	DepMap 26Q1 models annotated as Glioblastoma, IDH-Wildtype; mutation data are used as a concordance check to exclude canonical IDH1 R132 or IDH2 R172 defining alterations	same exact glioblastoma subtype with a canonical IDH1 R132 or IDH2 R172 alteration, if such discordant models are represented; otherwise context-specific comparison is not claimed	66	0	50	0	50	0	2	0.04	0.0168124897218214	-0.01999856641910128	0.14648859359921082	0.02161295680885445	-0.7291290065165472	0.3548603754095965	16	0									False	False	1208	1208	-0.1302986571891825	0.18956953642384106	False	data\raw\depmap\26Q1\CRISPRGeneEffect.csv	data\raw\depmap\26Q1\CRISPRGeneDependency.csv	data\raw\depmap\26Q1\Model.csv	data\raw\depmap\26Q1\OmicsSomaticMutations.csv	data\raw\depmap\26Q1\OmicsProfiles.csv	2026-10-02T19:59:47.750583+00:00	Chronos Gene Effect is treated as a continuous functional-dependency measure. Dependent/non-dependent calls use CRISPRGeneDependency probability > 0.5. A negative delta_gene_effect means stronger dependency in the molecular context than in the same-disease comparator. Cliff's delta is context vs comparator; negative values likewise indicate lower (stronger-dependency) Gene Effect in context. broad_dependency_warning is a project screening flag, not an official DepMap common-essential classification and not a safety verdict.
EVID-0029	CANCER-011	TGT-PDGFRA	PDGFRA	26Q1	DepMap 26Q1 models annotated as Glioblastoma, IDH-Wildtype; mutation data are used as a concordance check to exclude canonical IDH1 R132 or IDH2 R172 defining alterations	same exact glioblastoma subtype with a canonical IDH1 R132 or IDH2 R172 alteration, if such discordant models are represented; otherwise context-specific comparison is not claimed	66	0	50	0	50	0	13	0.26	-0.2687336318228263	-0.39635752326102264	0.30537996270175116	0.19266930854703865	-2.078718711444873	0.0384612511221794	16	0									False	False	1208	1208	-0.17069888345917322	0.07036423841059603	False	data\raw\depmap\26Q1\CRISPRGeneEffect.csv	data\raw\depmap\26Q1\CRISPRGeneDependency.csv	data\raw\depmap\26Q1\Model.csv	data\raw\depmap\26Q1\OmicsSomaticMutations.csv	data\raw\depmap\26Q1\OmicsProfiles.csv	2026-10-02T19:59:47.750583+00:00	Chronos Gene Effect is treated as a continuous functional-dependency measure. Dependent/non-dependent calls use CRISPRGeneDependency probability > 0.5. A negative delta_gene_effect means stronger dependency in the molecular context than in the same-disease comparator. Cliff's delta is context vs comparator; negative values likewise indicate lower (stronger-dependency) Gene Effect in context. broad_dependency_warning is a project screening flag, not an official DepMap common-essential classification and not a safety verdict.
EVID-0030	CANCER-011	TGT-CDK4	CDK4	26Q1	DepMap 26Q1 models annotated as Glioblastoma, IDH-Wildtype; mutation data are used as a concordance check to exclude canonical IDH1 R132 or IDH2 R172 defining alterations	same exact glioblastoma subtype with a canonical IDH1 R132 or IDH2 R172 alteration, if such discordant models are represented; otherwise context-specific comparison is not claimed	66	0	50	0	50	0	35	0.7	-0.6188941154129559	-0.7357636918625762	0.45535901031677695	0.7649277586148102	-1.9722012205577344	-0.161806139824437	16	0									False	False	1208	1208	-0.5605120936563333	0.6440397350993378	False	data\raw\depmap\26Q1\CRISPRGeneEffect.csv	data\raw\depmap\26Q1\CRISPRGeneDependency.csv	data\raw\depmap\26Q1\Model.csv	data\raw\depmap\26Q1\OmicsSomaticMutations.csv	data\raw\depmap\26Q1\OmicsProfiles.csv	2026-10-02T19:59:47.750583+00:00	Chronos Gene Effect is treated as a continuous functional-dependency measure. Dependent/non-dependent calls use CRISPRGeneDependency probability > 0.5. A negative delta_gene_effect means stronger dependency in the molecular context than in the same-disease comparator. Cliff's delta is context vs comparator; negative values likewise indicate lower (stronger-dependency) Gene Effect in context. broad_dependency_warning is a project screening flag, not an official DepMap common-essential classification and not a safety verdict.
EVID-0031	CANCER-011	TGT-MDM2	MDM2	26Q1	DepMap 26Q1 models annotated as Glioblastoma, IDH-Wildtype; mutation data are used as a concordance check to exclude canonical IDH1 R132 or IDH2 R172 defining alterations	same exact glioblastoma subtype with a canonical IDH1 R132 or IDH2 R172 alteration, if such discordant models are represented; otherwise context-specific comparison is not claimed	66	0	50	0	50	0	24	0.48	-0.4413580138094658	-0.6946822556865634	0.8233659918425514	0.48138720959649717	-2.174950517878389	-0.1044700365871446	16	0									False	False	1208	1208	-0.42644007638114395	0.4544701986754967	False	data\raw\depmap\26Q1\CRISPRGeneEffect.csv	data\raw\depmap\26Q1\CRISPRGeneDependency.csv	data\raw\depmap\26Q1\Model.csv	data\raw\depmap\26Q1\OmicsSomaticMutations.csv	data\raw\depmap\26Q1\OmicsProfiles.csv	2026-10-02T19:59:47.750583+00:00	Chronos Gene Effect is treated as a continuous functional-dependency measure. Dependent/non-dependent calls use CRISPRGeneDependency probability > 0.5. A negative delta_gene_effect means stronger dependency in the molecular context than in the same-disease comparator. Cliff's delta is context vs comparator; negative values likewise indicate lower (stronger-dependency) Gene Effect in context. broad_dependency_warning is a project screening flag, not an official DepMap common-essential classification and not a safety verdict.
EVID-0032	CANCER-011	TGT-MET	MET	26Q1	DepMap 26Q1 models annotated as Glioblastoma, IDH-Wildtype; mutation data are used as a concordance check to exclude canonical IDH1 R132 or IDH2 R172 defining alterations	same exact glioblastoma subtype with a canonical IDH1 R132 or IDH2 R172 alteration, if such discordant models are represented; otherwise context-specific comparison is not claimed	66	0	50	0	50	0	7	0.14	-0.06612630170156986	-0.18047087687793553	0.19618858088083363	0.0444983000480687	-1.3609375463013955	0.2470629057517701	16	0									False	False	1208	1208	-0.01245434682054625	0.027317880794701987	False	data\raw\depmap\26Q1\CRISPRGeneEffect.csv	data\raw\depmap\26Q1\CRISPRGeneDependency.csv	data\raw\depmap\26Q1\Model.csv	data\raw\depmap\26Q1\OmicsSomaticMutations.csv	data\raw\depmap\26Q1\OmicsProfiles.csv	2026-10-02T19:59:47.750583+00:00	Chronos Gene Effect is treated as a continuous functional-dependency measure. Dependent/non-dependent calls use CRISPRGeneDependency probability > 0.5. A negative delta_gene_effect means stronger dependency in the molecular context than in the same-disease comparator. Cliff's delta is context vs comparator; negative values likewise indicate lower (stronger-dependency) Gene Effect in context. broad_dependency_warning is a project screening flag, not an official DepMap common-essential classification and not a safety verdict.
EVID-0033	CANCER-011	TGT-PIK3CA	PIK3CA	26Q1	DepMap 26Q1 models annotated as Glioblastoma, IDH-Wildtype; mutation data are used as a concordance check to exclude canonical IDH1 R132 or IDH2 R172 defining alterations	same exact glioblastoma subtype with a canonical IDH1 R132 or IDH2 R172 alteration, if such discordant models are represented; otherwise context-specific comparison is not claimed	66	0	50	0	50	0	20	0.4	-0.3795267752392329	-0.40286363575591966	0.25429171418619606	0.35076066706535036	-1.124832992883411	0.1263604554894216	16	0									False	False	1208	1208	-0.4417447083566056	0.4685430463576159	False	data\raw\depmap\26Q1\CRISPRGeneEffect.csv	data\raw\depmap\26Q1\CRISPRGeneDependency.csv	data\raw\depmap\26Q1\Model.csv	data\raw\depmap\26Q1\OmicsSomaticMutations.csv	data\raw\depmap\26Q1\OmicsProfiles.csv	2026-10-02T19:59:47.750583+00:00	Chronos Gene Effect is treated as a continuous functional-dependency measure. Dependent/non-dependent calls use CRISPRGeneDependency probability > 0.5. A negative delta_gene_effect means stronger dependency in the molecular context than in the same-disease comparator. Cliff's delta is context vs comparator; negative values likewise indicate lower (stronger-dependency) Gene Effect in context. broad_dependency_warning is a project screening flag, not an official DepMap common-essential classification and not a safety verdict.
EVID-0034	CANCER-011	TGT-MTOR	MTOR	26Q1	DepMap 26Q1 models annotated as Glioblastoma, IDH-Wildtype; mutation data are used as a concordance check to exclude canonical IDH1 R132 or IDH2 R172 defining alterations	same exact glioblastoma subtype with a canonical IDH1 R132 or IDH2 R172 alteration, if such discordant models are represented; otherwise context-specific comparison is not claimed	66	0	50	0	50	0	50	1.0	-1.2882666426921185	-1.3737228597504594	0.4008075381611842	0.9936401521173281	-2.0334475582891205	-0.8227420949141131	16	0									False	False	1208	1208	-1.2527668299920538	0.9817880794701986	True	data\raw\depmap\26Q1\CRISPRGeneEffect.csv	data\raw\depmap\26Q1\CRISPRGeneDependency.csv	data\raw\depmap\26Q1\Model.csv	data\raw\depmap\26Q1\OmicsSomaticMutations.csv	data\raw\depmap\26Q1\OmicsProfiles.csv	2026-10-02T19:59:47.750583+00:00	Chronos Gene Effect is treated as a continuous functional-dependency measure. Dependent/non-dependent calls use CRISPRGeneDependency probability > 0.5. A negative delta_gene_effect means stronger dependency in the molecular context than in the same-disease comparator. Cliff's delta is context vs comparator; negative values likewise indicate lower (stronger-dependency) Gene Effect in context. broad_dependency_warning is a project screening flag, not an official DepMap common-essential classification and not a safety verdict.
EVID-0035	CANCER-011	TGT-WEE1	WEE1	26Q1	DepMap 26Q1 models annotated as Glioblastoma, IDH-Wildtype; mutation data are used as a concordance check to exclude canonical IDH1 R132 or IDH2 R172 defining alterations	same exact glioblastoma subtype with a canonical IDH1 R132 or IDH2 R172 alteration, if such discordant models are represented; otherwise context-specific comparison is not claimed	66	0	50	0	50	0	50	1.0	-2.6767443978774805	-2.585085818301974	0.5872405425476255	1.0	-3.380309955006575	-0.9811679067366388	16	0									False	False	1208	1208	-2.6326813249338388	1.0	True	data\raw\depmap\26Q1\CRISPRGeneEffect.csv	data\raw\depmap\26Q1\CRISPRGeneDependency.csv	data\raw\depmap\26Q1\Model.csv	data\raw\depmap\26Q1\OmicsSomaticMutations.csv	data\raw\depmap\26Q1\OmicsProfiles.csv	2026-10-02T19:59:47.750583+00:00	Chronos Gene Effect is treated as a continuous functional-dependency measure. Dependent/non-dependent calls use CRISPRGeneDependency probability > 0.5. A negative delta_gene_effect means stronger dependency in the molecular context than in the same-disease comparator. Cliff's delta is context vs comparator; negative values likewise indicate lower (stronger-dependency) Gene Effect in context. broad_dependency_warning is a project screening flag, not an official DepMap common-essential classification and not a safety verdict.
EVID-0036	CANCER-011	TGT-FGFR3	FGFR3	26Q1	DepMap 26Q1 models annotated as Glioblastoma, IDH-Wildtype; mutation data are used as a concordance check to exclude canonical IDH1 R132 or IDH2 R172 defining alterations	same exact glioblastoma subtype with a canonical IDH1 R132 or IDH2 R172 alteration, if such discordant models are represented; otherwise context-specific comparison is not claimed	66	0	50	0	50	0	0	0.0	0.0047508458625726	-0.005661930492907495	0.12352081582614738	0.0253334676897606	-0.4778358712364396	0.2440937573640765	16	0									False	False	1208	1208	0.05174588942351675	0.005794701986754967	False	data\raw\depmap\26Q1\CRISPRGeneEffect.csv	data\raw\depmap\26Q1\CRISPRGeneDependency.csv	data\raw\depmap\26Q1\Model.csv	data\raw\depmap\26Q1\OmicsSomaticMutations.csv	data\raw\depmap\26Q1\OmicsProfiles.csv	2026-10-02T19:59:47.750583+00:00	Chronos Gene Effect is treated as a continuous functional-dependency measure. Dependent/non-dependent calls use CRISPRGeneDependency probability > 0.5. A negative delta_gene_effect means stronger dependency in the molecular context than in the same-disease comparator. Cliff's delta is context vs comparator; negative values likewise indicate lower (stronger-dependency) Gene Effect in context. broad_dependency_warning is a project screening flag, not an official DepMap common-essential classification and not a safety verdict.
EVID-0037	CANCER-013	TGT-PTPN11	PTPN11	26Q1	acute myeloid leukemia models with high-confidence FLT3 driver/hotspot mutation or canonical FLT3 ITD/TKD signal	acute myeloid leukemia models with mutation profiling and no FLT3 variant; ambiguous non-qualifying FLT3 variants are excluded	4	36	3	20	3	20	3	1.0	-1.288686272924079	-1.1645163115878916	0.25709761286463007	0.9884960584817252	-1.359528943784428	-0.8453337180551674	1	12	0.6	-0.8843383810678263	0.9539739415446897	-0.40434789185625264	-0.2	Mann–Whitney U, two-sided	0.634669678147939	0.8583513704839004	True	True	1208	1208	-0.7434942589113834	0.7044701986754967	False	data\raw\depmap\26Q1\CRISPRGeneEffect.csv	data\raw\depmap\26Q1\CRISPRGeneDependency.csv	data\raw\depmap\26Q1\Model.csv	data\raw\depmap\26Q1\OmicsSomaticMutations.csv	data\raw\depmap\26Q1\OmicsProfiles.csv	2026-10-02T19:59:47.750583+00:00	Chronos Gene Effect is treated as a continuous functional-dependency measure. Dependent/non-dependent calls use CRISPRGeneDependency probability > 0.5. A negative delta_gene_effect means stronger dependency in the molecular context than in the same-disease comparator. Cliff's delta is context vs comparator; negative values likewise indicate lower (stronger-dependency) Gene Effect in context. broad_dependency_warning is a project screening flag, not an official DepMap common-essential classification and not a safety verdict.
EVID-0038	CANCER-013	TGT-NRAS	NRAS	26Q1	acute myeloid leukemia models with high-confidence FLT3 driver/hotspot mutation or canonical FLT3 ITD/TKD signal	acute myeloid leukemia models with mutation profiling and no FLT3 variant; ambiguous non-qualifying FLT3 variants are excluded	4	36	3	20	3	20	0	0.0	-0.0719804429596002	-0.06619538337283996	0.05596939621292695	0.0376067232309678	-0.1192722497923868	-0.0073334573665329	1	7	0.35	-0.13669517374748374	0.062195429093936605	0.06471473078788355	0.3333333333333333	Mann–Whitney U, two-sided	0.4042913608130999	0.7622811970638057	True	True	1208	1208	-0.14780462814707004	0.08526490066225166	False	data\raw\depmap\26Q1\CRISPRGeneEffect.csv	data\raw\depmap\26Q1\CRISPRGeneDependency.csv	data\raw\depmap\26Q1\Model.csv	data\raw\depmap\26Q1\OmicsSomaticMutations.csv	data\raw\depmap\26Q1\OmicsProfiles.csv	2026-10-02T19:59:47.750583+00:00	Chronos Gene Effect is treated as a continuous functional-dependency measure. Dependent/non-dependent calls use CRISPRGeneDependency probability > 0.5. A negative delta_gene_effect means stronger dependency in the molecular context than in the same-disease comparator. Cliff's delta is context vs comparator; negative values likewise indicate lower (stronger-dependency) Gene Effect in context. broad_dependency_warning is a project screening flag, not an official DepMap common-essential classification and not a safety verdict.
EVID-0039	CANCER-013	TGT-AURKB	AURKB	26Q1	acute myeloid leukemia models with high-confidence FLT3 driver/hotspot mutation or canonical FLT3 ITD/TKD signal	acute myeloid leukemia models with mutation profiling and no FLT3 variant; ambiguous non-qualifying FLT3 variants are excluded	4	36	3	20	3	20	3	1.0	-2.102143103726432	-2.24921419913098	0.39891571380002233	1.0	-2.7216654606332757	-1.923834033033231	1	20	1.0	-2.4427947251394544	1.0	0.3406516214130222	0.3	Mann–Whitney U, two-sided	0.4573687182382834	0.7622811970638057	True	True	1208	1208	-2.1982787991789245	0.9966887417218543	True	data\raw\depmap\26Q1\CRISPRGeneEffect.csv	data\raw\depmap\26Q1\CRISPRGeneDependency.csv	data\raw\depmap\26Q1\Model.csv	data\raw\depmap\26Q1\OmicsSomaticMutations.csv	data\raw\depmap\26Q1\OmicsProfiles.csv	2026-10-02T19:59:47.750583+00:00	Chronos Gene Effect is treated as a continuous functional-dependency measure. Dependent/non-dependent calls use CRISPRGeneDependency probability > 0.5. A negative delta_gene_effect means stronger dependency in the molecular context than in the same-disease comparator. Cliff's delta is context vs comparator; negative values likewise indicate lower (stronger-dependency) Gene Effect in context. broad_dependency_warning is a project screening flag, not an official DepMap common-essential classification and not a safety verdict.
EVID-0040	CANCER-013	TGT-AXL	AXL	26Q1	acute myeloid leukemia models with high-confidence FLT3 driver/hotspot mutation or canonical FLT3 ITD/TKD signal	acute myeloid leukemia models with mutation profiling and no FLT3 variant; ambiguous non-qualifying FLT3 variants are excluded	4	36	3	20	3	20	0	0.0	0.0300445058934514	0.023211057864813135	0.216214377535533	0.0140445924764955	-0.196420043685039	0.236008711386027	1	0	0.0	-0.059953437653812794	0.03573349223138495	0.08999794354726419	0.36666666666666664	Mann–Whitney U, two-sided	0.3546019198193111	0.7387539996235648	True	True	1208	1208	-0.0264226856931326	0.012417218543046357	False	data\raw\depmap\26Q1\CRISPRGeneEffect.csv	data\raw\depmap\26Q1\CRISPRGeneDependency.csv	data\raw\depmap\26Q1\Model.csv	data\raw\depmap\26Q1\OmicsSomaticMutations.csv	data\raw\depmap\26Q1\OmicsProfiles.csv	2026-10-02T19:59:47.750583+00:00	Chronos Gene Effect is treated as a continuous functional-dependency measure. Dependent/non-dependent calls use CRISPRGeneDependency probability > 0.5. A negative delta_gene_effect means stronger dependency in the molecular context than in the same-disease comparator. Cliff's delta is context vs comparator; negative values likewise indicate lower (stronger-dependency) Gene Effect in context. broad_dependency_warning is a project screening flag, not an official DepMap common-essential classification and not a safety verdict.
EVID-0041	CANCER-013	TGT-BCL2	BCL2	26Q1	acute myeloid leukemia models with high-confidence FLT3 driver/hotspot mutation or canonical FLT3 ITD/TKD signal	acute myeloid leukemia models with mutation profiling and no FLT3 variant; ambiguous non-qualifying FLT3 variants are excluded	4	36	3	20	3	20	3	1.0	-0.7729042668289591	-0.731501416801056	0.08602730479118548	0.9162387531475356	-0.7968272965782897	-0.6247726869959187	1	5	0.25	-0.22424728930194177	0.10581120321028595	-0.5486569775270174	-0.7333333333333333	Mann–Whitney U, two-sided	0.04630152456239412	0.19292301900997552	True	True	1208	1208	-0.00311476954620115	0.03642384105960265	False	data\raw\depmap\26Q1\CRISPRGeneEffect.csv	data\raw\depmap\26Q1\CRISPRGeneDependency.csv	data\raw\depmap\26Q1\Model.csv	data\raw\depmap\26Q1\OmicsSomaticMutations.csv	data\raw\depmap\26Q1\OmicsProfiles.csv	2026-10-02T19:59:47.750583+00:00	Chronos Gene Effect is treated as a continuous functional-dependency measure. Dependent/non-dependent calls use CRISPRGeneDependency probability > 0.5. A negative delta_gene_effect means stronger dependency in the molecular context than in the same-disease comparator. Cliff's delta is context vs comparator; negative values likewise indicate lower (stronger-dependency) Gene Effect in context. broad_dependency_warning is a project screening flag, not an official DepMap common-essential classification and not a safety verdict.
EVID-0042	CANCER-013	TGT-MCL1	MCL1	26Q1	acute myeloid leukemia models with high-confidence FLT3 driver/hotspot mutation or canonical FLT3 ITD/TKD signal	acute myeloid leukemia models with mutation profiling and no FLT3 variant; ambiguous non-qualifying FLT3 variants are excluded	4	36	3	20	3	20	3	1.0	-1.202517685210672	-1.2597726489043113	0.3448175089676311	0.9951298578103546	-1.633217639718762	-0.9435826217834998	1	15	0.75	-0.8564774445871637	0.932182900489935	-0.34604024062350836	-0.36666666666666664	Mann–Whitney U, two-sided	0.3546019198193111	0.7387539996235648	True	True	1208	1208	-0.636236290579061	0.6837748344370861	False	data\raw\depmap\26Q1\CRISPRGeneEffect.csv	data\raw\depmap\26Q1\CRISPRGeneDependency.csv	data\raw\depmap\26Q1\Model.csv	data\raw\depmap\26Q1\OmicsSomaticMutations.csv	data\raw\depmap\26Q1\OmicsProfiles.csv	2026-10-02T19:59:47.750583+00:00	Chronos Gene Effect is treated as a continuous functional-dependency measure. Dependent/non-dependent calls use CRISPRGeneDependency probability > 0.5. A negative delta_gene_effect means stronger dependency in the molecular context than in the same-disease comparator. Cliff's delta is context vs comparator; negative values likewise indicate lower (stronger-dependency) Gene Effect in context. broad_dependency_warning is a project screening flag, not an official DepMap common-essential classification and not a safety verdict.
EVID-0043	CANCER-013	TGT-PIM1	PIM1	26Q1	acute myeloid leukemia models with high-confidence FLT3 driver/hotspot mutation or canonical FLT3 ITD/TKD signal	acute myeloid leukemia models with mutation profiling and no FLT3 variant; ambiguous non-qualifying FLT3 variants are excluded	4	36	3	20	3	20	0	0.0	-0.2368272602990651	-0.21068883431588856	0.142939000763115	0.1539579283019424	-0.3405586220874153	-0.0546806205611853	1	5	0.25	-0.11771386834742625	0.050198565841284	-0.11911339195163884	-0.13333333333333333	Mann–Whitney U, two-sided	0.7634105025409372	0.8583513704839004	True	True	1208	1208	-0.049680366817157554	0.022350993377483443	False	data\raw\depmap\26Q1\CRISPRGeneEffect.csv	data\raw\depmap\26Q1\CRISPRGeneDependency.csv	data\raw\depmap\26Q1\Model.csv	data\raw\depmap\26Q1\OmicsSomaticMutations.csv	data\raw\depmap\26Q1\OmicsProfiles.csv	2026-10-02T19:59:47.750583+00:00	Chronos Gene Effect is treated as a continuous functional-dependency measure. Dependent/non-dependent calls use CRISPRGeneDependency probability > 0.5. A negative delta_gene_effect means stronger dependency in the molecular context than in the same-disease comparator. Cliff's delta is context vs comparator; negative values likewise indicate lower (stronger-dependency) Gene Effect in context. broad_dependency_warning is a project screening flag, not an official DepMap common-essential classification and not a safety verdict.
