sensitivity_id	evidence_id	cancer_id	target_id	target_symbol	depmap_release	target_kras_variant	comparison_type	context_definition	comparator_definition	context_models_n	comparator_models_n	context_gene_effect_n	comparator_gene_effect_n	context_dependency_probability_n	comparator_dependency_probability_n	dependent_cell_lines_n	dependency_fraction	median_gene_effect	median_dependency_probability	comparator_dependent_cell_lines_n	comparator_dependency_fraction	comparator_median_gene_effect	comparator_median_dependency_probability	delta_gene_effect	cliffs_delta	statistical_test	p_value	q_value	low_sample_size	statistical_test_performed	retrieved_at	notes
EVID-0001|vs_kras_wildtype_proxy	EVID-0001	CANCER-001	TGT-KRAS	KRAS	26Q1	KRAS p.G12C	vs_kras_wildtype_proxy	same-disease models with KRAS p.G12C	same-disease models with WES/WGS coverage and no detected KRAS variant	9	52	9	28	9	28	9	1.0	-1.7228161254617356	0.9993817711374998	15	0.5357142857142857	-0.4802422233976728	0.5664915851354584	-1.2425739020640627	-0.8968253968253969	Mann–Whitney U, two-sided	6.820651659801079e-05	0.002319021564332367	False	True	2026-10-03T13:40:14.089248+00:00	M3.1 sensitivity analysis. The primary M3 comparator remains unchanged. KRAS WT is a sequencing-backed proxy defined as no KRAS variant record in OmicsSomaticMutations among models with a default WES/WGS profile. Other KRAS mutant comparator requires a non-target KRAS variant with a recognized DepMap driver/hotspot annotation. Ambiguous KRAS variants are excluded. Negative delta_gene_effect and Cliff's delta indicate stronger dependency in the exact KRAS-variant context.
EVID-0001|vs_other_kras_driver_hotspot	EVID-0001	CANCER-001	TGT-KRAS	KRAS	26Q1	KRAS p.G12C	vs_other_kras_driver_hotspot	same-disease models with KRAS p.G12C	same-disease models carrying a non-target KRAS variant annotated as driver/hotspot	9	22	9	16	9	16	9	1.0	-1.7228161254617356	0.9993817711374998	15	0.9375	-1.5875318173229847	0.9969617235912365	-0.13528430813875092	0.05555555555555555	Mann–Whitney U, two-sided	0.8429288944105098	0.93716027742728	False	True	2026-10-03T13:40:14.089248+00:00	M3.1 sensitivity analysis. The primary M3 comparator remains unchanged. KRAS WT is a sequencing-backed proxy defined as no KRAS variant record in OmicsSomaticMutations among models with a default WES/WGS profile. Other KRAS mutant comparator requires a non-target KRAS variant with a recognized DepMap driver/hotspot annotation. Ambiguous KRAS variants are excluded. Negative delta_gene_effect and Cliff's delta indicate stronger dependency in the exact KRAS-variant context.
EVID-0004|vs_kras_wildtype_proxy	EVID-0004	CANCER-004	TGT-KRAS	KRAS	26Q1	KRAS p.G12D	vs_kras_wildtype_proxy	same-disease models with KRAS p.G12D	same-disease models with WES/WGS coverage and no detected KRAS variant	22	5	19	3	19	3	19	1.0	-2.625605025715158	1.0	1	0.3333333333333333	-0.4217882819903514	0.4489870166164186	-2.203816743724807	-1.0	Mann–Whitney U, two-sided	0.0012987012987012987	0.02207792207792208	True	True	2026-10-03T13:40:14.089248+00:00	M3.1 sensitivity analysis. The primary M3 comparator remains unchanged. KRAS WT is a sequencing-backed proxy defined as no KRAS variant record in OmicsSomaticMutations among models with a default WES/WGS profile. Other KRAS mutant comparator requires a non-target KRAS variant with a recognized DepMap driver/hotspot annotation. Ambiguous KRAS variants are excluded. Negative delta_gene_effect and Cliff's delta indicate stronger dependency in the exact KRAS-variant context.
EVID-0004|vs_other_kras_driver_hotspot	EVID-0004	CANCER-004	TGT-KRAS	KRAS	26Q1	KRAS p.G12D	vs_other_kras_driver_hotspot	same-disease models with KRAS p.G12D	same-disease models carrying a non-target KRAS variant annotated as driver/hotspot	22	29	19	24	19	24	19	1.0	-2.625605025715158	1.0	24	1.0	-2.0859851683853017	1.0	-0.5396198573298565	-0.43859649122807015	Mann–Whitney U, two-sided	0.014959748109645375	0.08677770542639605	False	True	2026-10-03T13:40:14.089248+00:00	M3.1 sensitivity analysis. The primary M3 comparator remains unchanged. KRAS WT is a sequencing-backed proxy defined as no KRAS variant record in OmicsSomaticMutations among models with a default WES/WGS profile. Other KRAS mutant comparator requires a non-target KRAS variant with a recognized DepMap driver/hotspot annotation. Ambiguous KRAS variants are excluded. Negative delta_gene_effect and Cliff's delta indicate stronger dependency in the exact KRAS-variant context.
EVID-0013|vs_kras_wildtype_proxy	EVID-0013	CANCER-001	TGT-PTPN11	PTPN11	26Q1	KRAS p.G12C	vs_kras_wildtype_proxy	same-disease models with KRAS p.G12C	same-disease models with WES/WGS coverage and no detected KRAS variant	9	52	9	28	9	28	7	0.7777777777777778	-0.6085698266314777	0.6690111267635022	24	0.8571428571428571	-0.8932577984193852	0.9718478090525394	0.2846879717879075	0.5476190476190477	Mann–Whitney U, two-sided	0.015313712722305188	0.08677770542639605	False	True	2026-10-03T13:40:14.089248+00:00	M3.1 sensitivity analysis. The primary M3 comparator remains unchanged. KRAS WT is a sequencing-backed proxy defined as no KRAS variant record in OmicsSomaticMutations among models with a default WES/WGS profile. Other KRAS mutant comparator requires a non-target KRAS variant with a recognized DepMap driver/hotspot annotation. Ambiguous KRAS variants are excluded. Negative delta_gene_effect and Cliff's delta indicate stronger dependency in the exact KRAS-variant context.
EVID-0013|vs_other_kras_driver_hotspot	EVID-0013	CANCER-001	TGT-PTPN11	PTPN11	26Q1	KRAS p.G12C	vs_other_kras_driver_hotspot	same-disease models with KRAS p.G12C	same-disease models carrying a non-target KRAS variant annotated as driver/hotspot	9	22	9	16	9	16	7	0.7777777777777778	-0.6085698266314777	0.6690111267635022	9	0.5625	-0.5176062225362652	0.5379131979309424	-0.09096360409521254	-0.1527777777777778	Mann–Whitney U, two-sided	0.5522142220341504	0.9128896761854621	False	True	2026-10-03T13:40:14.089248+00:00	M3.1 sensitivity analysis. The primary M3 comparator remains unchanged. KRAS WT is a sequencing-backed proxy defined as no KRAS variant record in OmicsSomaticMutations among models with a default WES/WGS profile. Other KRAS mutant comparator requires a non-target KRAS variant with a recognized DepMap driver/hotspot annotation. Ambiguous KRAS variants are excluded. Negative delta_gene_effect and Cliff's delta indicate stronger dependency in the exact KRAS-variant context.
EVID-0014|vs_kras_wildtype_proxy	EVID-0014	CANCER-001	TGT-SOS1	SOS1	26Q1	KRAS p.G12C	vs_kras_wildtype_proxy	same-disease models with KRAS p.G12C	same-disease models with WES/WGS coverage and no detected KRAS variant	9	52	9	28	9	28	0	0.0	-0.0762692572418572	0.0388641656034314	11	0.39285714285714285	-0.3906985029100726	0.39618055111918415	0.3144292456682154	0.6746031746031746	Mann–Whitney U, two-sided	0.0027782193960436304	0.031486486488494475	False	True	2026-10-03T13:40:14.089248+00:00	M3.1 sensitivity analysis. The primary M3 comparator remains unchanged. KRAS WT is a sequencing-backed proxy defined as no KRAS variant record in OmicsSomaticMutations among models with a default WES/WGS profile. Other KRAS mutant comparator requires a non-target KRAS variant with a recognized DepMap driver/hotspot annotation. Ambiguous KRAS variants are excluded. Negative delta_gene_effect and Cliff's delta indicate stronger dependency in the exact KRAS-variant context.
EVID-0014|vs_other_kras_driver_hotspot	EVID-0014	CANCER-001	TGT-SOS1	SOS1	26Q1	KRAS p.G12C	vs_other_kras_driver_hotspot	same-disease models with KRAS p.G12C	same-disease models carrying a non-target KRAS variant annotated as driver/hotspot	9	22	9	16	9	16	0	0.0	-0.0762692572418572	0.0388641656034314	1	0.0625	-0.2514519879450948	0.1303046330793755	0.17518273070323764	0.3611111111111111	Mann–Whitney U, two-sided	0.14883654687670958	0.45907805174958743	False	True	2026-10-03T13:40:14.089248+00:00	M3.1 sensitivity analysis. The primary M3 comparator remains unchanged. KRAS WT is a sequencing-backed proxy defined as no KRAS variant record in OmicsSomaticMutations among models with a default WES/WGS profile. Other KRAS mutant comparator requires a non-target KRAS variant with a recognized DepMap driver/hotspot annotation. Ambiguous KRAS variants are excluded. Negative delta_gene_effect and Cliff's delta indicate stronger dependency in the exact KRAS-variant context.
EVID-0015|vs_kras_wildtype_proxy	EVID-0015	CANCER-001	TGT-GRB2	GRB2	26Q1	KRAS p.G12C	vs_kras_wildtype_proxy	same-disease models with KRAS p.G12C	same-disease models with WES/WGS coverage and no detected KRAS variant	9	52	9	28	9	28	7	0.7777777777777778	-0.7843523921140622	0.8730200559051822	25	0.8928571428571429	-1.5092698605321222	0.999717227970452	0.72491746841806	0.5	Mann–Whitney U, two-sided	0.02693379154403571	0.11063091905949785	False	True	2026-10-03T13:40:14.089248+00:00	M3.1 sensitivity analysis. The primary M3 comparator remains unchanged. KRAS WT is a sequencing-backed proxy defined as no KRAS variant record in OmicsSomaticMutations among models with a default WES/WGS profile. Other KRAS mutant comparator requires a non-target KRAS variant with a recognized DepMap driver/hotspot annotation. Ambiguous KRAS variants are excluded. Negative delta_gene_effect and Cliff's delta indicate stronger dependency in the exact KRAS-variant context.
EVID-0015|vs_other_kras_driver_hotspot	EVID-0015	CANCER-001	TGT-GRB2	GRB2	26Q1	KRAS p.G12C	vs_other_kras_driver_hotspot	same-disease models with KRAS p.G12C	same-disease models carrying a non-target KRAS variant annotated as driver/hotspot	9	22	9	16	9	16	7	0.7777777777777778	-0.7843523921140622	0.8730200559051822	14	0.875	-0.8516074128737761	0.9153750271968196	0.0672550207597139	0.16666666666666666	Mann–Whitney U, two-sided	0.5150082114768838	0.9128896761854621	False	True	2026-10-03T13:40:14.089248+00:00	M3.1 sensitivity analysis. The primary M3 comparator remains unchanged. KRAS WT is a sequencing-backed proxy defined as no KRAS variant record in OmicsSomaticMutations among models with a default WES/WGS profile. Other KRAS mutant comparator requires a non-target KRAS variant with a recognized DepMap driver/hotspot annotation. Ambiguous KRAS variants are excluded. Negative delta_gene_effect and Cliff's delta indicate stronger dependency in the exact KRAS-variant context.
EVID-0016|vs_kras_wildtype_proxy	EVID-0016	CANCER-001	TGT-MET	MET	26Q1	KRAS p.G12C	vs_kras_wildtype_proxy	same-disease models with KRAS p.G12C	same-disease models with WES/WGS coverage and no detected KRAS variant	9	52	9	28	9	28	0	0.0	0.0123990305563227	0.0196242252261008	3	0.10714285714285714	-0.009230014988873901	0.02096936663663155	0.021629045545196603	0.2222222222222222	Mann–Whitney U, two-sided	0.3303101023627043	0.8021816771665676	False	True	2026-10-03T13:40:14.089248+00:00	M3.1 sensitivity analysis. The primary M3 comparator remains unchanged. KRAS WT is a sequencing-backed proxy defined as no KRAS variant record in OmicsSomaticMutations among models with a default WES/WGS profile. Other KRAS mutant comparator requires a non-target KRAS variant with a recognized DepMap driver/hotspot annotation. Ambiguous KRAS variants are excluded. Negative delta_gene_effect and Cliff's delta indicate stronger dependency in the exact KRAS-variant context.
EVID-0016|vs_other_kras_driver_hotspot	EVID-0016	CANCER-001	TGT-MET	MET	26Q1	KRAS p.G12C	vs_other_kras_driver_hotspot	same-disease models with KRAS p.G12C	same-disease models carrying a non-target KRAS variant annotated as driver/hotspot	9	22	9	16	9	16	0	0.0	0.0123990305563227	0.0196242252261008	1	0.0625	-0.04122127267124395	0.0292621643612808	0.053620303227566654	0.5555555555555556	Mann–Whitney U, two-sided	0.025335586736179114	0.11063091905949785	False	True	2026-10-03T13:40:14.089248+00:00	M3.1 sensitivity analysis. The primary M3 comparator remains unchanged. KRAS WT is a sequencing-backed proxy defined as no KRAS variant record in OmicsSomaticMutations among models with a default WES/WGS profile. Other KRAS mutant comparator requires a non-target KRAS variant with a recognized DepMap driver/hotspot annotation. Ambiguous KRAS variants are excluded. Negative delta_gene_effect and Cliff's delta indicate stronger dependency in the exact KRAS-variant context.
EVID-0017|vs_kras_wildtype_proxy	EVID-0017	CANCER-001	TGT-BRAF	BRAF	26Q1	KRAS p.G12C	vs_kras_wildtype_proxy	same-disease models with KRAS p.G12C	same-disease models with WES/WGS coverage and no detected KRAS variant	9	52	9	28	9	28	0	0.0	-0.0262625620524134	0.0240096355191732	2	0.07142857142857142	-0.05211833908450515	0.0424667010384506	0.025855777032091753	0.31746031746031744	Mann–Whitney U, two-sided	0.162027547676325	0.45907805174958743	False	True	2026-10-03T13:40:14.089248+00:00	M3.1 sensitivity analysis. The primary M3 comparator remains unchanged. KRAS WT is a sequencing-backed proxy defined as no KRAS variant record in OmicsSomaticMutations among models with a default WES/WGS profile. Other KRAS mutant comparator requires a non-target KRAS variant with a recognized DepMap driver/hotspot annotation. Ambiguous KRAS variants are excluded. Negative delta_gene_effect and Cliff's delta indicate stronger dependency in the exact KRAS-variant context.
EVID-0017|vs_other_kras_driver_hotspot	EVID-0017	CANCER-001	TGT-BRAF	BRAF	26Q1	KRAS p.G12C	vs_other_kras_driver_hotspot	same-disease models with KRAS p.G12C	same-disease models carrying a non-target KRAS variant annotated as driver/hotspot	9	22	9	16	9	16	0	0.0	-0.0262625620524134	0.0240096355191732	1	0.0625	-0.00214602420073225	0.0219146689347104	-0.02411653785168115	0.06944444444444445	Mann–Whitney U, two-sided	0.7989066696432697	0.93716027742728	False	True	2026-10-03T13:40:14.089248+00:00	M3.1 sensitivity analysis. The primary M3 comparator remains unchanged. KRAS WT is a sequencing-backed proxy defined as no KRAS variant record in OmicsSomaticMutations among models with a default WES/WGS profile. Other KRAS mutant comparator requires a non-target KRAS variant with a recognized DepMap driver/hotspot annotation. Ambiguous KRAS variants are excluded. Negative delta_gene_effect and Cliff's delta indicate stronger dependency in the exact KRAS-variant context.
EVID-0018|vs_kras_wildtype_proxy	EVID-0018	CANCER-001	TGT-MAP2K1	MAP2K1	26Q1	KRAS p.G12C	vs_kras_wildtype_proxy	same-disease models with KRAS p.G12C	same-disease models with WES/WGS coverage and no detected KRAS variant	9	52	9	28	9	28	0	0.0	-0.1272577942223448	0.0725053571389732	0	0.0	-0.085090911029299	0.048655123437740005	-0.04216688319304579	-0.20634920634920634	Mann–Whitney U, two-sided	0.3666903311705768	0.8252655910203228	False	True	2026-10-03T13:40:14.089248+00:00	M3.1 sensitivity analysis. The primary M3 comparator remains unchanged. KRAS WT is a sequencing-backed proxy defined as no KRAS variant record in OmicsSomaticMutations among models with a default WES/WGS profile. Other KRAS mutant comparator requires a non-target KRAS variant with a recognized DepMap driver/hotspot annotation. Ambiguous KRAS variants are excluded. Negative delta_gene_effect and Cliff's delta indicate stronger dependency in the exact KRAS-variant context.
EVID-0018|vs_other_kras_driver_hotspot	EVID-0018	CANCER-001	TGT-MAP2K1	MAP2K1	26Q1	KRAS p.G12C	vs_other_kras_driver_hotspot	same-disease models with KRAS p.G12C	same-disease models carrying a non-target KRAS variant annotated as driver/hotspot	9	22	9	16	9	16	0	0.0	-0.1272577942223448	0.0725053571389732	0	0.0	-0.21997610705229825	0.09855409163386425	0.09271831282995346	0.5416666666666666	Mann–Whitney U, two-sided	0.029284655045161194	0.11063091905949785	False	True	2026-10-03T13:40:14.089248+00:00	M3.1 sensitivity analysis. The primary M3 comparator remains unchanged. KRAS WT is a sequencing-backed proxy defined as no KRAS variant record in OmicsSomaticMutations among models with a default WES/WGS profile. Other KRAS mutant comparator requires a non-target KRAS variant with a recognized DepMap driver/hotspot annotation. Ambiguous KRAS variants are excluded. Negative delta_gene_effect and Cliff's delta indicate stronger dependency in the exact KRAS-variant context.
EVID-0019|vs_kras_wildtype_proxy	EVID-0019	CANCER-001	TGT-RAF1	RAF1	26Q1	KRAS p.G12C	vs_kras_wildtype_proxy	same-disease models with KRAS p.G12C	same-disease models with WES/WGS coverage and no detected KRAS variant	9	52	9	28	9	28	1	0.1111111111111111	-0.0067279509349256	0.0194935163756132	1	0.03571428571428571	-0.0497586179292756	0.037639049659073096	0.04303066699435	0.1349206349206349	Mann–Whitney U, two-sided	0.5591572943909588	0.9128896761854621	False	True	2026-10-03T13:40:14.089248+00:00	M3.1 sensitivity analysis. The primary M3 comparator remains unchanged. KRAS WT is a sequencing-backed proxy defined as no KRAS variant record in OmicsSomaticMutations among models with a default WES/WGS profile. Other KRAS mutant comparator requires a non-target KRAS variant with a recognized DepMap driver/hotspot annotation. Ambiguous KRAS variants are excluded. Negative delta_gene_effect and Cliff's delta indicate stronger dependency in the exact KRAS-variant context.
EVID-0019|vs_other_kras_driver_hotspot	EVID-0019	CANCER-001	TGT-RAF1	RAF1	26Q1	KRAS p.G12C	vs_other_kras_driver_hotspot	same-disease models with KRAS p.G12C	same-disease models carrying a non-target KRAS variant annotated as driver/hotspot	9	22	9	16	9	16	1	0.1111111111111111	-0.0067279509349256	0.0194935163756132	1	0.0625	-0.0538194808156337	0.032545363183064197	0.047091529880708104	0.1388888888888889	Mann–Whitney U, two-sided	0.5906933198847109	0.9128896761854621	False	True	2026-10-03T13:40:14.089248+00:00	M3.1 sensitivity analysis. The primary M3 comparator remains unchanged. KRAS WT is a sequencing-backed proxy defined as no KRAS variant record in OmicsSomaticMutations among models with a default WES/WGS profile. Other KRAS mutant comparator requires a non-target KRAS variant with a recognized DepMap driver/hotspot annotation. Ambiguous KRAS variants are excluded. Negative delta_gene_effect and Cliff's delta indicate stronger dependency in the exact KRAS-variant context.
EVID-0020|vs_kras_wildtype_proxy	EVID-0020	CANCER-004	TGT-PTPN11	PTPN11	26Q1	KRAS p.G12D	vs_kras_wildtype_proxy	same-disease models with KRAS p.G12D	same-disease models with WES/WGS coverage and no detected KRAS variant	22	5	19	3	19	3	11	0.5789473684210527	-0.4996931276214892	0.5470797880856538	2	0.6666666666666666	-0.5747158178653634	0.6752932360823509	0.0750226902438742	0.017543859649122806	Mann–Whitney U, two-sided	1.0	1.0	True	True	2026-10-03T13:40:14.089248+00:00	M3.1 sensitivity analysis. The primary M3 comparator remains unchanged. KRAS WT is a sequencing-backed proxy defined as no KRAS variant record in OmicsSomaticMutations among models with a default WES/WGS profile. Other KRAS mutant comparator requires a non-target KRAS variant with a recognized DepMap driver/hotspot annotation. Ambiguous KRAS variants are excluded. Negative delta_gene_effect and Cliff's delta indicate stronger dependency in the exact KRAS-variant context.
EVID-0020|vs_other_kras_driver_hotspot	EVID-0020	CANCER-004	TGT-PTPN11	PTPN11	26Q1	KRAS p.G12D	vs_other_kras_driver_hotspot	same-disease models with KRAS p.G12D	same-disease models carrying a non-target KRAS variant annotated as driver/hotspot	22	29	19	24	19	24	11	0.5789473684210527	-0.4996931276214892	0.5470797880856538	12	0.5	-0.43168598355970533	0.4952808428493376	-0.06800714406178388	0.039473684210526314	Mann–Whitney U, two-sided	0.8353271204290181	0.93716027742728	False	True	2026-10-03T13:40:14.089248+00:00	M3.1 sensitivity analysis. The primary M3 comparator remains unchanged. KRAS WT is a sequencing-backed proxy defined as no KRAS variant record in OmicsSomaticMutations among models with a default WES/WGS profile. Other KRAS mutant comparator requires a non-target KRAS variant with a recognized DepMap driver/hotspot annotation. Ambiguous KRAS variants are excluded. Negative delta_gene_effect and Cliff's delta indicate stronger dependency in the exact KRAS-variant context.
EVID-0021|vs_kras_wildtype_proxy	EVID-0021	CANCER-004	TGT-SOS1	SOS1	26Q1	KRAS p.G12D	vs_kras_wildtype_proxy	same-disease models with KRAS p.G12D	same-disease models with WES/WGS coverage and no detected KRAS variant	22	5	19	3	19	3	2	0.10526315789473684	-0.1300414163665877	0.0939711755826826	0	0.0	-0.1272965914645586	0.0559949260666838	-0.002744824902029097	-0.12280701754385964	Mann–Whitney U, two-sided	0.7870129870129872	0.93716027742728	True	True	2026-10-03T13:40:14.089248+00:00	M3.1 sensitivity analysis. The primary M3 comparator remains unchanged. KRAS WT is a sequencing-backed proxy defined as no KRAS variant record in OmicsSomaticMutations among models with a default WES/WGS profile. Other KRAS mutant comparator requires a non-target KRAS variant with a recognized DepMap driver/hotspot annotation. Ambiguous KRAS variants are excluded. Negative delta_gene_effect and Cliff's delta indicate stronger dependency in the exact KRAS-variant context.
EVID-0021|vs_other_kras_driver_hotspot	EVID-0021	CANCER-004	TGT-SOS1	SOS1	26Q1	KRAS p.G12D	vs_other_kras_driver_hotspot	same-disease models with KRAS p.G12D	same-disease models carrying a non-target KRAS variant annotated as driver/hotspot	22	29	19	24	19	24	2	0.10526315789473684	-0.1300414163665877	0.0939711755826826	2	0.08333333333333333	-0.11612965371659614	0.05614495602433775	-0.013911762649991555	-0.039473684210526314	Mann–Whitney U, two-sided	0.8353271204290181	0.93716027742728	False	True	2026-10-03T13:40:14.089248+00:00	M3.1 sensitivity analysis. The primary M3 comparator remains unchanged. KRAS WT is a sequencing-backed proxy defined as no KRAS variant record in OmicsSomaticMutations among models with a default WES/WGS profile. Other KRAS mutant comparator requires a non-target KRAS variant with a recognized DepMap driver/hotspot annotation. Ambiguous KRAS variants are excluded. Negative delta_gene_effect and Cliff's delta indicate stronger dependency in the exact KRAS-variant context.
EVID-0022|vs_kras_wildtype_proxy	EVID-0022	CANCER-004	TGT-EGFR	EGFR	26Q1	KRAS p.G12D	vs_kras_wildtype_proxy	same-disease models with KRAS p.G12D	same-disease models with WES/WGS coverage and no detected KRAS variant	22	5	19	3	19	3	7	0.3684210526315789	-0.2978749759774681	0.2087697916942485	0	0.0	-0.1978700956929829	0.1322461058039771	-0.1000048802844852	-0.15789473684210525	Mann–Whitney U, two-sided	0.7181818181818184	0.93716027742728	True	True	2026-10-03T13:40:14.089248+00:00	M3.1 sensitivity analysis. The primary M3 comparator remains unchanged. KRAS WT is a sequencing-backed proxy defined as no KRAS variant record in OmicsSomaticMutations among models with a default WES/WGS profile. Other KRAS mutant comparator requires a non-target KRAS variant with a recognized DepMap driver/hotspot annotation. Ambiguous KRAS variants are excluded. Negative delta_gene_effect and Cliff's delta indicate stronger dependency in the exact KRAS-variant context.
EVID-0022|vs_other_kras_driver_hotspot	EVID-0022	CANCER-004	TGT-EGFR	EGFR	26Q1	KRAS p.G12D	vs_other_kras_driver_hotspot	same-disease models with KRAS p.G12D	same-disease models carrying a non-target KRAS variant annotated as driver/hotspot	22	29	19	24	19	24	7	0.3684210526315789	-0.2978749759774681	0.2087697916942485	8	0.3333333333333333	-0.2586671203767876	0.18936148517041565	-0.03920785560068052	0.07017543859649122	Mann–Whitney U, two-sided	0.7046396772563029	0.93716027742728	False	True	2026-10-03T13:40:14.089248+00:00	M3.1 sensitivity analysis. The primary M3 comparator remains unchanged. KRAS WT is a sequencing-backed proxy defined as no KRAS variant record in OmicsSomaticMutations among models with a default WES/WGS profile. Other KRAS mutant comparator requires a non-target KRAS variant with a recognized DepMap driver/hotspot annotation. Ambiguous KRAS variants are excluded. Negative delta_gene_effect and Cliff's delta indicate stronger dependency in the exact KRAS-variant context.
EVID-0023|vs_kras_wildtype_proxy	EVID-0023	CANCER-004	TGT-MAP2K1	MAP2K1	26Q1	KRAS p.G12D	vs_kras_wildtype_proxy	same-disease models with KRAS p.G12D	same-disease models with WES/WGS coverage and no detected KRAS variant	22	5	19	3	19	3	0	0.0	-0.1509745985084591	0.1011001183232455	0	0.0	-0.2452610755133632	0.1489405819976125	0.09428647700490411	0.40350877192982454	Mann–Whitney U, two-sided	0.30779220779220784	0.8021816771665676	True	True	2026-10-03T13:40:14.089248+00:00	M3.1 sensitivity analysis. The primary M3 comparator remains unchanged. KRAS WT is a sequencing-backed proxy defined as no KRAS variant record in OmicsSomaticMutations among models with a default WES/WGS profile. Other KRAS mutant comparator requires a non-target KRAS variant with a recognized DepMap driver/hotspot annotation. Ambiguous KRAS variants are excluded. Negative delta_gene_effect and Cliff's delta indicate stronger dependency in the exact KRAS-variant context.
EVID-0023|vs_other_kras_driver_hotspot	EVID-0023	CANCER-004	TGT-MAP2K1	MAP2K1	26Q1	KRAS p.G12D	vs_other_kras_driver_hotspot	same-disease models with KRAS p.G12D	same-disease models carrying a non-target KRAS variant annotated as driver/hotspot	22	29	19	24	19	24	0	0.0	-0.1509745985084591	0.1011001183232455	2	0.08333333333333333	-0.19262037803786403	0.12811099888856356	0.04164577952940493	0.10526315789473684	Mann–Whitney U, two-sided	0.5654865733735017	0.9128896761854621	False	True	2026-10-03T13:40:14.089248+00:00	M3.1 sensitivity analysis. The primary M3 comparator remains unchanged. KRAS WT is a sequencing-backed proxy defined as no KRAS variant record in OmicsSomaticMutations among models with a default WES/WGS profile. Other KRAS mutant comparator requires a non-target KRAS variant with a recognized DepMap driver/hotspot annotation. Ambiguous KRAS variants are excluded. Negative delta_gene_effect and Cliff's delta indicate stronger dependency in the exact KRAS-variant context.
EVID-0024|vs_kras_wildtype_proxy	EVID-0024	CANCER-004	TGT-ULK1	ULK1	26Q1	KRAS p.G12D	vs_kras_wildtype_proxy	same-disease models with KRAS p.G12D	same-disease models with WES/WGS coverage and no detected KRAS variant	22	5	19	3	19	3	0	0.0	0.0383045020871365	0.016314667554649	0	0.0	-0.0825271496405926	0.0449278329901291	0.1208316517277291	0.7192982456140351	Mann–Whitney U, two-sided	0.05324675324675325	0.18103896103896105	True	True	2026-10-03T13:40:14.089248+00:00	M3.1 sensitivity analysis. The primary M3 comparator remains unchanged. KRAS WT is a sequencing-backed proxy defined as no KRAS variant record in OmicsSomaticMutations among models with a default WES/WGS profile. Other KRAS mutant comparator requires a non-target KRAS variant with a recognized DepMap driver/hotspot annotation. Ambiguous KRAS variants are excluded. Negative delta_gene_effect and Cliff's delta indicate stronger dependency in the exact KRAS-variant context.
EVID-0024|vs_other_kras_driver_hotspot	EVID-0024	CANCER-004	TGT-ULK1	ULK1	26Q1	KRAS p.G12D	vs_other_kras_driver_hotspot	same-disease models with KRAS p.G12D	same-disease models carrying a non-target KRAS variant annotated as driver/hotspot	22	29	19	24	19	24	0	0.0	0.0383045020871365	0.016314667554649	0	0.0	-0.09197835250544875	0.04737613088409065	0.13028285459258526	0.4473684210526316	Mann–Whitney U, two-sided	0.013055064561019727	0.08677770542639605	False	True	2026-10-03T13:40:14.089248+00:00	M3.1 sensitivity analysis. The primary M3 comparator remains unchanged. KRAS WT is a sequencing-backed proxy defined as no KRAS variant record in OmicsSomaticMutations among models with a default WES/WGS profile. Other KRAS mutant comparator requires a non-target KRAS variant with a recognized DepMap driver/hotspot annotation. Ambiguous KRAS variants are excluded. Negative delta_gene_effect and Cliff's delta indicate stronger dependency in the exact KRAS-variant context.
EVID-0025|vs_kras_wildtype_proxy	EVID-0025	CANCER-004	TGT-PIK3CA	PIK3CA	26Q1	KRAS p.G12D	vs_kras_wildtype_proxy	same-disease models with KRAS p.G12D	same-disease models with WES/WGS coverage and no detected KRAS variant	22	5	19	3	19	3	12	0.631578947368421	-0.5681083302513694	0.5718794275994081	3	1.0	-0.6606895833826574	0.8435056506732785	0.09258125313128795	0.05263157894736842	Mann–Whitney U, two-sided	0.9285714285714287	0.986607142857143	True	True	2026-10-03T13:40:14.089248+00:00	M3.1 sensitivity analysis. The primary M3 comparator remains unchanged. KRAS WT is a sequencing-backed proxy defined as no KRAS variant record in OmicsSomaticMutations among models with a default WES/WGS profile. Other KRAS mutant comparator requires a non-target KRAS variant with a recognized DepMap driver/hotspot annotation. Ambiguous KRAS variants are excluded. Negative delta_gene_effect and Cliff's delta indicate stronger dependency in the exact KRAS-variant context.
EVID-0025|vs_other_kras_driver_hotspot	EVID-0025	CANCER-004	TGT-PIK3CA	PIK3CA	26Q1	KRAS p.G12D	vs_other_kras_driver_hotspot	same-disease models with KRAS p.G12D	same-disease models carrying a non-target KRAS variant annotated as driver/hotspot	22	29	19	24	19	24	12	0.631578947368421	-0.5681083302513694	0.5718794275994081	15	0.625	-0.5213997785124305	0.6893686707959413	-0.04670855173893895	0.03508771929824561	Mann–Whitney U, two-sided	0.8544696647131083	0.93716027742728	False	True	2026-10-03T13:40:14.089248+00:00	M3.1 sensitivity analysis. The primary M3 comparator remains unchanged. KRAS WT is a sequencing-backed proxy defined as no KRAS variant record in OmicsSomaticMutations among models with a default WES/WGS profile. Other KRAS mutant comparator requires a non-target KRAS variant with a recognized DepMap driver/hotspot annotation. Ambiguous KRAS variants are excluded. Negative delta_gene_effect and Cliff's delta indicate stronger dependency in the exact KRAS-variant context.
EVID-0026|vs_kras_wildtype_proxy	EVID-0026	CANCER-004	TGT-CDK6	CDK6	26Q1	KRAS p.G12D	vs_kras_wildtype_proxy	same-disease models with KRAS p.G12D	same-disease models with WES/WGS coverage and no detected KRAS variant	22	5	19	3	19	3	16	0.8421052631578947	-0.7476768754427928	0.9029499618356642	2	0.6666666666666666	-0.7225870170332384	0.9176112715287176	-0.025089858409554466	-0.12280701754385964	Mann–Whitney U, two-sided	0.7870129870129872	0.93716027742728	True	True	2026-10-03T13:40:14.089248+00:00	M3.1 sensitivity analysis. The primary M3 comparator remains unchanged. KRAS WT is a sequencing-backed proxy defined as no KRAS variant record in OmicsSomaticMutations among models with a default WES/WGS profile. Other KRAS mutant comparator requires a non-target KRAS variant with a recognized DepMap driver/hotspot annotation. Ambiguous KRAS variants are excluded. Negative delta_gene_effect and Cliff's delta indicate stronger dependency in the exact KRAS-variant context.
EVID-0026|vs_other_kras_driver_hotspot	EVID-0026	CANCER-004	TGT-CDK6	CDK6	26Q1	KRAS p.G12D	vs_other_kras_driver_hotspot	same-disease models with KRAS p.G12D	same-disease models carrying a non-target KRAS variant annotated as driver/hotspot	22	29	19	24	19	24	16	0.8421052631578947	-0.7476768754427928	0.9029499618356642	21	0.875	-0.8541516317392482	0.9343275042325624	0.10647475629645542	0.14912280701754385	Mann–Whitney U, two-sided	0.4126327955101614	0.8252655910203228	False	True	2026-10-03T13:40:14.089248+00:00	M3.1 sensitivity analysis. The primary M3 comparator remains unchanged. KRAS WT is a sequencing-backed proxy defined as no KRAS variant record in OmicsSomaticMutations among models with a default WES/WGS profile. Other KRAS mutant comparator requires a non-target KRAS variant with a recognized DepMap driver/hotspot annotation. Ambiguous KRAS variants are excluded. Negative delta_gene_effect and Cliff's delta indicate stronger dependency in the exact KRAS-variant context.
EVID-0027|vs_kras_wildtype_proxy	EVID-0027	CANCER-004	TGT-YAP1	YAP1	26Q1	KRAS p.G12D	vs_kras_wildtype_proxy	same-disease models with KRAS p.G12D	same-disease models with WES/WGS coverage and no detected KRAS variant	22	5	19	3	19	3	5	0.2631578947368421	-0.3431147822968647	0.2456413310796654	1	0.3333333333333333	-0.3660244720391084	0.3181461674557969	0.022909689742243666	0.3333333333333333	Mann–Whitney U, two-sided	0.4077922077922079	0.8252655910203228	True	True	2026-10-03T13:40:14.089248+00:00	M3.1 sensitivity analysis. The primary M3 comparator remains unchanged. KRAS WT is a sequencing-backed proxy defined as no KRAS variant record in OmicsSomaticMutations among models with a default WES/WGS profile. Other KRAS mutant comparator requires a non-target KRAS variant with a recognized DepMap driver/hotspot annotation. Ambiguous KRAS variants are excluded. Negative delta_gene_effect and Cliff's delta indicate stronger dependency in the exact KRAS-variant context.
EVID-0027|vs_other_kras_driver_hotspot	EVID-0027	CANCER-004	TGT-YAP1	YAP1	26Q1	KRAS p.G12D	vs_other_kras_driver_hotspot	same-disease models with KRAS p.G12D	same-disease models carrying a non-target KRAS variant annotated as driver/hotspot	22	29	19	24	19	24	5	0.2631578947368421	-0.3431147822968647	0.2456413310796654	8	0.3333333333333333	-0.30311013131562414	0.21570752917145095	-0.040004650981240564	-0.0043859649122807015	Mann–Whitney U, two-sided	0.9902437907452661	1.0	False	True	2026-10-03T13:40:14.089248+00:00	M3.1 sensitivity analysis. The primary M3 comparator remains unchanged. KRAS WT is a sequencing-backed proxy defined as no KRAS variant record in OmicsSomaticMutations among models with a default WES/WGS profile. Other KRAS mutant comparator requires a non-target KRAS variant with a recognized DepMap driver/hotspot annotation. Ambiguous KRAS variants are excluded. Negative delta_gene_effect and Cliff's delta indicate stronger dependency in the exact KRAS-variant context.
