target_id	input_symbol	mapping_status	mapping_basis	hgnc_id	hgnc_symbol	hgnc_approved_name	hgnc_status	hgnc_date_modified	hgnc_previous_symbols	hgnc_aliases	ensembl_gene_id	ncbi_gene_id	uniprot_id	raw_record_hash	source_snapshot	notes
TGT-KRAS	KRAS	exact_approved_symbol	approved_symbol	HGNC:6407	KRAS	KRas proto-oncogene, GTPase	Approved	2026-06-10	['KRAS2']	['KRAS1', 'K-Ras4B']	ENSG00000133703	3845	P01116	5d388c06852864139d7c7b44193f29cd38ec95eb9f0c8f495d03ce609cdd7521	C:\Users\Bogdan\Desktop\master-cancer-landscape\data\raw\hgnc\2026-09-26\hgnc_complete_set.txt	
TGT-EGFR	EGFR	exact_approved_symbol	approved_symbol	HGNC:3236	EGFR	epidermal growth factor receptor	Approved	2023-03-15	['ERBB']	['ERBB1', 'ERRP']	ENSG00000146648	1956	P00533	a8e2e09c5e62f42ca1dcc035318e915bc9029c68a429f6135a7ee1fc9c958bd8	C:\Users\Bogdan\Desktop\master-cancer-landscape\data\raw\hgnc\2026-09-26\hgnc_complete_set.txt	
TGT-BRAF	BRAF	exact_approved_symbol	approved_symbol	HGNC:1097	BRAF	B-Raf proto-oncogene, serine/threonine kinase	Approved	2023-01-20	[]	['BRAF1', 'BRAF-1']	ENSG00000157764	673	P15056	8842584fffe540d3895fe17898922d8a21b201683087d7073f8c68293c1c2a52	C:\Users\Bogdan\Desktop\master-cancer-landscape\data\raw\hgnc\2026-09-26\hgnc_complete_set.txt	
TGT-FLT3	FLT3	exact_approved_symbol	approved_symbol	HGNC:3765	FLT3	fms related receptor tyrosine kinase 3	Approved	2023-01-20	[]	['STK1', 'FLK2', 'CD135']	ENSG00000122025	2322	P36888	688133dae3075089f0dbe2e1b6459a526832311b4e5536f87bc0f61a3b973cfc	C:\Users\Bogdan\Desktop\master-cancer-landscape\data\raw\hgnc\2026-09-26\hgnc_complete_set.txt	
TGT-IDH1	IDH1	exact_approved_symbol	approved_symbol	HGNC:5382	IDH1	isocitrate dehydrogenase (NADP(+)) 1	Approved	2023-01-20	[]	[]	ENSG00000138413	3417	O75874	dfcab51d404eca691aaabaee4dccd7f24467fb2b6998afeca3ef4f3c01d42a0d	C:\Users\Bogdan\Desktop\master-cancer-landscape\data\raw\hgnc\2026-09-26\hgnc_complete_set.txt	
TGT-IDH2	IDH2	exact_approved_symbol	approved_symbol	HGNC:5383	IDH2	isocitrate dehydrogenase (NADP(+)) 2	Approved	2023-01-20	[]	['IDH-2']	ENSG00000182054	3418	P48735	77dee608ff591eccaeaa2a29f4ed0c6742f8ad64fbd5ebb8548b2b43ad37f1e7	C:\Users\Bogdan\Desktop\master-cancer-landscape\data\raw\hgnc\2026-09-26\hgnc_complete_set.txt	
TGT-VHL	VHL	exact_approved_symbol	approved_symbol	HGNC:12687	VHL	von Hippel-Lindau tumor suppressor	Approved	2023-01-20	[]	['VHL1']	ENSG00000134086	7428	P40337	35e263edaa9274e37dcb08cfcef125a023b18fde153c721b19b4605fda22b215	C:\Users\Bogdan\Desktop\master-cancer-landscape\data\raw\hgnc\2026-09-26\hgnc_complete_set.txt	
TGT-BRCA1	BRCA1	exact_approved_symbol	approved_symbol	HGNC:1100	BRCA1	BRCA1 DNA repair associated	Approved	2023-03-15	[]	['RNF53', 'BRCC1', 'PPP1R53', 'FANCS']	ENSG00000012048	672	P38398	416be91624fd419387faf107641d28f711a92a3ff9acccf6b4e08dd6b5fa44b3	C:\Users\Bogdan\Desktop\master-cancer-landscape\data\raw\hgnc\2026-09-26\hgnc_complete_set.txt	
TGT-RET	RET	exact_approved_symbol	approved_symbol	HGNC:9967	RET	ret proto-oncogene	Approved	2026-02-19	['HSCR1', 'MEN2A', 'MTC1', 'MEN2B']	['PTC', 'CDHF12', 'RET51', 'CDHR16']	ENSG00000165731	5979	P07949	1c39d372e42da93be01ecf2af2fbfe7effcfda8cba8b0c91694ee8af1a4a7832	C:\Users\Bogdan\Desktop\master-cancer-landscape\data\raw\hgnc\2026-09-26\hgnc_complete_set.txt	
TGT-PTPN11	PTPN11	exact_approved_symbol	approved_symbol	HGNC:9644	PTPN11	protein tyrosine phosphatase non-receptor type 11	Approved	2023-01-20	['NS1']	['BPTP3', 'SH-PTP2', 'SHP-2', 'PTP2C', 'SHP2']	ENSG00000179295	5781	Q06124	e75e404fff36609fad3719f9090aea61d07dfa16fac69fd43fae8c65e23c7874	C:\Users\Bogdan\Desktop\master-cancer-landscape\data\raw\hgnc\2026-09-26\hgnc_complete_set.txt	
TGT-SOS1	SOS1	exact_approved_symbol	approved_symbol	HGNC:11187	SOS1	SOS Ras/Rac guanine nucleotide exchange factor 1	Approved	2023-01-20	['GINGF']	['HGF', 'GF1']	ENSG00000115904	6654	Q07889	93e357ebe3e129f22b84d835bf7abc5f84345db3cb0faeeaff446f20018c7233	C:\Users\Bogdan\Desktop\master-cancer-landscape\data\raw\hgnc\2026-09-26\hgnc_complete_set.txt	
TGT-GRB2	GRB2	exact_approved_symbol	approved_symbol	HGNC:4566	GRB2	growth factor receptor bound protein 2	Approved	2023-01-20	[]	['NCKAP2']	ENSG00000177885	2885	P62993	ba1010828f7f1755c15da610ced901275a76d6c8884130fa38db1b4d32d0ea92	C:\Users\Bogdan\Desktop\master-cancer-landscape\data\raw\hgnc\2026-09-26\hgnc_complete_set.txt	
TGT-MET	MET	exact_approved_symbol	approved_symbol	HGNC:7029	MET	MET proto-oncogene, receptor tyrosine kinase	Approved	2024-01-15	[]	['HGFR', 'RCCP2', 'DFNB97']	ENSG00000105976	4233	P08581	eb9f9ce5406520b63acc849e3f6fb9477c7a74ef11d29c6c1a0176d0ada507a1	C:\Users\Bogdan\Desktop\master-cancer-landscape\data\raw\hgnc\2026-09-26\hgnc_complete_set.txt	
TGT-MAP2K1	MAP2K1	exact_approved_symbol	approved_symbol	HGNC:6840	MAP2K1	mitogen-activated protein kinase kinase 1	Approved	2023-08-02	['PRKMK1']	['MEK1', 'MAPKK1', 'MKK1']	ENSG00000169032	5604	Q02750	060a4ac7b39ef6aa646197475944fb83210025b225f695ab69c21250e450269d	C:\Users\Bogdan\Desktop\master-cancer-landscape\data\raw\hgnc\2026-09-26\hgnc_complete_set.txt	
TGT-RAF1	RAF1	exact_approved_symbol	approved_symbol	HGNC:9829	RAF1	Raf-1 proto-oncogene, serine/threonine kinase	Approved	2023-01-20	[]	['Raf-1', 'c-Raf', 'CRAF']	ENSG00000132155	5894	P04049	e0399425999efda599e3c1dcacc594fdb3ed39f1bb99588407e14c2bd8a84fea	C:\Users\Bogdan\Desktop\master-cancer-landscape\data\raw\hgnc\2026-09-26\hgnc_complete_set.txt	
TGT-ULK1	ULK1	exact_approved_symbol	approved_symbol	HGNC:12558	ULK1	unc-51 like autophagy activating kinase 1	Approved	2026-04-02	[]	['ATG1', 'ATG1A']	ENSG00000177169	8408	O75385	b2f1f83b475c17e8133006dad38de421fabc4747a12fed1deba19527a027d982	C:\Users\Bogdan\Desktop\master-cancer-landscape\data\raw\hgnc\2026-09-26\hgnc_complete_set.txt	
TGT-PIK3CA	PIK3CA	exact_approved_symbol	approved_symbol	HGNC:8975	PIK3CA	phosphatidylinositol-4,5-bisphosphate 3-kinase catalytic subunit alpha	Approved	2023-01-20	[]	['PI3K']	ENSG00000121879	5290	P42336	5f40823d770df658452b2d2596cd9e9f401f9a18ea9a341578d918d2fd4d8fe5	C:\Users\Bogdan\Desktop\master-cancer-landscape\data\raw\hgnc\2026-09-26\hgnc_complete_set.txt	
TGT-CDK6	CDK6	exact_approved_symbol	approved_symbol	HGNC:1777	CDK6	cyclin dependent kinase 6	Approved	2023-01-20	[]	['PLSTIRE']	ENSG00000105810	1021	Q00534	ce26a5af0c95032c3668c214d6dd0095d3e96325e24bce41f0ea9d51e010bd86	C:\Users\Bogdan\Desktop\master-cancer-landscape\data\raw\hgnc\2026-09-26\hgnc_complete_set.txt	
TGT-YAP1	YAP1	exact_approved_symbol	approved_symbol	HGNC:16262	YAP1	Yes1 associated transcriptional regulator	Approved	2023-01-20	[]	['YAP65', 'YAP-1']	ENSG00000137693	10413	P46937	8378439e920938a790805ab920f23344948877c2b60c365a87d3c3c4e4fbeb0d	C:\Users\Bogdan\Desktop\master-cancer-landscape\data\raw\hgnc\2026-09-26\hgnc_complete_set.txt	
TGT-PDGFRA	PDGFRA	exact_approved_symbol	approved_symbol	HGNC:8803	PDGFRA	platelet derived growth factor receptor alpha	Approved	2023-01-20	[]	['CD140a', 'PDGFR2', 'GAS9']	ENSG00000134853	5156	P16234	d17c97e79cbd788e85135e9ac909a8e72afb34cd1c878175396ec780a52abc91	C:\Users\Bogdan\Desktop\master-cancer-landscape\data\raw\hgnc\2026-09-26\hgnc_complete_set.txt	
TGT-CDK4	CDK4	exact_approved_symbol	approved_symbol	HGNC:1773	CDK4	cyclin dependent kinase 4	Approved	2023-01-20	[]	['PSK-J3']	ENSG00000135446	1019	P11802	98dc952b839dd14cbc416c7359d0056c000399e04c5ca6573138e7c9fcd0f9d5	C:\Users\Bogdan\Desktop\master-cancer-landscape\data\raw\hgnc\2026-09-26\hgnc_complete_set.txt	
TGT-MDM2	MDM2	exact_approved_symbol	approved_symbol	HGNC:6973	MDM2	MDM2 proto-oncogene	Approved	2023-03-15	[]	['HDM2', 'MGC5370']	ENSG00000135679	4193	Q00987	21efaf7baf3ec8adcdd3d28555663a72c9788ad0d098a2b3f07f60e3232df3ed	C:\Users\Bogdan\Desktop\master-cancer-landscape\data\raw\hgnc\2026-09-26\hgnc_complete_set.txt	
TGT-MTOR	MTOR	exact_approved_symbol	approved_symbol	HGNC:3942	MTOR	mechanistic target of rapamycin kinase	Approved	2026-02-11	['FRAP', 'FRAP2', 'FRAP1']	['mTOR', 'RAFT1', 'RAPT1', 'FLJ44809']	ENSG00000198793	2475	P42345	28b8ec3e4f887eeb2667d4344b5516bc8f1026278898787bd8225695f4232d66	C:\Users\Bogdan\Desktop\master-cancer-landscape\data\raw\hgnc\2026-09-26\hgnc_complete_set.txt	
TGT-WEE1	WEE1	exact_approved_symbol	approved_symbol	HGNC:12761	WEE1	WEE1 G2 checkpoint kinase	Approved	2023-01-20	[]	['WEE1A']	ENSG00000166483	7465	P30291	e5ff7690ab2ca6c415b5cfa9f75018fafbc2f19e44cef0c0e4a8111e35844dfe	C:\Users\Bogdan\Desktop\master-cancer-landscape\data\raw\hgnc\2026-09-26\hgnc_complete_set.txt	
TGT-FGFR3	FGFR3	exact_approved_symbol	approved_symbol	HGNC:3690	FGFR3	fibroblast growth factor receptor 3	Approved	2023-01-20	['ACH']	['CEK2', 'JTK4', 'CD333']	ENSG00000068078	2261	P22607	3a05127975f3fc6d228b03b4bd77d88ffc0d5efd19c0ad38e213e36e23aca99a	C:\Users\Bogdan\Desktop\master-cancer-landscape\data\raw\hgnc\2026-09-26\hgnc_complete_set.txt	
TGT-NRAS	NRAS	exact_approved_symbol	approved_symbol	HGNC:7989	NRAS	NRAS proto-oncogene, GTPase	Approved	2023-01-20	[]	['N-ras']	ENSG00000213281	4893	P01111	c497807b52f0623bb2332daba0c703fabfdbe6736b440bc46a4871bea4928f1b	C:\Users\Bogdan\Desktop\master-cancer-landscape\data\raw\hgnc\2026-09-26\hgnc_complete_set.txt	
TGT-AURKB	AURKB	exact_approved_symbol	approved_symbol	HGNC:11390	AURKB	aurora kinase B	Approved	2023-01-20	['STK12']	['Aik2', 'IPL1', 'AurB', 'AIM-1', 'ARK2', 'STK5', 'PPP1R48']	ENSG00000178999	9212	Q96GD4	a7d2fc92267c5efeed6e8bab1403fb46b08180f5809e60e6d638c93fef41e61a	C:\Users\Bogdan\Desktop\master-cancer-landscape\data\raw\hgnc\2026-09-26\hgnc_complete_set.txt	
TGT-AXL	AXL	exact_approved_symbol	approved_symbol	HGNC:905	AXL	AXL receptor tyrosine kinase	Approved	2023-01-20	[]	['UFO', 'JTK11', 'Tyro7', 'ARK']	ENSG00000167601	558	P30530	2b325b841ab584d85a63ce7e5478d5fa3a55408006036cba053c73e8d63aa4e0	C:\Users\Bogdan\Desktop\master-cancer-landscape\data\raw\hgnc\2026-09-26\hgnc_complete_set.txt	
TGT-BCL2	BCL2	exact_approved_symbol	approved_symbol	HGNC:990	BCL2	BCL2 apoptosis regulator	Approved	2023-07-25	[]	['Bcl-2', 'PPP1R50']	ENSG00000171791	596	P10415	8d72b3af3097bccc6f5bd7bd084bab148b1b8879121bb69dea2e34241b5b33e2	C:\Users\Bogdan\Desktop\master-cancer-landscape\data\raw\hgnc\2026-09-26\hgnc_complete_set.txt	
TGT-MCL1	MCL1	exact_approved_symbol	approved_symbol	HGNC:6943	MCL1	MCL1 apoptosis regulator, BCL2 family member	Approved	2023-01-20	[]	['BCL2L3', 'Mcl-1']	ENSG00000143384	4170	Q07820	1a73c38370702e5f4670c53dd399203a0870609909ac495993144fd9d094b18b	C:\Users\Bogdan\Desktop\master-cancer-landscape\data\raw\hgnc\2026-09-26\hgnc_complete_set.txt	
TGT-PIM1	PIM1	exact_approved_symbol	approved_symbol	HGNC:8986	PIM1	Pim-1 proto-oncogene, serine/threonine kinase	Approved	2023-01-20	['PIM']	[]	ENSG00000137193	5292	P11309	4e8dcbf60cd668c27faf351667383f5f3a132ea5676ec71e52d9b2ecaed53074	C:\Users\Bogdan\Desktop\master-cancer-landscape\data\raw\hgnc\2026-09-26\hgnc_complete_set.txt	
