Target_ID	input_symbol	existing_uniprot_id	existing_ensembl_gene_id	existing_ncbi_gene_id
TGT-KRAS	KRAS	P01116	ENSG00000133703	3845
TGT-EGFR	EGFR	P00533	ENSG00000146648	1956
TGT-BRAF	BRAF	P15056	ENSG00000157764	673
TGT-FLT3	FLT3	P36888	ENSG00000122025	2322
TGT-IDH1	IDH1	O75874	ENSG00000138413	3417
TGT-IDH2	IDH2	P48735	ENSG00000182054	3418
TGT-VHL	VHL	P40337	ENSG00000134086	7428
TGT-BRCA1	BRCA1	P38398	ENSG00000012048	672
TGT-RET	RET	P07949	ENSG00000165731	5979
TGT-PTPN11	PTPN11			
TGT-SOS1	SOS1			
TGT-GRB2	GRB2			
TGT-MET	MET			
TGT-MAP2K1	MAP2K1			
TGT-RAF1	RAF1			
TGT-ULK1	ULK1			
TGT-PIK3CA	PIK3CA			
TGT-CDK6	CDK6			
TGT-YAP1	YAP1			
TGT-PDGFRA	PDGFRA			
TGT-CDK4	CDK4			
TGT-MDM2	MDM2			
TGT-MTOR	MTOR			
TGT-WEE1	WEE1			
TGT-FGFR3	FGFR3			
TGT-NRAS	NRAS			
TGT-AURKB	AURKB			
TGT-AXL	AXL			
TGT-BCL2	BCL2			
TGT-MCL1	MCL1			
TGT-PIM1	PIM1			
