"gene_symbol"	"entrez_gene_id"	"context_gene_effect_n"	"comparator_gene_effect_n"	"context_median_gene_effect"	"comparator_median_gene_effect"	"delta_gene_effect"	"cliffs_delta"	"context_dependency_fraction"	"comparator_dependency_fraction"	"broad_dependency_fraction"	"p_value"	"q_value"
"KRAS"	"3845"	"9"	"28"	"-1.7228161254617356"	"-0.4802422233976728"	"-1.2425739020640627"	"-0.8968253968253969"	"1.0"	"0.5357142857142857"	"0.5761589403973509"	"6.820651659801079e-05"	"0.8089611661241279"
"UBIAD1"	"29914"	"9"	"28"	"-1.134907553104028"	"-0.5161091354688782"	"-0.6187984176351499"	"-0.46825396825396826"	"1.0"	"0.5357142857142857"	"0.39403973509933776"	"0.038370240483829275"	"0.8220033239134322"
"PSMG1"	"8624"	"9"	"28"	"-1.1104194731988504"	"-0.5030088580572644"	"-0.607410615141586"	"-0.40476190476190477"	"0.6666666666666666"	"0.6071428571428571"	"0.5678807947019867"	"0.07382754991114192"	"0.8524495134262609"
"DNM1L"	"10059"	"9"	"28"	"-0.9779565828715522"	"-0.48637947443602547"	"-0.4915771084355267"	"-0.48412698412698413"	"0.7777777777777778"	"0.5357142857142857"	"0.6299668874172185"	"0.03221950013471813"	"0.820636160391521"
"BRD2"	"6046"	"9"	"28"	"-0.7527758138256821"	"-0.2733139131418273"	"-0.47946190068385486"	"-0.48412698412698413"	"0.6666666666666666"	"0.25"	"0.429635761589404"	"0.03221950013471813"	"0.820636160391521"
"MIPEP"	"4285"	"9"	"28"	"-0.7360850971400075"	"-0.36458623035519117"	"-0.3714988667848163"	"-0.373015873015873"	"0.7777777777777778"	"0.35714285714285715"	"0.38576158940397354"	"0.09974684555390095"	"0.8538621650381372"
"FDXR"	"2232"	"9"	"28"	"-0.9007303573827492"	"-0.5335458485822151"	"-0.3671845088005341"	"-0.38095238095238093"	"0.7777777777777778"	"0.5357142857142857"	"0.6771523178807947"	"0.09266937393130027"	"0.8538621650381372"
"MRPS12"	"6183"	"9"	"28"	"-0.8735745430630354"	"-0.5137749654075591"	"-0.3597995776554763"	"-0.25396825396825395"	"0.7777777777777778"	"0.6071428571428571"	"0.6970198675496688"	"0.2648127507746577"	"0.9029012044381798"
"SNAP23"	"8773"	"9"	"28"	"-1.1429220142733827"	"-0.7895092205937191"	"-0.3534127936796636"	"-0.1349206349206349"	"0.5555555555555556"	"0.7142857142857143"	"0.6779801324503312"	"0.5591572943909588"	"0.9517085378001218"
"WWTR1"	"25937"	"9"	"28"	"-0.6699548764887373"	"-0.3170044463191328"	"-0.3529504301696045"	"-0.5"	"0.6666666666666666"	"0.32142857142857145"	"0.3832781456953642"	"0.02693379154403571"	"0.8089611661241279"
"CFLAR"	"8837"	"9"	"28"	"-1.1090067227429854"	"-0.7564076448796375"	"-0.3525990778633479"	"-0.4365079365079365"	"0.8888888888888888"	"0.7142857142857143"	"0.5604304635761589"	"0.05369622456697242"	"0.8381376814736942"
"UBA5"	"79876"	"9"	"28"	"-0.867479839993909"	"-0.5165923577636108"	"-0.3508874822302982"	"-0.48412698412698413"	"0.8888888888888888"	"0.5714285714285714"	"0.6423841059602649"	"0.03221950013471813"	"0.820636160391521"
"EAF1"	"85403"	"9"	"28"	"-0.6612955311007913"	"-0.3132993164471417"	"-0.3479962146536496"	"-0.29365079365079366"	"0.7777777777777778"	"0.32142857142857145"	"0.35596026490066224"	"0.1963273657820963"	"0.8744028802381443"
"CRKL"	"1399"	"9"	"28"	"-1.125664353158004"	"-0.8144444105439372"	"-0.3112199426140667"	"-0.23809523809523808"	"0.8888888888888888"	"0.9285714285714286"	"0.7458609271523179"	"0.29635184861709907"	"0.9040294313632534"
"TRAF2"	"7186"	"9"	"28"	"-0.5232976714686067"	"-0.2176409395909803"	"-0.30565673187762643"	"-0.24603174603174602"	"0.6666666666666666"	"0.21428571428571427"	"0.2723509933774834"	"0.28028100740583306"	"0.9029318619823917"
"MRPS6"	"64968"	"9"	"28"	"-0.6840278270834611"	"-0.37954658652670276"	"-0.30448124055675835"	"-0.21428571428571427"	"0.6666666666666666"	"0.5"	"0.6117549668874173"	"0.3481982472070193"	"0.9156097331968123"
"SYNCRIP"	"10492"	"9"	"28"	"-0.6399735048083726"	"-0.34650228475153233"	"-0.29347122005684023"	"-0.48412698412698413"	"0.6666666666666666"	"0.25"	"0.3038079470198676"	"0.03221950013471813"	"0.820636160391521"
"PIGL"	"9487"	"9"	"28"	"-0.5143426781676445"	"-0.22165056396475305"	"-0.29269211420289143"	"-0.4365079365079365"	"0.5555555555555556"	"0.17857142857142858"	"0.11258278145695365"	"0.05369622456697242"	"0.8381376814736942"
"COX18"	"285521"	"9"	"28"	"-0.5633662047834335"	"-0.27193768677917507"	"-0.2914285180042584"	"-0.19047619047619047"	"0.5555555555555556"	"0.14285714285714285"	"0.2458609271523179"	"0.40547048231766913"	"0.934390337802098"
"WDR48"	"57599"	"9"	"28"	"-0.6919169841274772"	"-0.4016794210760537"	"-0.29023756305142345"	"-0.20634920634920634"	"0.5555555555555556"	"0.42857142857142855"	"0.4271523178807947"	"0.3666903311705768"	"0.9239916144209686"
"FURIN"	"5045"	"9"	"28"	"-0.3792376470934268"	"-0.0953329640616891"	"-0.28390468303173766"	"-0.48412698412698413"	"0.1111111111111111"	"0.14285714285714285"	"0.173841059602649"	"0.03221950013471813"	"0.820636160391521"
"FIS1"	"51024"	"9"	"28"	"-0.5294596916716476"	"-0.2477491855738559"	"-0.28171050609779175"	"-0.29365079365079366"	"0.5555555555555556"	"0.25"	"0.26158940397350994"	"0.1963273657820963"	"0.8744028802381443"
"G6PD"	"2539"	"9"	"28"	"-0.2760329469761737"	"-0.0009279296909345999"	"-0.2751050172852391"	"-0.5079365079365079"	"0.3333333333333333"	"0.07142857142857142"	"0.1382450331125828"	"0.024584121337814183"	"0.8089611661241279"
"SERBP1"	"26135"	"9"	"28"	"-0.8360956402542736"	"-0.5619346291204556"	"-0.2741610111338181"	"-0.4126984126984127"	"0.7777777777777778"	"0.6785714285714286"	"0.7201986754966887"	"0.06829123921489645"	"0.8509591454915276"
"TMEM230"	"29058"	"9"	"28"	"-0.4932527050127795"	"-0.219681338685256"	"-0.27357136632752355"	"-0.6190476190476191"	"0.5555555555555556"	"0.17857142857142858"	"0.1986754966887417"	"0.006079355454515073"	"0.8089611661241279"
"RNASEH2C"	"84153"	"9"	"28"	"-0.4052643540506862"	"-0.1365720996773463"	"-0.26869225437333993"	"-0.5714285714285714"	"0.3333333333333333"	"0.14285714285714285"	"0.2913907284768212"	"0.011371432083487173"	"0.8089611661241279"
"C3orf38"	"285237"	"9"	"28"	"-0.545345486054029"	"-0.2771735424709829"	"-0.2681719435830461"	"-0.5873015873015873"	"0.6666666666666666"	"0.21428571428571427"	"0.3079470198675497"	"0.009271650518170957"	"0.8089611661241279"
"HNRNPA1"	"3178"	"9"	"28"	"-0.4916960623509095"	"-0.234559725379745"	"-0.2571363369711645"	"-0.1984126984126984"	"0.4444444444444444"	"0.32142857142857145"	"0.23178807947019867"	"0.385782806528039"	"0.9275236663789578"
"MRPL16"	"54948"	"9"	"28"	"-0.7170464182076544"	"-0.4632915852862901"	"-0.25375483292136425"	"-0.1984126984126984"	"0.6666666666666666"	"0.5714285714285714"	"0.6125827814569537"	"0.385782806528039"	"0.9275236663789578"
"ODR4"	"54953"	"9"	"28"	"-0.458627222100285"	"-0.2101487471611025"	"-0.24847847493918251"	"-0.49206349206349204"	"0.4444444444444444"	"0.21428571428571427"	"0.24006622516556292"	"0.02947486752236832"	"0.8156077925055345"
"MLST8"	"64223"	"9"	"28"	"-0.795697023981327"	"-0.5497208481223177"	"-0.24597617585900933"	"-0.30158730158730157"	"0.6666666666666666"	"0.6428571428571429"	"0.722682119205298"	"0.18434809692120824"	"0.8686882439205688"
"ZNF217"	"7764"	"9"	"28"	"-0.5676131233440336"	"-0.32201559004791325"	"-0.24559753329612033"	"-0.3253968253968254"	"0.7777777777777778"	"0.39285714285714285"	"0.4420529801324503"	"0.1516623291157837"	"0.8616002246097815"
"EFR3A"	"23167"	"9"	"28"	"-0.3954527005133404"	"-0.1511242924030551"	"-0.2443284081102853"	"-0.2222222222222222"	"0.3333333333333333"	"0.2857142857142857"	"0.38576158940397354"	"0.3303101023627043"	"0.9113387360310279"
"ING3"	"54556"	"9"	"28"	"-0.6066198667852111"	"-0.3630268304245448"	"-0.24359303636066626"	"-0.2777777777777778"	"0.7777777777777778"	"0.42857142857142855"	"0.527317880794702"	"0.2219774641011133"	"0.8841132627270241"
"CDS2"	"8760"	"9"	"28"	"-0.3686744706285384"	"-0.125109465942111"	"-0.24356500468642742"	"-0.38095238095238093"	"0.4444444444444444"	"0.17857142857142858"	"0.3038079470198676"	"0.09266937393130027"	"0.8538621650381372"
"BRCA2"	"675"	"9"	"28"	"-0.6725075478574464"	"-0.43101537139243945"	"-0.24149217646500692"	"-0.21428571428571427"	"0.6666666666666666"	"0.5"	"0.5811258278145696"	"0.3481982472070193"	"0.9156097331968123"
"SV2A"	"9900"	"9"	"28"	"-0.4805888944258857"	"-0.23938530245357215"	"-0.24120359197231356"	"-0.5873015873015873"	"0.5555555555555556"	"0.17857142857142858"	"0.06788079470198675"	"0.009271650518170957"	"0.8089611661241279"
"HSP90AB1"	"3326"	"9"	"28"	"-0.4440764803287829"	"-0.2056467163903425"	"-0.2384297639384404"	"-0.38095238095238093"	"0.4444444444444444"	"0.07142857142857142"	"0.12831125827814568"	"0.09266937393130027"	"0.8538621650381372"
"CNOT11"	"55571"	"9"	"28"	"-0.3296639403558522"	"-0.09131336543019436"	"-0.23835057492565787"	"-0.21428571428571427"	"0.0"	"0.17857142857142858"	"0.13658940397350994"	"0.3481982472070193"	"0.9156097331968123"
"MYH9"	"4627"	"9"	"28"	"-0.6935858741861118"	"-0.4553303519595633"	"-0.23825552222654856"	"-0.15079365079365079"	"0.7777777777777778"	"0.5357142857142857"	"0.5447019867549668"	"0.5125367111795068"	"0.9470626306842268"
"ENO1"	"2023"	"9"	"28"	"-0.7190312344768236"	"-0.48139846544392995"	"-0.23763276903289365"	"-0.3253968253968254"	"0.8888888888888888"	"0.6071428571428571"	"0.5769867549668874"	"0.1516623291157837"	"0.8616002246097815"
"TRA2B"	"6434"	"9"	"28"	"-0.7580111746740773"	"-0.5219528062257544"	"-0.23605836844832295"	"-0.2222222222222222"	"0.6666666666666666"	"0.5714285714285714"	"0.6357615894039735"	"0.3303101023627043"	"0.9113387360310279"
"ARL4A"	"10124"	"9"	"28"	"-0.3226611695012127"	"-0.08864775038355995"	"-0.23401341911765278"	"-0.2777777777777778"	"0.0"	"0.0"	"0.014072847682119206"	"0.2219774641011133"	"0.8841132627270241"
"DOLK"	"22845"	"9"	"28"	"-0.5852435595957646"	"-0.3525945526099788"	"-0.23264900698578578"	"-0.5238095238095238"	"0.7777777777777778"	"0.2857142857142857"	"0.4817880794701987"	"0.020412672348896023"	"0.8089611661241279"
"MGRN1"	"23295"	"9"	"28"	"-0.2247562188497563"	"0.007390802720559"	"-0.2321470215703153"	"-0.48412698412698413"	"0.0"	"0.0"	"0.018211920529801324"	"0.03221950013471813"	"0.820636160391521"
"AMD1"	"262"	"9"	"28"	"-0.5971052562758794"	"-0.3653720310671713"	"-0.2317332252087081"	"-0.23015873015873015"	"0.7777777777777778"	"0.32142857142857145"	"0.472682119205298"	"0.3130278406696515"	"0.905598936922801"
"TRPM7"	"54822"	"9"	"28"	"-1.095574940035743"	"-0.8660776797099281"	"-0.22949726032581497"	"-0.29365079365079366"	"0.8888888888888888"	"0.7857142857142857"	"0.6324503311258278"	"0.1963273657820963"	"0.8744028802381443"
"MRPL32"	"64983"	"9"	"28"	"-0.7019056327840578"	"-0.4724293277389999"	"-0.2294763050450579"	"-0.023809523809523808"	"0.5555555555555556"	"0.5714285714285714"	"0.6374172185430463"	"0.9294800467787651"	"0.994955926141128"
"ATP5ME"	"521"	"9"	"28"	"-0.8773907186052212"	"-0.6481105912873211"	"-0.22928012731790015"	"0.031746031746031744"	"0.5555555555555556"	"0.75"	"0.6200331125827815"	"0.9013955163571685"	"0.9926256220475582"
"DHX35"	"60625"	"9"	"28"	"-0.4284590517715133"	"-0.2013953160107517"	"-0.22706373576076158"	"-0.3253968253968254"	"0.3333333333333333"	"0.25"	"0.23096026490066227"	"0.1516623291157837"	"0.8616002246097815"
"NDUFAF8"	"284184"	"9"	"28"	"-0.8457147389864728"	"-0.6187234003517801"	"-0.22699133863469267"	"-0.36507936507936506"	"0.7777777777777778"	"0.7142857142857143"	"0.7019867549668874"	"0.10724893309546371"	"0.8538621650381372"
"UFSP2"	"55325"	"9"	"28"	"-0.2825427942270825"	"-0.05558003439857335"	"-0.22696275982850916"	"-0.47619047619047616"	"0.1111111111111111"	"0.03571428571428571"	"0.10927152317880795"	"0.03518028339248191"	"0.8220033239134322"
"AHCYL1"	"10768"	"9"	"28"	"-0.5003243499181457"	"-0.2745548638251941"	"-0.22576948609295155"	"-0.4365079365079365"	"0.5555555555555556"	"0.2857142857142857"	"0.37003311258278143"	"0.05369622456697242"	"0.8381376814736942"
"DOCK5"	"80005"	"9"	"28"	"-0.376426831044468"	"-0.15175203922463165"	"-0.22467479181983635"	"-0.3412698412698413"	"0.4444444444444444"	"0.03571428571428571"	"0.07036423841059603"	"0.13245686942015078"	"0.8555863914087932"
"FERMT2"	"10979"	"9"	"28"	"-0.7256828521320058"	"-0.5012569879567443"	"-0.22442586417526145"	"-0.23015873015873015"	"0.6666666666666666"	"0.5714285714285714"	"0.5248344370860927"	"0.3130278406696515"	"0.905598936922801"
"ITGB5"	"3693"	"9"	"28"	"-0.6861018959481396"	"-0.46272723065760113"	"-0.2233746652905385"	"-0.36507936507936506"	"0.6666666666666666"	"0.5"	"0.40066225165562913"	"0.10724893309546371"	"0.8538621650381372"
"DAXX"	"1616"	"9"	"28"	"-0.4705496039939286"	"-0.24723732021336936"	"-0.22331228378055923"	"-0.5952380952380952"	"0.5555555555555556"	"0.10714285714285714"	"0.3054635761589404"	"0.008357593220303905"	"0.8089611661241279"
"C19orf25"	"148223"	"9"	"28"	"-0.3397733161364181"	"-0.11666422134792245"	"-0.22310909478849564"	"-0.40476190476190477"	"0.2222222222222222"	"0.17857142857142858"	"0.25248344370860926"	"0.07382754991114192"	"0.8524495134262609"
"RAD51D"	"5892"	"9"	"28"	"-0.894088600487353"	"-0.6716554046753587"	"-0.22243319581199428"	"-0.31746031746031744"	"1.0"	"0.8571428571428571"	"0.7715231788079471"	"0.162027547676325"	"0.8616002246097815"
"FDX1"	"2230"	"9"	"28"	"-0.5202797029017266"	"-0.2983469892596703"	"-0.22193271364205636"	"-0.3492063492063492"	"0.5555555555555556"	"0.2857142857142857"	"0.23096026490066227"	"0.12358880030624274"	"0.8555863914087932"
"MON2"	"23041"	"9"	"28"	"-0.2909656100826159"	"-0.069044308363534"	"-0.22192130171908192"	"-0.12698412698412698"	"0.1111111111111111"	"0.14285714285714285"	"0.14735099337748345"	"0.5832154286425428"	"0.9578343882569551"
"SUGT1"	"10910"	"9"	"28"	"-0.786439189051336"	"-0.5679312480811904"	"-0.2185079409701456"	"-0.373015873015873"	"0.7777777777777778"	"0.7857142857142857"	"0.6754966887417219"	"0.09974684555390095"	"0.8538621650381372"
"EMC1"	"23065"	"9"	"28"	"-0.6387105549778057"	"-0.4204799456350562"	"-0.21823060934274952"	"-0.23015873015873015"	"0.6666666666666666"	"0.32142857142857145"	"0.5488410596026491"	"0.3130278406696515"	"0.905598936922801"
"CCNT1"	"904"	"9"	"28"	"-0.3469317993119992"	"-0.130532662179275"	"-0.21639913713272418"	"-0.6984126984126984"	"0.3333333333333333"	"0.07142857142857142"	"0.10678807947019868"	"0.0019518250563711915"	"0.8089611661241279"
"SLC35B2"	"347734"	"9"	"28"	"-0.4928673388559624"	"-0.276924121961953"	"-0.21594321689400942"	"-0.36507936507936506"	"0.5555555555555556"	"0.25"	"0.24834437086092714"	"0.10724893309546371"	"0.8538621650381372"
"MED24"	"9862"	"9"	"28"	"-0.4206670440392403"	"-0.20506746386425734"	"-0.21559958017498299"	"-0.23809523809523808"	"0.4444444444444444"	"0.21428571428571427"	"0.4519867549668874"	"0.29635184861709907"	"0.9040294313632534"
"SLC25A26"	"115286"	"9"	"28"	"-0.5904792015403713"	"-0.37552196048950337"	"-0.2149572410508679"	"-0.20634920634920634"	"0.5555555555555556"	"0.42857142857142855"	"0.46192052980132453"	"0.3666903311705768"	"0.9239916144209686"
"PTK2"	"5747"	"9"	"28"	"-0.7860457554607695"	"-0.5712751885387045"	"-0.21477056692206498"	"-0.2698412698412698"	"0.6666666666666666"	"0.6785714285714286"	"0.5554635761589404"	"0.2356668704118633"	"0.8928254074276613"
"TGIF1"	"7050"	"9"	"28"	"-0.409456381057814"	"-0.1947085067414327"	"-0.21474787431638132"	"-0.1349206349206349"	"0.2222222222222222"	"0.17857142857142858"	"0.09685430463576158"	"0.5591572943909588"	"0.9517085378001218"
"HEATR3"	"55027"	"9"	"28"	"-0.3337611267645009"	"-0.11973879982908034"	"-0.2140223269354206"	"-0.46825396825396826"	"0.3333333333333333"	"0.03571428571428571"	"0.28725165562913907"	"0.038370240483829275"	"0.8220033239134322"
"LUC7L2"	"51631"	"9"	"28"	"-0.4867595539292808"	"-0.2736756372539358"	"-0.213083916675345"	"-0.38095238095238093"	"0.5555555555555556"	"0.14285714285714285"	"0.2185430463576159"	"0.09266937393130027"	"0.8538621650381372"
"DPPA2"	"151871"	"9"	"28"	"-0.5613835560248641"	"-0.34936133998740593"	"-0.2120222160374582"	"-0.5238095238095238"	"0.6666666666666666"	"0.17857142857142858"	"0.28228476821192056"	"0.020412672348896023"	"0.8089611661241279"
"XRCC2"	"7516"	"9"	"28"	"-0.6081104546719343"	"-0.397213525131771"	"-0.21089692954016326"	"-0.2619047619047619"	"0.7777777777777778"	"0.42857142857142855"	"0.478476821192053"	"0.24994312784488804"	"0.898862861088385"
"RNASEH2A"	"10535"	"9"	"28"	"-0.4293157030491798"	"-0.2221431287628852"	"-0.20717257428629463"	"-0.4365079365079365"	"0.4444444444444444"	"0.17857142857142858"	"0.28311258278145696"	"0.05369622456697242"	"0.8381376814736942"
"HCFC1R1"	"54985"	"9"	"28"	"-0.4803172516606017"	"-0.2733884654913842"	"-0.2069287861692175"	"-0.4444444444444444"	"0.5555555555555556"	"0.07142857142857142"	"0.14652317880794702"	"0.04945143639160684"	"0.8381376814736942"
"CCDC137"	"339230"	"9"	"28"	"-0.6007517967980937"	"-0.3952441005505344"	"-0.20550769624755927"	"-0.4603174603174603"	"0.6666666666666666"	"0.5"	"0.4139072847682119"	"0.041802806468520644"	"0.8298205494925255"
"PKN2"	"5586"	"9"	"28"	"-0.5849610383915822"	"-0.3811456102369234"	"-0.2038154281546588"	"-0.36507936507936506"	"0.5555555555555556"	"0.42857142857142855"	"0.3038079470198676"	"0.10724893309546371"	"0.8538621650381372"
"TLN1"	"7094"	"9"	"28"	"-0.8053228133672148"	"-0.602182898095697"	"-0.20313991527151776"	"-0.5"	"1.0"	"0.75"	"0.5885761589403974"	"0.02693379154403571"	"0.8089611661241279"
"CLDND1"	"56650"	"9"	"28"	"-0.2159192232980122"	"-0.013245219069544501"	"-0.20267400422846768"	"-0.49206349206349204"	"0.0"	"0.0"	"0.005794701986754967"	"0.02947486752236832"	"0.8156077925055345"
"SEC62"	"7095"	"9"	"28"	"-0.499975675402812"	"-0.2973131457337076"	"-0.20266252966910442"	"-0.5714285714285714"	"0.5555555555555556"	"0.25"	"0.3609271523178808"	"0.011371432083487173"	"0.8089611661241279"
"KIF4A"	"24137"	"9"	"28"	"-0.7952841183060796"	"-0.5952242326907077"	"-0.2000598856153719"	"-0.3492063492063492"	"0.7777777777777778"	"0.75"	"0.6605960264900662"	"0.12358880030624274"	"0.8555863914087932"
"PSMG2"	"56984"	"9"	"28"	"-0.8213954286691225"	"-0.6226043395574543"	"-0.1987910891116682"	"-0.373015873015873"	"1.0"	"0.7142857142857143"	"0.7210264900662252"	"0.09974684555390095"	"0.8538621650381372"
"HDGF"	"3068"	"9"	"28"	"-0.2579606782242361"	"-0.05918608168826595"	"-0.19877459653597013"	"-0.4444444444444444"	"0.0"	"0.0"	"0.0024834437086092716"	"0.04945143639160684"	"0.8381376814736942"
"CMKLR1"	"1240"	"9"	"28"	"-0.1339763410540806"	"0.0640406969767542"	"-0.1980170380308348"	"-0.6746031746031746"	"0.0"	"0.0"	"0.012417218543046357"	"0.0027782193960436304"	"0.8089611661241279"
"SINHCAF"	"58516"	"9"	"28"	"-0.6718995909297177"	"-0.47405439083935896"	"-0.19784520009035877"	"-0.3968253968253968"	"0.6666666666666666"	"0.6071428571428571"	"0.6490066225165563"	"0.07972550054178061"	"0.8524495134262609"
"TARS2"	"80222"	"9"	"28"	"-0.9659492886142088"	"-0.7681148499457098"	"-0.19783443866849904"	"-0.18253968253968253"	"0.7777777777777778"	"0.8214285714285714"	"0.7541390728476821"	"0.42574649187591795"	"0.936349852303089"
"GZMH"	"2999"	"9"	"28"	"-0.4681268725159674"	"-0.270761392444326"	"-0.1973654800716414"	"-0.6587301587301587"	"0.4444444444444444"	"0.10714285714285714"	"0.11009933774834436"	"0.003495057047574516"	"0.8089611661241279"
"RHOA"	"387"	"9"	"28"	"-0.5649044383293287"	"-0.3676166378047452"	"-0.1972878005245835"	"-0.12698412698412698"	"0.5555555555555556"	"0.42857142857142855"	"0.45364238410596025"	"0.5832154286425428"	"0.9578343882569551"
"LTB4R"	"1241"	"9"	"28"	"-0.4912840374445001"	"-0.294665163956051"	"-0.1966188734884491"	"-0.5873015873015873"	"0.6666666666666666"	"0.17857142857142858"	"0.11341059602649006"	"0.009271650518170957"	"0.8089611661241279"
"KLHL10"	"317719"	"9"	"28"	"-0.2605392518206294"	"-0.06543583749984624"	"-0.19510341432078318"	"-0.49206349206349204"	"0.0"	"0.0"	"0.0041390728476821195"	"0.02947486752236832"	"0.8156077925055345"
"LCMT1"	"51451"	"9"	"28"	"-0.4454611044368943"	"-0.2511237543021084"	"-0.19433735013478587"	"-0.3333333333333333"	"0.2222222222222222"	"0.17857142857142858"	"0.3468543046357616"	"0.14180998654038507"	"0.8555863914087932"
"GET4"	"51608"	"9"	"28"	"-0.3349482660419849"	"-0.1416247068801362"	"-0.1933235591618487"	"-0.373015873015873"	"0.2222222222222222"	"0.17857142857142858"	"0.2889072847682119"	"0.09974684555390095"	"0.8538621650381372"
"VPS33A"	"65082"	"9"	"28"	"-0.8102813110283766"	"-0.6187102203813772"	"-0.1915710906469994"	"-0.3333333333333333"	"0.7777777777777778"	"0.6071428571428571"	"0.7243377483443708"	"0.14180998654038507"	"0.8555863914087932"
"VCL"	"7414"	"9"	"28"	"-0.463429931108087"	"-0.27300482619344224"	"-0.19042510491464476"	"-0.4126984126984127"	"0.3333333333333333"	"0.21428571428571427"	"0.2533112582781457"	"0.06829123921489645"	"0.8509591454915276"
"NCKAP1"	"10787"	"9"	"28"	"-0.5496313221610067"	"-0.3605029987283351"	"-0.18912832343267166"	"-0.2857142857142857"	"0.6666666666666666"	"0.32142857142857145"	"0.4900662251655629"	"0.20886722280088565"	"0.8783297776835555"
"CRK"	"1398"	"9"	"28"	"-0.3962323755895603"	"-0.20723219259027004"	"-0.18900018299929028"	"-0.19047619047619047"	"0.3333333333333333"	"0.07142857142857142"	"0.1390728476821192"	"0.40547048231766913"	"0.934390337802098"
"RNF8"	"9025"	"9"	"28"	"-0.7042892492632457"	"-0.515422398902971"	"-0.18886685036027462"	"-0.4126984126984127"	"0.8888888888888888"	"0.75"	"0.5372516556291391"	"0.06829123921489645"	"0.8509591454915276"
"NFKBIA"	"4792"	"9"	"28"	"-0.322956052264553"	"-0.13424852355781713"	"-0.18870752870673585"	"-0.2777777777777778"	"0.3333333333333333"	"0.07142857142857142"	"0.048013245033112585"	"0.2219774641011133"	"0.8841132627270241"
"THNSL2"	"55258"	"9"	"28"	"-0.2060470187978282"	"-0.0173890785453675"	"-0.1886579402524607"	"-0.626984126984127"	"0.1111111111111111"	"0.0"	"0.0016556291390728477"	"0.005454837142394926"	"0.8089611661241279"
"XPOT"	"11260"	"9"	"28"	"-0.6673836937442876"	"-0.4788459853265777"	"-0.18853770841770995"	"-0.2619047619047619"	"0.6666666666666666"	"0.6428571428571429"	"0.5827814569536424"	"0.24994312784488804"	"0.898862861088385"
