"gene_symbol"	"comparisons_n"	"comparisons"	"best_rank"	"mean_rank"	"mean_delta_gene_effect"
"WDR48"	"3"	"LUAD_G12C_vs_WT; LUAD_G12C_vs_other_KRAS; PDAC_G12D_vs_other_KRAS"	"9"	"14"	"-0,3112"
"UBIAD1"	"3"	"LUAD_G12C_vs_WT; LUAD_G12C_vs_other_KRAS; PDAC_G12D_vs_other_KRAS"	"2"	"20,67"	"-0,4587"
"HNRNPA1"	"3"	"LUAD_G12C_vs_WT; LUAD_G12C_vs_other_KRAS; PDAC_G12D_vs_other_KRAS"	"28"	"33,67"	"-0,2377"
"CRKL"	"3"	"LUAD_G12C_vs_WT; LUAD_G12C_vs_other_KRAS; PDAC_G12D_vs_other_KRAS"	"14"	"33,67"	"-0,2472"
"UBA5"	"3"	"LUAD_G12C_vs_WT; LUAD_G12C_vs_other_KRAS; PDAC_G12D_vs_other_KRAS"	"12"	"34,67"	"-0,2592"
"C3orf38"	"3"	"LUAD_G12C_vs_WT; LUAD_G12C_vs_other_KRAS; PDAC_G12D_vs_other_KRAS"	"23"	"35,67"	"-0,2438"
"FIS1"	"3"	"LUAD_G12C_vs_WT; LUAD_G12C_vs_other_KRAS; PDAC_G12D_vs_other_KRAS"	"22"	"43,67"	"-0,2286"
"KRAS"	"2"	"LUAD_G12C_vs_WT; PDAC_G12D_vs_other_KRAS"	"1"	"1"	"-0,8911"
"PSMG1"	"2"	"LUAD_G12C_vs_WT; LUAD_G12C_vs_other_KRAS"	"3"	"3"	"-0,5927"
"BRD2"	"2"	"LUAD_G12C_vs_WT; LUAD_G12C_vs_other_KRAS"	"5"	"5"	"-0,4736"
"SNAP23"	"2"	"LUAD_G12C_vs_WT; LUAD_G12C_vs_other_KRAS"	"1"	"5"	"-0,5855"
"FDXR"	"2"	"LUAD_G12C_vs_WT; LUAD_G12C_vs_other_KRAS"	"4"	"5,5"	"-0,4487"
"MIPEP"	"2"	"LUAD_G12C_vs_WT; LUAD_G12C_vs_other_KRAS"	"6"	"7"	"-0,4047"
"SNRPB2"	"2"	"LUAD_G12C_vs_other_KRAS; PDAC_G12D_vs_other_KRAS"	"10"	"10,5"	"-0,3286"
"SYNCRIP"	"2"	"LUAD_G12C_vs_WT; LUAD_G12C_vs_other_KRAS"	"9"	"13"	"-0,3383"
"EAF1"	"2"	"LUAD_G12C_vs_WT; LUAD_G12C_vs_other_KRAS"	"13"	"15"	"-0,3392"
"COX18"	"2"	"LUAD_G12C_vs_WT; LUAD_G12C_vs_other_KRAS"	"15"	"17"	"-0,3149"
"DNM1L"	"2"	"LUAD_G12C_vs_WT; LUAD_G12C_vs_other_KRAS"	"4"	"17,5"	"-0,3893"
"MRPS6"	"2"	"LUAD_G12C_vs_WT; LUAD_G12C_vs_other_KRAS"	"16"	"18"	"-0,3116"
"MRPS12"	"2"	"LUAD_G12C_vs_WT; LUAD_G12C_vs_other_KRAS"	"8"	"21"	"-0,3214"
"ZNF217"	"2"	"LUAD_G12C_vs_WT; LUAD_G12C_vs_other_KRAS"	"16"	"24"	"-0,2896"
"ATP5ME"	"2"	"LUAD_G12C_vs_WT; LUAD_G12C_vs_other_KRAS"	"6"	"27,5"	"-0,3402"
"DOCK5"	"2"	"LUAD_G12C_vs_WT; PDAC_G12D_vs_other_KRAS"	"2"	"28"	"-0,3261"
"MLST8"	"2"	"LUAD_G12C_vs_WT; LUAD_G12C_vs_other_KRAS"	"27"	"29"	"-0,2714"
"MON2"	"2"	"LUAD_G12C_vs_WT; LUAD_G12C_vs_other_KRAS"	"7"	"34"	"-0,3312"
"ENO1"	"2"	"LUAD_G12C_vs_WT; LUAD_G12C_vs_other_KRAS"	"35"	"38"	"-0,26"
"EFR3A"	"2"	"LUAD_G12C_vs_WT; LUAD_G12C_vs_other_KRAS"	"33"	"39"	"-0,2556"
"EMC7"	"2"	"LUAD_G12C_vs_other_KRAS; PDAC_G12D_vs_other_KRAS"	"14"	"41,5"	"-0,23"
"HEATR3"	"2"	"LUAD_G12C_vs_WT; PDAC_G12D_vs_other_KRAS"	"15"	"42,5"	"-0,2228"
"G6PD"	"2"	"LUAD_G12C_vs_WT; LUAD_G12C_vs_other_KRAS"	"23"	"42,5"	"-0,2581"
"PTK2"	"2"	"LUAD_G12C_vs_WT; PDAC_G12D_vs_other_KRAS"	"17"	"42,5"	"-0,2131"
"SLC25A26"	"2"	"LUAD_G12C_vs_WT; LUAD_G12C_vs_other_KRAS"	"19"	"43"	"-0,2682"
"KIF4A"	"2"	"LUAD_G12C_vs_WT; PDAC_G12D_vs_other_KRAS"	"8"	"44,5"	"-0,2456"
"SLC35B2"	"2"	"LUAD_G12C_vs_WT; LUAD_G12C_vs_other_KRAS"	"26"	"45,5"	"-0,2575"
"EMC1"	"2"	"LUAD_G12C_vs_WT; LUAD_G12C_vs_other_KRAS"	"28"	"45,5"	"-0,2549"
"ARL4A"	"2"	"LUAD_G12C_vs_WT; LUAD_G12C_vs_other_KRAS"	"43"	"46"	"-0,2461"
"ITGB5"	"2"	"LUAD_G12C_vs_WT; PDAC_G12D_vs_other_KRAS"	"38"	"47"	"-0,1967"
"DOLK"	"2"	"LUAD_G12C_vs_WT; LUAD_G12C_vs_other_KRAS"	"44"	"48"	"-0,2437"
"HSP90AB1"	"2"	"LUAD_G12C_vs_WT; LUAD_G12C_vs_other_KRAS"	"38"	"48"	"-0,2411"
"ODR4"	"2"	"LUAD_G12C_vs_WT; LUAD_G12C_vs_other_KRAS"	"30"	"49"	"-0,2372"
"C19orf25"	"2"	"LUAD_G12C_vs_WT; LUAD_G12C_vs_other_KRAS"	"43"	"50,5"	"-0,2471"
"ING3"	"2"	"LUAD_G12C_vs_WT; PDAC_G12D_vs_other_KRAS"	"34"	"54"	"-0,194"
"TGIF1"	"2"	"LUAD_G12C_vs_WT; LUAD_G12C_vs_other_KRAS"	"41"	"55"	"-0,2444"
"TRA2B"	"2"	"LUAD_G12C_vs_WT; PDAC_G12D_vs_other_KRAS"	"42"	"57"	"-0,1904"
"SERBP1"	"2"	"LUAD_G12C_vs_WT; LUAD_G12C_vs_other_KRAS"	"24"	"58"	"-0,2408"
"FURIN"	"2"	"LUAD_G12C_vs_WT; LUAD_G12C_vs_other_KRAS"	"21"	"59"	"-0,2439"
"TARS2"	"2"	"LUAD_G12C_vs_WT; LUAD_G12C_vs_other_KRAS"	"36"	"61"	"-0,2393"
"CYC1"	"2"	"LUAD_G12C_vs_other_KRAS; PDAC_G12D_vs_other_KRAS"	"54"	"64,5"	"-0,1894"
"LCMT1"	"2"	"LUAD_G12C_vs_WT; PDAC_G12D_vs_other_KRAS"	"39"	"65"	"-0,1819"
"RNASEH2A"	"2"	"LUAD_G12C_vs_WT; LUAD_G12C_vs_other_KRAS"	"65"	"69,5"	"-0,2203"
"WASHC2C"	"2"	"LUAD_G12C_vs_other_KRAS; PDAC_G12D_vs_other_KRAS"	"52"	"70,5"	"-0,1843"
"SEC62"	"2"	"LUAD_G12C_vs_WT; LUAD_G12C_vs_other_KRAS"	"80"	"84"	"-0,2064"
"LTB4R"	"2"	"LUAD_G12C_vs_WT; LUAD_G12C_vs_other_KRAS"	"89"	"91,5"	"-0,2014"
"VCL"	"2"	"LUAD_G12C_vs_WT; LUAD_G12C_vs_other_KRAS"	"93"	"93,5"	"-0,1989"
"ZFP36L1"	"1"	"PDAC_G12D_vs_other_KRAS"	"3"	"3"	"-0,3458"
"GRB2"	"1"	"PDAC_G12D_vs_other_KRAS"	"4"	"4"	"-0,342"
"CCND1"	"1"	"PDAC_G12D_vs_other_KRAS"	"5"	"5"	"-0,3361"
"YPEL5"	"1"	"PDAC_G12D_vs_other_KRAS"	"6"	"6"	"-0,3216"
"DDX3X"	"1"	"PDAC_G12D_vs_other_KRAS"	"7"	"7"	"-0,2941"
"RAB10"	"1"	"LUAD_G12C_vs_other_KRAS"	"10"	"10"	"-0,3715"
"WWTR1"	"1"	"LUAD_G12C_vs_WT"	"10"	"10"	"-0,353"
"CDK4"	"1"	"PDAC_G12D_vs_other_KRAS"	"11"	"11"	"-0,2556"
"CFLAR"	"1"	"LUAD_G12C_vs_WT"	"11"	"11"	"-0,3526"
"AP2S1"	"1"	"LUAD_G12C_vs_other_KRAS"	"12"	"12"	"-0,3535"
"EIF4B"	"1"	"PDAC_G12D_vs_other_KRAS"	"12"	"12"	"-0,2446"
"PDS5A"	"1"	"PDAC_G12D_vs_other_KRAS"	"13"	"13"	"-0,2383"
"GMNN"	"1"	"LUAD_G12C_vs_other_KRAS"	"14"	"14"	"-0,3429"
"TRAF2"	"1"	"LUAD_G12C_vs_WT"	"15"	"15"	"-0,3057"
"TSC22D2"	"1"	"PDAC_G12D_vs_other_KRAS"	"16"	"16"	"-0,2194"
"PIGL"	"1"	"LUAD_G12C_vs_WT"	"18"	"18"	"-0,2927"
"VCAN"	"1"	"PDAC_G12D_vs_other_KRAS"	"18"	"18"	"-0,2098"
"WDR1"	"1"	"LUAD_G12C_vs_other_KRAS"	"18"	"18"	"-0,3275"
"KRT4"	"1"	"PDAC_G12D_vs_other_KRAS"	"19"	"19"	"-0,2097"
"YWHAZ"	"1"	"PDAC_G12D_vs_other_KRAS"	"20"	"20"	"-0,205"
"THAP12"	"1"	"PDAC_G12D_vs_other_KRAS"	"21"	"21"	"-0,205"
"MTPAP"	"1"	"LUAD_G12C_vs_other_KRAS"	"21"	"21"	"-0,3129"
"TIPARP"	"1"	"PDAC_G12D_vs_other_KRAS"	"22"	"22"	"-0,2044"
"MCL1"	"1"	"LUAD_G12C_vs_other_KRAS"	"22"	"22"	"-0,3099"
"SPINK7"	"1"	"PDAC_G12D_vs_other_KRAS"	"23"	"23"	"-0,2029"
"MRPS24"	"1"	"LUAD_G12C_vs_other_KRAS"	"24"	"24"	"-0,3027"
"ITGAV"	"1"	"PDAC_G12D_vs_other_KRAS"	"24"	"24"	"-0,1952"
"NXT1"	"1"	"LUAD_G12C_vs_other_KRAS"	"25"	"25"	"-0,3011"
"GPI"	"1"	"PDAC_G12D_vs_other_KRAS"	"25"	"25"	"-0,1917"
"TMEM230"	"1"	"LUAD_G12C_vs_WT"	"25"	"25"	"-0,2736"
"ASH2L"	"1"	"PDAC_G12D_vs_other_KRAS"	"26"	"26"	"-0,1908"
"RNASEH2C"	"1"	"LUAD_G12C_vs_WT"	"26"	"26"	"-0,2687"
"ADRM1"	"1"	"PDAC_G12D_vs_other_KRAS"	"27"	"27"	"-0,1888"
"TFRC"	"1"	"LUAD_G12C_vs_other_KRAS"	"29"	"29"	"-0,2907"
"ASF1A"	"1"	"PDAC_G12D_vs_other_KRAS"	"29"	"29"	"-0,1863"
"MRPL16"	"1"	"LUAD_G12C_vs_WT"	"29"	"29"	"-0,2538"
"BRAT1"	"1"	"LUAD_G12C_vs_other_KRAS"	"30"	"30"	"-0,2893"
"MST1"	"1"	"PDAC_G12D_vs_other_KRAS"	"30"	"30"	"-0,1855"
"NDUFS1"	"1"	"LUAD_G12C_vs_other_KRAS"	"32"	"32"	"-0,2848"
"TMX2"	"1"	"PDAC_G12D_vs_other_KRAS"	"32"	"32"	"-0,1782"
"CHD1"	"1"	"LUAD_G12C_vs_other_KRAS"	"33"	"33"	"-0,2845"
"CSNK2A1"	"1"	"PDAC_G12D_vs_other_KRAS"	"33"	"33"	"-0,1769"
"CDS2"	"1"	"LUAD_G12C_vs_WT"	"35"	"35"	"-0,2436"
"ELMO2"	"1"	"PDAC_G12D_vs_other_KRAS"	"35"	"35"	"-0,1764"
"ELOF1"	"1"	"PDAC_G12D_vs_other_KRAS"	"36"	"36"	"-0,1734"
"BRCA2"	"1"	"LUAD_G12C_vs_WT"	"36"	"36"	"-0,2415"
"SV2A"	"1"	"LUAD_G12C_vs_WT"	"37"	"37"	"-0,2412"
"SET"	"1"	"PDAC_G12D_vs_other_KRAS"	"37"	"37"	"-0,1726"
"SOD2"	"1"	"LUAD_G12C_vs_other_KRAS"	"37"	"37"	"-0,2799"
"SAMM50"	"1"	"LUAD_G12C_vs_other_KRAS"	"38"	"38"	"-0,2797"
"CNOT11"	"1"	"LUAD_G12C_vs_WT"	"39"	"39"	"-0,2384"
"USP7"	"1"	"PDAC_G12D_vs_other_KRAS"	"40"	"40"	"-0,1685"
"PPP1R15B"	"1"	"LUAD_G12C_vs_other_KRAS"	"40"	"40"	"-0,2766"
"MYH9"	"1"	"LUAD_G12C_vs_WT"	"40"	"40"	"-0,2383"
"ALDOC"	"1"	"PDAC_G12D_vs_other_KRAS"	"41"	"41"	"-0,1684"
"WAC"	"1"	"PDAC_G12D_vs_other_KRAS"	"42"	"42"	"-0,168"
"SETD2"	"1"	"LUAD_G12C_vs_other_KRAS"	"42"	"42"	"-0,2724"
"TSC2"	"1"	"PDAC_G12D_vs_other_KRAS"	"43"	"43"	"-0,1672"
"GPIHBP1"	"1"	"PDAC_G12D_vs_other_KRAS"	"44"	"44"	"-0,1671"
"ANKRD49"	"1"	"LUAD_G12C_vs_other_KRAS"	"44"	"44"	"-0,2689"
"MGRN1"	"1"	"LUAD_G12C_vs_WT"	"45"	"45"	"-0,2321"
"MMP28"	"1"	"PDAC_G12D_vs_other_KRAS"	"45"	"45"	"-0,1638"
"WDR83"	"1"	"LUAD_G12C_vs_other_KRAS"	"46"	"46"	"-0,2664"
"DND1"	"1"	"PDAC_G12D_vs_other_KRAS"	"46"	"46"	"-0,1632"
"AMD1"	"1"	"LUAD_G12C_vs_WT"	"46"	"46"	"-0,2317"
"SLC35A2"	"1"	"PDAC_G12D_vs_other_KRAS"	"47"	"47"	"-0,1629"
"TRPM7"	"1"	"LUAD_G12C_vs_WT"	"47"	"47"	"-0,2295"
"SP3"	"1"	"LUAD_G12C_vs_other_KRAS"	"47"	"47"	"-0,2656"
"GYPB"	"1"	"PDAC_G12D_vs_other_KRAS"	"48"	"48"	"-0,1624"
"MRPL32"	"1"	"LUAD_G12C_vs_WT"	"48"	"48"	"-0,2295"
"MRPL53"	"1"	"LUAD_G12C_vs_other_KRAS"	"48"	"48"	"-0,2588"
"DHX35"	"1"	"LUAD_G12C_vs_WT"	"50"	"50"	"-0,2271"
"UQCRC2"	"1"	"LUAD_G12C_vs_other_KRAS"	"50"	"50"	"-0,2554"
"NFKBIE"	"1"	"PDAC_G12D_vs_other_KRAS"	"50"	"50"	"-0,1613"
"NDUFAF8"	"1"	"LUAD_G12C_vs_WT"	"51"	"51"	"-0,227"
"ATAD3B"	"1"	"LUAD_G12C_vs_other_KRAS"	"51"	"51"	"-0,2552"
"MICALL1"	"1"	"PDAC_G12D_vs_other_KRAS"	"51"	"51"	"-0,1611"
"UFSP2"	"1"	"LUAD_G12C_vs_WT"	"52"	"52"	"-0,227"
"AHCYL1"	"1"	"LUAD_G12C_vs_WT"	"53"	"53"	"-0,2258"
"PPP1CA"	"1"	"PDAC_G12D_vs_other_KRAS"	"53"	"53"	"-0,1587"
"MRPS2"	"1"	"LUAD_G12C_vs_other_KRAS"	"53"	"53"	"-0,2528"
"DOHH"	"1"	"LUAD_G12C_vs_other_KRAS"	"54"	"54"	"-0,251"
"KDM2A"	"1"	"LUAD_G12C_vs_other_KRAS"	"55"	"55"	"-0,249"
"PRKRA"	"1"	"PDAC_G12D_vs_other_KRAS"	"55"	"55"	"-0,1573"
"FERMT2"	"1"	"LUAD_G12C_vs_WT"	"55"	"55"	"-0,2244"
"USE1"	"1"	"LUAD_G12C_vs_other_KRAS"	"56"	"56"	"-0,2469"
"EAPP"	"1"	"PDAC_G12D_vs_other_KRAS"	"56"	"56"	"-0,1569"
"DAXX"	"1"	"LUAD_G12C_vs_WT"	"57"	"57"	"-0,2233"
"ZKSCAN7"	"1"	"LUAD_G12C_vs_other_KRAS"	"57"	"57"	"-0,2458"
"BHLHA15"	"1"	"PDAC_G12D_vs_other_KRAS"	"59"	"59"	"-0,1514"
"RAD51D"	"1"	"LUAD_G12C_vs_WT"	"59"	"59"	"-0,2224"
"DYNLL1"	"1"	"PDAC_G12D_vs_other_KRAS"	"60"	"60"	"-0,1503"
"FDX1"	"1"	"LUAD_G12C_vs_WT"	"60"	"60"	"-0,2219"
"GATA6"	"1"	"PDAC_G12D_vs_other_KRAS"	"61"	"61"	"-0,1502"
"SUGT1"	"1"	"LUAD_G12C_vs_WT"	"62"	"62"	"-0,2185"
"RHPN1"	"1"	"PDAC_G12D_vs_other_KRAS"	"62"	"62"	"-0,1501"
"SLMAP"	"1"	"LUAD_G12C_vs_other_KRAS"	"63"	"63"	"-0,2363"
"RBM10"	"1"	"PDAC_G12D_vs_other_KRAS"	"63"	"63"	"-0,1496"
"SLC33A1"	"1"	"LUAD_G12C_vs_other_KRAS"	"64"	"64"	"-0,2355"
"CCNT1"	"1"	"LUAD_G12C_vs_WT"	"64"	"64"	"-0,2164"
"CRIPTO"	"1"	"PDAC_G12D_vs_other_KRAS"	"64"	"64"	"-0,149"
"ITGB3"	"1"	"PDAC_G12D_vs_other_KRAS"	"65"	"65"	"-0,1484"
"APEX2"	"1"	"LUAD_G12C_vs_other_KRAS"	"66"	"66"	"-0,2323"
"MED24"	"1"	"LUAD_G12C_vs_WT"	"66"	"66"	"-0,2156"
"DSG2"	"1"	"PDAC_G12D_vs_other_KRAS"	"66"	"66"	"-0,1478"
"TELO2"	"1"	"LUAD_G12C_vs_other_KRAS"	"67"	"67"	"-0,2298"
"IFITM2"	"1"	"PDAC_G12D_vs_other_KRAS"	"67"	"67"	"-0,1474"
"GTF2F2"	"1"	"PDAC_G12D_vs_other_KRAS"	"68"	"68"	"-0,1471"
"TEAD4"	"1"	"PDAC_G12D_vs_other_KRAS"	"69"	"69"	"-0,1466"
"FOXO3B"	"1"	"PDAC_G12D_vs_other_KRAS"	"70"	"70"	"-0,1454"
"IWS1"	"1"	"LUAD_G12C_vs_other_KRAS"	"70"	"70"	"-0,224"
"LUC7L2"	"1"	"LUAD_G12C_vs_WT"	"71"	"71"	"-0,2131"
"STAMBP"	"1"	"PDAC_G12D_vs_other_KRAS"	"71"	"71"	"-0,1451"
"DERL2"	"1"	"LUAD_G12C_vs_other_KRAS"	"71"	"71"	"-0,2238"
"COP1"	"1"	"LUAD_G12C_vs_other_KRAS"	"72"	"72"	"-0,2218"
"DPPA2"	"1"	"LUAD_G12C_vs_WT"	"72"	"72"	"-0,212"
"CEP43"	"1"	"LUAD_G12C_vs_other_KRAS"	"73"	"73"	"-0,2212"
"XRCC2"	"1"	"LUAD_G12C_vs_WT"	"73"	"73"	"-0,2109"
"SLC38A2"	"1"	"PDAC_G12D_vs_other_KRAS"	"73"	"73"	"-0,1447"
"SLC9A8"	"1"	"LUAD_G12C_vs_other_KRAS"	"74"	"74"	"-0,221"
"HCFC1R1"	"1"	"LUAD_G12C_vs_WT"	"75"	"75"	"-0,2069"
"SPTSSA"	"1"	"PDAC_G12D_vs_other_KRAS"	"75"	"75"	"-0,1444"
"RAB5C"	"1"	"PDAC_G12D_vs_other_KRAS"	"76"	"76"	"-0,1441"
"ZNHIT6"	"1"	"LUAD_G12C_vs_other_KRAS"	"76"	"76"	"-0,2198"
"CCDC137"	"1"	"LUAD_G12C_vs_WT"	"76"	"76"	"-0,2055"
"TMSB10"	"1"	"PDAC_G12D_vs_other_KRAS"	"77"	"77"	"-0,1439"
"GCN1"	"1"	"LUAD_G12C_vs_other_KRAS"	"77"	"77"	"-0,2179"
"PKN2"	"1"	"LUAD_G12C_vs_WT"	"77"	"77"	"-0,2038"
"CDKL2"	"1"	"PDAC_G12D_vs_other_KRAS"	"78"	"78"	"-0,1438"
"MTFMT"	"1"	"LUAD_G12C_vs_other_KRAS"	"78"	"78"	"-0,2174"
"TLN1"	"1"	"LUAD_G12C_vs_WT"	"78"	"78"	"-0,2031"
"RPRD1B"	"1"	"PDAC_G12D_vs_other_KRAS"	"79"	"79"	"-0,1436"
"FANCE"	"1"	"LUAD_G12C_vs_other_KRAS"	"79"	"79"	"-0,2163"
"CLDND1"	"1"	"LUAD_G12C_vs_WT"	"79"	"79"	"-0,2027"
"ARF4"	"1"	"LUAD_G12C_vs_other_KRAS"	"80"	"80"	"-0,216"
"METAP2"	"1"	"PDAC_G12D_vs_other_KRAS"	"80"	"80"	"-0,1436"
"ZNF574"	"1"	"LUAD_G12C_vs_other_KRAS"	"81"	"81"	"-0,2146"
"HLA-C"	"1"	"PDAC_G12D_vs_other_KRAS"	"81"	"81"	"-0,1433"
"PSMG2"	"1"	"LUAD_G12C_vs_WT"	"82"	"82"	"-0,1988"
"SLC39A10"	"1"	"PDAC_G12D_vs_other_KRAS"	"82"	"82"	"-0,1432"
"STN1"	"1"	"LUAD_G12C_vs_other_KRAS"	"82"	"82"	"-0,2137"
"FOXRED1"	"1"	"LUAD_G12C_vs_other_KRAS"	"83"	"83"	"-0,2124"
"HDGF"	"1"	"LUAD_G12C_vs_WT"	"83"	"83"	"-0,1988"
"NUP35"	"1"	"PDAC_G12D_vs_other_KRAS"	"83"	"83"	"-0,1431"
"CMKLR1"	"1"	"LUAD_G12C_vs_WT"	"84"	"84"	"-0,198"
"CRTC3"	"1"	"PDAC_G12D_vs_other_KRAS"	"84"	"84"	"-0,143"
"EMC2"	"1"	"LUAD_G12C_vs_other_KRAS"	"84"	"84"	"-0,2118"
"SINHCAF"	"1"	"LUAD_G12C_vs_WT"	"85"	"85"	"-0,1978"
"RPIA"	"1"	"LUAD_G12C_vs_other_KRAS"	"85"	"85"	"-0,2113"
"BCAR1"	"1"	"PDAC_G12D_vs_other_KRAS"	"85"	"85"	"-0,1427"
"HS6ST1"	"1"	"PDAC_G12D_vs_other_KRAS"	"86"	"86"	"-0,1425"
"RAB7A"	"1"	"LUAD_G12C_vs_other_KRAS"	"86"	"86"	"-0,2113"
"NUFIP1"	"1"	"PDAC_G12D_vs_other_KRAS"	"87"	"87"	"-0,1416"
"GZMH"	"1"	"LUAD_G12C_vs_WT"	"87"	"87"	"-0,1974"
"MRPL20"	"1"	"LUAD_G12C_vs_other_KRAS"	"87"	"87"	"-0,2107"
"RHOA"	"1"	"LUAD_G12C_vs_WT"	"88"	"88"	"-0,1973"
"PITPNB"	"1"	"PDAC_G12D_vs_other_KRAS"	"88"	"88"	"-0,1415"
"PHIP"	"1"	"PDAC_G12D_vs_other_KRAS"	"89"	"89"	"-0,1408"
"CPOX"	"1"	"PDAC_G12D_vs_other_KRAS"	"90"	"90"	"-0,1407"
"KLHL10"	"1"	"LUAD_G12C_vs_WT"	"90"	"90"	"-0,1951"
"NSUN4"	"1"	"LUAD_G12C_vs_other_KRAS"	"90"	"90"	"-0,2092"
"SKA1"	"1"	"PDAC_G12D_vs_other_KRAS"	"91"	"91"	"-0,1406"
"RCOR1"	"1"	"LUAD_G12C_vs_other_KRAS"	"91"	"91"	"-0,2092"
"GET4"	"1"	"LUAD_G12C_vs_WT"	"92"	"92"	"-0,1933"
"NUP50"	"1"	"PDAC_G12D_vs_other_KRAS"	"92"	"92"	"-0,1401"
"VPS33A"	"1"	"LUAD_G12C_vs_WT"	"93"	"93"	"-0,1916"
"CCNB1"	"1"	"PDAC_G12D_vs_other_KRAS"	"93"	"93"	"-0,1386"
"ALG6"	"1"	"PDAC_G12D_vs_other_KRAS"	"94"	"94"	"-0,1386"
"USP18"	"1"	"PDAC_G12D_vs_other_KRAS"	"95"	"95"	"-0,1384"
"EXOC1"	"1"	"LUAD_G12C_vs_other_KRAS"	"95"	"95"	"-0,2044"
"NCKAP1"	"1"	"LUAD_G12C_vs_WT"	"95"	"95"	"-0,1891"
"ALG8"	"1"	"LUAD_G12C_vs_other_KRAS"	"96"	"96"	"-0,2041"
"FNBP4"	"1"	"PDAC_G12D_vs_other_KRAS"	"96"	"96"	"-0,1383"
"CRK"	"1"	"LUAD_G12C_vs_WT"	"96"	"96"	"-0,189"
"AMELY"	"1"	"PDAC_G12D_vs_other_KRAS"	"97"	"97"	"-0,138"
"RNF8"	"1"	"LUAD_G12C_vs_WT"	"97"	"97"	"-0,1889"
"DPH5"	"1"	"LUAD_G12C_vs_other_KRAS"	"98"	"98"	"-0,2034"
"NFKBIA"	"1"	"LUAD_G12C_vs_WT"	"98"	"98"	"-0,1887"
"CNOT1"	"1"	"PDAC_G12D_vs_other_KRAS"	"98"	"98"	"-0,1376"
"GIGYF1"	"1"	"PDAC_G12D_vs_other_KRAS"	"99"	"99"	"-0,137"
"CCDC51"	"1"	"LUAD_G12C_vs_other_KRAS"	"99"	"99"	"-0,2024"
"THNSL2"	"1"	"LUAD_G12C_vs_WT"	"99"	"99"	"-0,1887"
"FAM50A"	"1"	"PDAC_G12D_vs_other_KRAS"	"100"	"100"	"-0,1369"
"SCAP"	"1"	"LUAD_G12C_vs_other_KRAS"	"100"	"100"	"-0,2012"
"XPOT"	"1"	"LUAD_G12C_vs_WT"	"100"	"100"	"-0,1885"
