"comparison"	"rank"	"gene_symbol"	"entrez_gene_id"	"context_gene_effect_n"	"comparator_gene_effect_n"	"context_median_gene_effect"	"comparator_median_gene_effect"	"delta_gene_effect"	"cliffs_delta"	"context_dependency_fraction"	"comparator_dependency_fraction"	"broad_dependency_fraction"	"p_value"	"q_value"
"LUAD_G12C_vs_WT"	"1"	"KRAS"	"3845"	"9"	"28"	"-1.7228161254617356"	"-0.4802422233976728"	"-1.2425739020640627"	"-0.8968253968253969"	"1.0"	"0.5357142857142857"	"0.5761589403973509"	"6.820651659801079e-05"	"0.8089611661241279"
"LUAD_G12C_vs_WT"	"2"	"UBIAD1"	"29914"	"9"	"28"	"-1.134907553104028"	"-0.5161091354688782"	"-0.6187984176351499"	"-0.46825396825396826"	"1.0"	"0.5357142857142857"	"0.39403973509933776"	"0.038370240483829275"	"0.8220033239134322"
"LUAD_G12C_vs_WT"	"3"	"PSMG1"	"8624"	"9"	"28"	"-1.1104194731988504"	"-0.5030088580572644"	"-0.607410615141586"	"-0.40476190476190477"	"0.6666666666666666"	"0.6071428571428571"	"0.5678807947019867"	"0.07382754991114192"	"0.8524495134262609"
"LUAD_G12C_vs_WT"	"4"	"DNM1L"	"10059"	"9"	"28"	"-0.9779565828715522"	"-0.48637947443602547"	"-0.4915771084355267"	"-0.48412698412698413"	"0.7777777777777778"	"0.5357142857142857"	"0.6299668874172185"	"0.03221950013471813"	"0.820636160391521"
"LUAD_G12C_vs_WT"	"5"	"BRD2"	"6046"	"9"	"28"	"-0.7527758138256821"	"-0.2733139131418273"	"-0.47946190068385486"	"-0.48412698412698413"	"0.6666666666666666"	"0.25"	"0.429635761589404"	"0.03221950013471813"	"0.820636160391521"
"LUAD_G12C_vs_WT"	"6"	"MIPEP"	"4285"	"9"	"28"	"-0.7360850971400075"	"-0.36458623035519117"	"-0.3714988667848163"	"-0.373015873015873"	"0.7777777777777778"	"0.35714285714285715"	"0.38576158940397354"	"0.09974684555390095"	"0.8538621650381372"
"LUAD_G12C_vs_WT"	"7"	"FDXR"	"2232"	"9"	"28"	"-0.9007303573827492"	"-0.5335458485822151"	"-0.3671845088005341"	"-0.38095238095238093"	"0.7777777777777778"	"0.5357142857142857"	"0.6771523178807947"	"0.09266937393130027"	"0.8538621650381372"
"LUAD_G12C_vs_WT"	"8"	"MRPS12"	"6183"	"9"	"28"	"-0.8735745430630354"	"-0.5137749654075591"	"-0.3597995776554763"	"-0.25396825396825395"	"0.7777777777777778"	"0.6071428571428571"	"0.6970198675496688"	"0.2648127507746577"	"0.9029012044381798"
"LUAD_G12C_vs_WT"	"9"	"SNAP23"	"8773"	"9"	"28"	"-1.1429220142733827"	"-0.7895092205937191"	"-0.3534127936796636"	"-0.1349206349206349"	"0.5555555555555556"	"0.7142857142857143"	"0.6779801324503312"	"0.5591572943909588"	"0.9517085378001218"
"LUAD_G12C_vs_WT"	"10"	"WWTR1"	"25937"	"9"	"28"	"-0.6699548764887373"	"-0.3170044463191328"	"-0.3529504301696045"	"-0.5"	"0.6666666666666666"	"0.32142857142857145"	"0.3832781456953642"	"0.02693379154403571"	"0.8089611661241279"
"LUAD_G12C_vs_WT"	"11"	"CFLAR"	"8837"	"9"	"28"	"-1.1090067227429854"	"-0.7564076448796375"	"-0.3525990778633479"	"-0.4365079365079365"	"0.8888888888888888"	"0.7142857142857143"	"0.5604304635761589"	"0.05369622456697242"	"0.8381376814736942"
"LUAD_G12C_vs_WT"	"12"	"UBA5"	"79876"	"9"	"28"	"-0.867479839993909"	"-0.5165923577636108"	"-0.3508874822302982"	"-0.48412698412698413"	"0.8888888888888888"	"0.5714285714285714"	"0.6423841059602649"	"0.03221950013471813"	"0.820636160391521"
"LUAD_G12C_vs_WT"	"13"	"EAF1"	"85403"	"9"	"28"	"-0.6612955311007913"	"-0.3132993164471417"	"-0.3479962146536496"	"-0.29365079365079366"	"0.7777777777777778"	"0.32142857142857145"	"0.35596026490066224"	"0.1963273657820963"	"0.8744028802381443"
"LUAD_G12C_vs_WT"	"14"	"CRKL"	"1399"	"9"	"28"	"-1.125664353158004"	"-0.8144444105439372"	"-0.3112199426140667"	"-0.23809523809523808"	"0.8888888888888888"	"0.9285714285714286"	"0.7458609271523179"	"0.29635184861709907"	"0.9040294313632534"
"LUAD_G12C_vs_WT"	"15"	"TRAF2"	"7186"	"9"	"28"	"-0.5232976714686067"	"-0.2176409395909803"	"-0.30565673187762643"	"-0.24603174603174602"	"0.6666666666666666"	"0.21428571428571427"	"0.2723509933774834"	"0.28028100740583306"	"0.9029318619823917"
"LUAD_G12C_vs_WT"	"16"	"MRPS6"	"64968"	"9"	"28"	"-0.6840278270834611"	"-0.37954658652670276"	"-0.30448124055675835"	"-0.21428571428571427"	"0.6666666666666666"	"0.5"	"0.6117549668874173"	"0.3481982472070193"	"0.9156097331968123"
"LUAD_G12C_vs_WT"	"17"	"SYNCRIP"	"10492"	"9"	"28"	"-0.6399735048083726"	"-0.34650228475153233"	"-0.29347122005684023"	"-0.48412698412698413"	"0.6666666666666666"	"0.25"	"0.3038079470198676"	"0.03221950013471813"	"0.820636160391521"
"LUAD_G12C_vs_WT"	"18"	"PIGL"	"9487"	"9"	"28"	"-0.5143426781676445"	"-0.22165056396475305"	"-0.29269211420289143"	"-0.4365079365079365"	"0.5555555555555556"	"0.17857142857142858"	"0.11258278145695365"	"0.05369622456697242"	"0.8381376814736942"
"LUAD_G12C_vs_WT"	"19"	"COX18"	"285521"	"9"	"28"	"-0.5633662047834335"	"-0.27193768677917507"	"-0.2914285180042584"	"-0.19047619047619047"	"0.5555555555555556"	"0.14285714285714285"	"0.2458609271523179"	"0.40547048231766913"	"0.934390337802098"
"LUAD_G12C_vs_WT"	"20"	"WDR48"	"57599"	"9"	"28"	"-0.6919169841274772"	"-0.4016794210760537"	"-0.29023756305142345"	"-0.20634920634920634"	"0.5555555555555556"	"0.42857142857142855"	"0.4271523178807947"	"0.3666903311705768"	"0.9239916144209686"
"LUAD_G12C_vs_WT"	"21"	"FURIN"	"5045"	"9"	"28"	"-0.3792376470934268"	"-0.0953329640616891"	"-0.28390468303173766"	"-0.48412698412698413"	"0.1111111111111111"	"0.14285714285714285"	"0.173841059602649"	"0.03221950013471813"	"0.820636160391521"
"LUAD_G12C_vs_WT"	"22"	"FIS1"	"51024"	"9"	"28"	"-0.5294596916716476"	"-0.2477491855738559"	"-0.28171050609779175"	"-0.29365079365079366"	"0.5555555555555556"	"0.25"	"0.26158940397350994"	"0.1963273657820963"	"0.8744028802381443"
"LUAD_G12C_vs_WT"	"23"	"G6PD"	"2539"	"9"	"28"	"-0.2760329469761737"	"-0.0009279296909345999"	"-0.2751050172852391"	"-0.5079365079365079"	"0.3333333333333333"	"0.07142857142857142"	"0.1382450331125828"	"0.024584121337814183"	"0.8089611661241279"
"LUAD_G12C_vs_WT"	"24"	"SERBP1"	"26135"	"9"	"28"	"-0.8360956402542736"	"-0.5619346291204556"	"-0.2741610111338181"	"-0.4126984126984127"	"0.7777777777777778"	"0.6785714285714286"	"0.7201986754966887"	"0.06829123921489645"	"0.8509591454915276"
"LUAD_G12C_vs_WT"	"25"	"TMEM230"	"29058"	"9"	"28"	"-0.4932527050127795"	"-0.219681338685256"	"-0.27357136632752355"	"-0.6190476190476191"	"0.5555555555555556"	"0.17857142857142858"	"0.1986754966887417"	"0.006079355454515073"	"0.8089611661241279"
"LUAD_G12C_vs_WT"	"26"	"RNASEH2C"	"84153"	"9"	"28"	"-0.4052643540506862"	"-0.1365720996773463"	"-0.26869225437333993"	"-0.5714285714285714"	"0.3333333333333333"	"0.14285714285714285"	"0.2913907284768212"	"0.011371432083487173"	"0.8089611661241279"
"LUAD_G12C_vs_WT"	"27"	"C3orf38"	"285237"	"9"	"28"	"-0.545345486054029"	"-0.2771735424709829"	"-0.2681719435830461"	"-0.5873015873015873"	"0.6666666666666666"	"0.21428571428571427"	"0.3079470198675497"	"0.009271650518170957"	"0.8089611661241279"
"LUAD_G12C_vs_WT"	"28"	"HNRNPA1"	"3178"	"9"	"28"	"-0.4916960623509095"	"-0.234559725379745"	"-0.2571363369711645"	"-0.1984126984126984"	"0.4444444444444444"	"0.32142857142857145"	"0.23178807947019867"	"0.385782806528039"	"0.9275236663789578"
"LUAD_G12C_vs_WT"	"29"	"MRPL16"	"54948"	"9"	"28"	"-0.7170464182076544"	"-0.4632915852862901"	"-0.25375483292136425"	"-0.1984126984126984"	"0.6666666666666666"	"0.5714285714285714"	"0.6125827814569537"	"0.385782806528039"	"0.9275236663789578"
"LUAD_G12C_vs_WT"	"30"	"ODR4"	"54953"	"9"	"28"	"-0.458627222100285"	"-0.2101487471611025"	"-0.24847847493918251"	"-0.49206349206349204"	"0.4444444444444444"	"0.21428571428571427"	"0.24006622516556292"	"0.02947486752236832"	"0.8156077925055345"
"LUAD_G12C_vs_WT"	"31"	"MLST8"	"64223"	"9"	"28"	"-0.795697023981327"	"-0.5497208481223177"	"-0.24597617585900933"	"-0.30158730158730157"	"0.6666666666666666"	"0.6428571428571429"	"0.722682119205298"	"0.18434809692120824"	"0.8686882439205688"
"LUAD_G12C_vs_WT"	"32"	"ZNF217"	"7764"	"9"	"28"	"-0.5676131233440336"	"-0.32201559004791325"	"-0.24559753329612033"	"-0.3253968253968254"	"0.7777777777777778"	"0.39285714285714285"	"0.4420529801324503"	"0.1516623291157837"	"0.8616002246097815"
"LUAD_G12C_vs_WT"	"33"	"EFR3A"	"23167"	"9"	"28"	"-0.3954527005133404"	"-0.1511242924030551"	"-0.2443284081102853"	"-0.2222222222222222"	"0.3333333333333333"	"0.2857142857142857"	"0.38576158940397354"	"0.3303101023627043"	"0.9113387360310279"
"LUAD_G12C_vs_WT"	"34"	"ING3"	"54556"	"9"	"28"	"-0.6066198667852111"	"-0.3630268304245448"	"-0.24359303636066626"	"-0.2777777777777778"	"0.7777777777777778"	"0.42857142857142855"	"0.527317880794702"	"0.2219774641011133"	"0.8841132627270241"
"LUAD_G12C_vs_WT"	"35"	"CDS2"	"8760"	"9"	"28"	"-0.3686744706285384"	"-0.125109465942111"	"-0.24356500468642742"	"-0.38095238095238093"	"0.4444444444444444"	"0.17857142857142858"	"0.3038079470198676"	"0.09266937393130027"	"0.8538621650381372"
"LUAD_G12C_vs_WT"	"36"	"BRCA2"	"675"	"9"	"28"	"-0.6725075478574464"	"-0.43101537139243945"	"-0.24149217646500692"	"-0.21428571428571427"	"0.6666666666666666"	"0.5"	"0.5811258278145696"	"0.3481982472070193"	"0.9156097331968123"
"LUAD_G12C_vs_WT"	"37"	"SV2A"	"9900"	"9"	"28"	"-0.4805888944258857"	"-0.23938530245357215"	"-0.24120359197231356"	"-0.5873015873015873"	"0.5555555555555556"	"0.17857142857142858"	"0.06788079470198675"	"0.009271650518170957"	"0.8089611661241279"
"LUAD_G12C_vs_WT"	"38"	"HSP90AB1"	"3326"	"9"	"28"	"-0.4440764803287829"	"-0.2056467163903425"	"-0.2384297639384404"	"-0.38095238095238093"	"0.4444444444444444"	"0.07142857142857142"	"0.12831125827814568"	"0.09266937393130027"	"0.8538621650381372"
"LUAD_G12C_vs_WT"	"39"	"CNOT11"	"55571"	"9"	"28"	"-0.3296639403558522"	"-0.09131336543019436"	"-0.23835057492565787"	"-0.21428571428571427"	"0.0"	"0.17857142857142858"	"0.13658940397350994"	"0.3481982472070193"	"0.9156097331968123"
"LUAD_G12C_vs_WT"	"40"	"MYH9"	"4627"	"9"	"28"	"-0.6935858741861118"	"-0.4553303519595633"	"-0.23825552222654856"	"-0.15079365079365079"	"0.7777777777777778"	"0.5357142857142857"	"0.5447019867549668"	"0.5125367111795068"	"0.9470626306842268"
"LUAD_G12C_vs_WT"	"41"	"ENO1"	"2023"	"9"	"28"	"-0.7190312344768236"	"-0.48139846544392995"	"-0.23763276903289365"	"-0.3253968253968254"	"0.8888888888888888"	"0.6071428571428571"	"0.5769867549668874"	"0.1516623291157837"	"0.8616002246097815"
"LUAD_G12C_vs_WT"	"42"	"TRA2B"	"6434"	"9"	"28"	"-0.7580111746740773"	"-0.5219528062257544"	"-0.23605836844832295"	"-0.2222222222222222"	"0.6666666666666666"	"0.5714285714285714"	"0.6357615894039735"	"0.3303101023627043"	"0.9113387360310279"
"LUAD_G12C_vs_WT"	"43"	"ARL4A"	"10124"	"9"	"28"	"-0.3226611695012127"	"-0.08864775038355995"	"-0.23401341911765278"	"-0.2777777777777778"	"0.0"	"0.0"	"0.014072847682119206"	"0.2219774641011133"	"0.8841132627270241"
"LUAD_G12C_vs_WT"	"44"	"DOLK"	"22845"	"9"	"28"	"-0.5852435595957646"	"-0.3525945526099788"	"-0.23264900698578578"	"-0.5238095238095238"	"0.7777777777777778"	"0.2857142857142857"	"0.4817880794701987"	"0.020412672348896023"	"0.8089611661241279"
"LUAD_G12C_vs_WT"	"45"	"MGRN1"	"23295"	"9"	"28"	"-0.2247562188497563"	"0.007390802720559"	"-0.2321470215703153"	"-0.48412698412698413"	"0.0"	"0.0"	"0.018211920529801324"	"0.03221950013471813"	"0.820636160391521"
"LUAD_G12C_vs_WT"	"46"	"AMD1"	"262"	"9"	"28"	"-0.5971052562758794"	"-0.3653720310671713"	"-0.2317332252087081"	"-0.23015873015873015"	"0.7777777777777778"	"0.32142857142857145"	"0.472682119205298"	"0.3130278406696515"	"0.905598936922801"
"LUAD_G12C_vs_WT"	"47"	"TRPM7"	"54822"	"9"	"28"	"-1.095574940035743"	"-0.8660776797099281"	"-0.22949726032581497"	"-0.29365079365079366"	"0.8888888888888888"	"0.7857142857142857"	"0.6324503311258278"	"0.1963273657820963"	"0.8744028802381443"
"LUAD_G12C_vs_WT"	"48"	"MRPL32"	"64983"	"9"	"28"	"-0.7019056327840578"	"-0.4724293277389999"	"-0.2294763050450579"	"-0.023809523809523808"	"0.5555555555555556"	"0.5714285714285714"	"0.6374172185430463"	"0.9294800467787651"	"0.994955926141128"
"LUAD_G12C_vs_WT"	"49"	"ATP5ME"	"521"	"9"	"28"	"-0.8773907186052212"	"-0.6481105912873211"	"-0.22928012731790015"	"0.031746031746031744"	"0.5555555555555556"	"0.75"	"0.6200331125827815"	"0.9013955163571685"	"0.9926256220475582"
"LUAD_G12C_vs_WT"	"50"	"DHX35"	"60625"	"9"	"28"	"-0.4284590517715133"	"-0.2013953160107517"	"-0.22706373576076158"	"-0.3253968253968254"	"0.3333333333333333"	"0.25"	"0.23096026490066227"	"0.1516623291157837"	"0.8616002246097815"
"LUAD_G12C_vs_WT"	"51"	"NDUFAF8"	"284184"	"9"	"28"	"-0.8457147389864728"	"-0.6187234003517801"	"-0.22699133863469267"	"-0.36507936507936506"	"0.7777777777777778"	"0.7142857142857143"	"0.7019867549668874"	"0.10724893309546371"	"0.8538621650381372"
"LUAD_G12C_vs_WT"	"52"	"UFSP2"	"55325"	"9"	"28"	"-0.2825427942270825"	"-0.05558003439857335"	"-0.22696275982850916"	"-0.47619047619047616"	"0.1111111111111111"	"0.03571428571428571"	"0.10927152317880795"	"0.03518028339248191"	"0.8220033239134322"
"LUAD_G12C_vs_WT"	"53"	"AHCYL1"	"10768"	"9"	"28"	"-0.5003243499181457"	"-0.2745548638251941"	"-0.22576948609295155"	"-0.4365079365079365"	"0.5555555555555556"	"0.2857142857142857"	"0.37003311258278143"	"0.05369622456697242"	"0.8381376814736942"
"LUAD_G12C_vs_WT"	"54"	"DOCK5"	"80005"	"9"	"28"	"-0.376426831044468"	"-0.15175203922463165"	"-0.22467479181983635"	"-0.3412698412698413"	"0.4444444444444444"	"0.03571428571428571"	"0.07036423841059603"	"0.13245686942015078"	"0.8555863914087932"
"LUAD_G12C_vs_WT"	"55"	"FERMT2"	"10979"	"9"	"28"	"-0.7256828521320058"	"-0.5012569879567443"	"-0.22442586417526145"	"-0.23015873015873015"	"0.6666666666666666"	"0.5714285714285714"	"0.5248344370860927"	"0.3130278406696515"	"0.905598936922801"
"LUAD_G12C_vs_WT"	"56"	"ITGB5"	"3693"	"9"	"28"	"-0.6861018959481396"	"-0.46272723065760113"	"-0.2233746652905385"	"-0.36507936507936506"	"0.6666666666666666"	"0.5"	"0.40066225165562913"	"0.10724893309546371"	"0.8538621650381372"
"LUAD_G12C_vs_WT"	"57"	"DAXX"	"1616"	"9"	"28"	"-0.4705496039939286"	"-0.24723732021336936"	"-0.22331228378055923"	"-0.5952380952380952"	"0.5555555555555556"	"0.10714285714285714"	"0.3054635761589404"	"0.008357593220303905"	"0.8089611661241279"
"LUAD_G12C_vs_WT"	"58"	"C19orf25"	"148223"	"9"	"28"	"-0.3397733161364181"	"-0.11666422134792245"	"-0.22310909478849564"	"-0.40476190476190477"	"0.2222222222222222"	"0.17857142857142858"	"0.25248344370860926"	"0.07382754991114192"	"0.8524495134262609"
"LUAD_G12C_vs_WT"	"59"	"RAD51D"	"5892"	"9"	"28"	"-0.894088600487353"	"-0.6716554046753587"	"-0.22243319581199428"	"-0.31746031746031744"	"1.0"	"0.8571428571428571"	"0.7715231788079471"	"0.162027547676325"	"0.8616002246097815"
"LUAD_G12C_vs_WT"	"60"	"FDX1"	"2230"	"9"	"28"	"-0.5202797029017266"	"-0.2983469892596703"	"-0.22193271364205636"	"-0.3492063492063492"	"0.5555555555555556"	"0.2857142857142857"	"0.23096026490066227"	"0.12358880030624274"	"0.8555863914087932"
"LUAD_G12C_vs_WT"	"61"	"MON2"	"23041"	"9"	"28"	"-0.2909656100826159"	"-0.069044308363534"	"-0.22192130171908192"	"-0.12698412698412698"	"0.1111111111111111"	"0.14285714285714285"	"0.14735099337748345"	"0.5832154286425428"	"0.9578343882569551"
"LUAD_G12C_vs_WT"	"62"	"SUGT1"	"10910"	"9"	"28"	"-0.786439189051336"	"-0.5679312480811904"	"-0.2185079409701456"	"-0.373015873015873"	"0.7777777777777778"	"0.7857142857142857"	"0.6754966887417219"	"0.09974684555390095"	"0.8538621650381372"
"LUAD_G12C_vs_WT"	"63"	"EMC1"	"23065"	"9"	"28"	"-0.6387105549778057"	"-0.4204799456350562"	"-0.21823060934274952"	"-0.23015873015873015"	"0.6666666666666666"	"0.32142857142857145"	"0.5488410596026491"	"0.3130278406696515"	"0.905598936922801"
"LUAD_G12C_vs_WT"	"64"	"CCNT1"	"904"	"9"	"28"	"-0.3469317993119992"	"-0.130532662179275"	"-0.21639913713272418"	"-0.6984126984126984"	"0.3333333333333333"	"0.07142857142857142"	"0.10678807947019868"	"0.0019518250563711915"	"0.8089611661241279"
"LUAD_G12C_vs_WT"	"65"	"SLC35B2"	"347734"	"9"	"28"	"-0.4928673388559624"	"-0.276924121961953"	"-0.21594321689400942"	"-0.36507936507936506"	"0.5555555555555556"	"0.25"	"0.24834437086092714"	"0.10724893309546371"	"0.8538621650381372"
"LUAD_G12C_vs_WT"	"66"	"MED24"	"9862"	"9"	"28"	"-0.4206670440392403"	"-0.20506746386425734"	"-0.21559958017498299"	"-0.23809523809523808"	"0.4444444444444444"	"0.21428571428571427"	"0.4519867549668874"	"0.29635184861709907"	"0.9040294313632534"
"LUAD_G12C_vs_WT"	"67"	"SLC25A26"	"115286"	"9"	"28"	"-0.5904792015403713"	"-0.37552196048950337"	"-0.2149572410508679"	"-0.20634920634920634"	"0.5555555555555556"	"0.42857142857142855"	"0.46192052980132453"	"0.3666903311705768"	"0.9239916144209686"
"LUAD_G12C_vs_WT"	"68"	"PTK2"	"5747"	"9"	"28"	"-0.7860457554607695"	"-0.5712751885387045"	"-0.21477056692206498"	"-0.2698412698412698"	"0.6666666666666666"	"0.6785714285714286"	"0.5554635761589404"	"0.2356668704118633"	"0.8928254074276613"
"LUAD_G12C_vs_WT"	"69"	"TGIF1"	"7050"	"9"	"28"	"-0.409456381057814"	"-0.1947085067414327"	"-0.21474787431638132"	"-0.1349206349206349"	"0.2222222222222222"	"0.17857142857142858"	"0.09685430463576158"	"0.5591572943909588"	"0.9517085378001218"
"LUAD_G12C_vs_WT"	"70"	"HEATR3"	"55027"	"9"	"28"	"-0.3337611267645009"	"-0.11973879982908034"	"-0.2140223269354206"	"-0.46825396825396826"	"0.3333333333333333"	"0.03571428571428571"	"0.28725165562913907"	"0.038370240483829275"	"0.8220033239134322"
"LUAD_G12C_vs_WT"	"71"	"LUC7L2"	"51631"	"9"	"28"	"-0.4867595539292808"	"-0.2736756372539358"	"-0.213083916675345"	"-0.38095238095238093"	"0.5555555555555556"	"0.14285714285714285"	"0.2185430463576159"	"0.09266937393130027"	"0.8538621650381372"
"LUAD_G12C_vs_WT"	"72"	"DPPA2"	"151871"	"9"	"28"	"-0.5613835560248641"	"-0.34936133998740593"	"-0.2120222160374582"	"-0.5238095238095238"	"0.6666666666666666"	"0.17857142857142858"	"0.28228476821192056"	"0.020412672348896023"	"0.8089611661241279"
"LUAD_G12C_vs_WT"	"73"	"XRCC2"	"7516"	"9"	"28"	"-0.6081104546719343"	"-0.397213525131771"	"-0.21089692954016326"	"-0.2619047619047619"	"0.7777777777777778"	"0.42857142857142855"	"0.478476821192053"	"0.24994312784488804"	"0.898862861088385"
"LUAD_G12C_vs_WT"	"74"	"RNASEH2A"	"10535"	"9"	"28"	"-0.4293157030491798"	"-0.2221431287628852"	"-0.20717257428629463"	"-0.4365079365079365"	"0.4444444444444444"	"0.17857142857142858"	"0.28311258278145696"	"0.05369622456697242"	"0.8381376814736942"
"LUAD_G12C_vs_WT"	"75"	"HCFC1R1"	"54985"	"9"	"28"	"-0.4803172516606017"	"-0.2733884654913842"	"-0.2069287861692175"	"-0.4444444444444444"	"0.5555555555555556"	"0.07142857142857142"	"0.14652317880794702"	"0.04945143639160684"	"0.8381376814736942"
"LUAD_G12C_vs_WT"	"76"	"CCDC137"	"339230"	"9"	"28"	"-0.6007517967980937"	"-0.3952441005505344"	"-0.20550769624755927"	"-0.4603174603174603"	"0.6666666666666666"	"0.5"	"0.4139072847682119"	"0.041802806468520644"	"0.8298205494925255"
"LUAD_G12C_vs_WT"	"77"	"PKN2"	"5586"	"9"	"28"	"-0.5849610383915822"	"-0.3811456102369234"	"-0.2038154281546588"	"-0.36507936507936506"	"0.5555555555555556"	"0.42857142857142855"	"0.3038079470198676"	"0.10724893309546371"	"0.8538621650381372"
"LUAD_G12C_vs_WT"	"78"	"TLN1"	"7094"	"9"	"28"	"-0.8053228133672148"	"-0.602182898095697"	"-0.20313991527151776"	"-0.5"	"1.0"	"0.75"	"0.5885761589403974"	"0.02693379154403571"	"0.8089611661241279"
"LUAD_G12C_vs_WT"	"79"	"CLDND1"	"56650"	"9"	"28"	"-0.2159192232980122"	"-0.013245219069544501"	"-0.20267400422846768"	"-0.49206349206349204"	"0.0"	"0.0"	"0.005794701986754967"	"0.02947486752236832"	"0.8156077925055345"
"LUAD_G12C_vs_WT"	"80"	"SEC62"	"7095"	"9"	"28"	"-0.499975675402812"	"-0.2973131457337076"	"-0.20266252966910442"	"-0.5714285714285714"	"0.5555555555555556"	"0.25"	"0.3609271523178808"	"0.011371432083487173"	"0.8089611661241279"
"LUAD_G12C_vs_WT"	"81"	"KIF4A"	"24137"	"9"	"28"	"-0.7952841183060796"	"-0.5952242326907077"	"-0.2000598856153719"	"-0.3492063492063492"	"0.7777777777777778"	"0.75"	"0.6605960264900662"	"0.12358880030624274"	"0.8555863914087932"
"LUAD_G12C_vs_WT"	"82"	"PSMG2"	"56984"	"9"	"28"	"-0.8213954286691225"	"-0.6226043395574543"	"-0.1987910891116682"	"-0.373015873015873"	"1.0"	"0.7142857142857143"	"0.7210264900662252"	"0.09974684555390095"	"0.8538621650381372"
"LUAD_G12C_vs_WT"	"83"	"HDGF"	"3068"	"9"	"28"	"-0.2579606782242361"	"-0.05918608168826595"	"-0.19877459653597013"	"-0.4444444444444444"	"0.0"	"0.0"	"0.0024834437086092716"	"0.04945143639160684"	"0.8381376814736942"
"LUAD_G12C_vs_WT"	"84"	"CMKLR1"	"1240"	"9"	"28"	"-0.1339763410540806"	"0.0640406969767542"	"-0.1980170380308348"	"-0.6746031746031746"	"0.0"	"0.0"	"0.012417218543046357"	"0.0027782193960436304"	"0.8089611661241279"
"LUAD_G12C_vs_WT"	"85"	"SINHCAF"	"58516"	"9"	"28"	"-0.6718995909297177"	"-0.47405439083935896"	"-0.19784520009035877"	"-0.3968253968253968"	"0.6666666666666666"	"0.6071428571428571"	"0.6490066225165563"	"0.07972550054178061"	"0.8524495134262609"
"LUAD_G12C_vs_WT"	"86"	"TARS2"	"80222"	"9"	"28"	"-0.9659492886142088"	"-0.7681148499457098"	"-0.19783443866849904"	"-0.18253968253968253"	"0.7777777777777778"	"0.8214285714285714"	"0.7541390728476821"	"0.42574649187591795"	"0.936349852303089"
"LUAD_G12C_vs_WT"	"87"	"GZMH"	"2999"	"9"	"28"	"-0.4681268725159674"	"-0.270761392444326"	"-0.1973654800716414"	"-0.6587301587301587"	"0.4444444444444444"	"0.10714285714285714"	"0.11009933774834436"	"0.003495057047574516"	"0.8089611661241279"
"LUAD_G12C_vs_WT"	"88"	"RHOA"	"387"	"9"	"28"	"-0.5649044383293287"	"-0.3676166378047452"	"-0.1972878005245835"	"-0.12698412698412698"	"0.5555555555555556"	"0.42857142857142855"	"0.45364238410596025"	"0.5832154286425428"	"0.9578343882569551"
"LUAD_G12C_vs_WT"	"89"	"LTB4R"	"1241"	"9"	"28"	"-0.4912840374445001"	"-0.294665163956051"	"-0.1966188734884491"	"-0.5873015873015873"	"0.6666666666666666"	"0.17857142857142858"	"0.11341059602649006"	"0.009271650518170957"	"0.8089611661241279"
"LUAD_G12C_vs_WT"	"90"	"KLHL10"	"317719"	"9"	"28"	"-0.2605392518206294"	"-0.06543583749984624"	"-0.19510341432078318"	"-0.49206349206349204"	"0.0"	"0.0"	"0.0041390728476821195"	"0.02947486752236832"	"0.8156077925055345"
"LUAD_G12C_vs_WT"	"91"	"LCMT1"	"51451"	"9"	"28"	"-0.4454611044368943"	"-0.2511237543021084"	"-0.19433735013478587"	"-0.3333333333333333"	"0.2222222222222222"	"0.17857142857142858"	"0.3468543046357616"	"0.14180998654038507"	"0.8555863914087932"
"LUAD_G12C_vs_WT"	"92"	"GET4"	"51608"	"9"	"28"	"-0.3349482660419849"	"-0.1416247068801362"	"-0.1933235591618487"	"-0.373015873015873"	"0.2222222222222222"	"0.17857142857142858"	"0.2889072847682119"	"0.09974684555390095"	"0.8538621650381372"
"LUAD_G12C_vs_WT"	"93"	"VPS33A"	"65082"	"9"	"28"	"-0.8102813110283766"	"-0.6187102203813772"	"-0.1915710906469994"	"-0.3333333333333333"	"0.7777777777777778"	"0.6071428571428571"	"0.7243377483443708"	"0.14180998654038507"	"0.8555863914087932"
"LUAD_G12C_vs_WT"	"94"	"VCL"	"7414"	"9"	"28"	"-0.463429931108087"	"-0.27300482619344224"	"-0.19042510491464476"	"-0.4126984126984127"	"0.3333333333333333"	"0.21428571428571427"	"0.2533112582781457"	"0.06829123921489645"	"0.8509591454915276"
"LUAD_G12C_vs_WT"	"95"	"NCKAP1"	"10787"	"9"	"28"	"-0.5496313221610067"	"-0.3605029987283351"	"-0.18912832343267166"	"-0.2857142857142857"	"0.6666666666666666"	"0.32142857142857145"	"0.4900662251655629"	"0.20886722280088565"	"0.8783297776835555"
"LUAD_G12C_vs_WT"	"96"	"CRK"	"1398"	"9"	"28"	"-0.3962323755895603"	"-0.20723219259027004"	"-0.18900018299929028"	"-0.19047619047619047"	"0.3333333333333333"	"0.07142857142857142"	"0.1390728476821192"	"0.40547048231766913"	"0.934390337802098"
"LUAD_G12C_vs_WT"	"97"	"RNF8"	"9025"	"9"	"28"	"-0.7042892492632457"	"-0.515422398902971"	"-0.18886685036027462"	"-0.4126984126984127"	"0.8888888888888888"	"0.75"	"0.5372516556291391"	"0.06829123921489645"	"0.8509591454915276"
"LUAD_G12C_vs_WT"	"98"	"NFKBIA"	"4792"	"9"	"28"	"-0.322956052264553"	"-0.13424852355781713"	"-0.18870752870673585"	"-0.2777777777777778"	"0.3333333333333333"	"0.07142857142857142"	"0.048013245033112585"	"0.2219774641011133"	"0.8841132627270241"
"LUAD_G12C_vs_WT"	"99"	"THNSL2"	"55258"	"9"	"28"	"-0.2060470187978282"	"-0.0173890785453675"	"-0.1886579402524607"	"-0.626984126984127"	"0.1111111111111111"	"0.0"	"0.0016556291390728477"	"0.005454837142394926"	"0.8089611661241279"
"LUAD_G12C_vs_WT"	"100"	"XPOT"	"11260"	"9"	"28"	"-0.6673836937442876"	"-0.4788459853265777"	"-0.18853770841770995"	"-0.2619047619047619"	"0.6666666666666666"	"0.6428571428571429"	"0.5827814569536424"	"0.24994312784488804"	"0.898862861088385"
"LUAD_G12C_vs_other_KRAS"	"1"	"SNAP23"	"8773"	"9"	"16"	"-1.1429220142733827"	"-0.3253115649391563"	"-0.8176104493342264"	"-0.5"	"0.5555555555555556"	"0.375"	"0.6779801324503312"	"0.04445323585465808"	"1.0"
"LUAD_G12C_vs_other_KRAS"	"2"	"UBIAD1"	"29914"	"9"	"16"	"-1.134907553104028"	"-0.5323056375041766"	"-0.6026019155998514"	"-0.4027777777777778"	"1.0"	"0.5"	"0.39403973509933776"	"0.10663705780256338"	"1.0"
"LUAD_G12C_vs_other_KRAS"	"3"	"PSMG1"	"8624"	"9"	"16"	"-1.1104194731988504"	"-0.5324136636352956"	"-0.5780058095635547"	"-0.4166666666666667"	"0.6666666666666666"	"0.625"	"0.5678807947019867"	"0.09489787392476422"	"1.0"
"LUAD_G12C_vs_other_KRAS"	"4"	"FDXR"	"2232"	"9"	"16"	"-0.9007303573827492"	"-0.3705664863204134"	"-0.5301638710623358"	"-0.5833333333333334"	"0.7777777777777778"	"0.375"	"0.6771523178807947"	"0.0187999143247778"	"1.0"
"LUAD_G12C_vs_other_KRAS"	"5"	"BRD2"	"6046"	"9"	"16"	"-0.7527758138256821"	"-0.28511668288762815"	"-0.467659130938054"	"-0.4444444444444444"	"0.6666666666666666"	"0.25"	"0.429635761589404"	"0.07453157105461942"	"1.0"
"LUAD_G12C_vs_other_KRAS"	"6"	"ATP5ME"	"521"	"9"	"16"	"-0.8773907186052212"	"-0.4263203456738861"	"-0.4510703729313351"	"-0.08333333333333333"	"0.5555555555555556"	"0.5"	"0.6200331125827815"	"0.7555146567388422"	"1.0"
"LUAD_G12C_vs_other_KRAS"	"7"	"MON2"	"23041"	"9"	"16"	"-0.2909656100826159"	"0.14945967207977207"	"-0.44042528216238797"	"-0.5"	"0.1111111111111111"	"0.0625"	"0.14735099337748345"	"0.04445323585465808"	"1.0"
"LUAD_G12C_vs_other_KRAS"	"8"	"MIPEP"	"4285"	"9"	"16"	"-0.7360850971400075"	"-0.29817096877463606"	"-0.4379141283653714"	"-0.6388888888888888"	"0.7777777777777778"	"0.0625"	"0.38576158940397354"	"0.009997080982575382"	"1.0"
"LUAD_G12C_vs_other_KRAS"	"9"	"SYNCRIP"	"10492"	"9"	"16"	"-0.6399735048083726"	"-0.2568000941239932"	"-0.3831734106843794"	"-0.5555555555555556"	"0.6666666666666666"	"0.125"	"0.3038079470198676"	"0.025335586736179114"	"1.0"
"LUAD_G12C_vs_other_KRAS"	"10"	"RAB10"	"10890"	"9"	"16"	"-0.7590159276603008"	"-0.3874843870405351"	"-0.3715315406197657"	"-0.4166666666666667"	"0.6666666666666666"	"0.3125"	"0.4470198675496689"	"0.09489787392476422"	"1.0"
"LUAD_G12C_vs_other_KRAS"	"11"	"SNRPB2"	"6629"	"9"	"16"	"-0.8719735944851884"	"-0.5027492667190359"	"-0.36922432776615255"	"-0.2777777777777778"	"0.7777777777777778"	"0.4375"	"0.6821192052980133"	"0.269606104568209"	"1.0"
"LUAD_G12C_vs_other_KRAS"	"12"	"AP2S1"	"1175"	"9"	"16"	"-0.825128432807423"	"-0.47166058779446424"	"-0.35346784501295875"	"-0.013888888888888888"	"0.6666666666666666"	"0.4375"	"0.7649006622516556"	"0.9774173567823232"	"1.0"
"LUAD_G12C_vs_other_KRAS"	"13"	"WDR48"	"57599"	"9"	"16"	"-0.6919169841274772"	"-0.3387627545069491"	"-0.35315422962052806"	"-0.4027777777777778"	"0.5555555555555556"	"0.375"	"0.4271523178807947"	"0.10663705780256338"	"1.0"
"LUAD_G12C_vs_other_KRAS"	"14"	"GMNN"	"51053"	"9"	"16"	"-0.8312037858617911"	"-0.48832902518182963"	"-0.3428747606799615"	"-0.4166666666666667"	"0.7777777777777778"	"0.375"	"0.44288079470198677"	"0.09489787392476422"	"1.0"
"LUAD_G12C_vs_other_KRAS"	"15"	"COX18"	"285521"	"9"	"16"	"-0.5633662047834335"	"-0.22501978138058804"	"-0.33834642340284543"	"-0.20833333333333334"	"0.5555555555555556"	"0.125"	"0.2458609271523179"	"0.4117027470058471"	"1.0"
"LUAD_G12C_vs_other_KRAS"	"16"	"ZNF217"	"7764"	"9"	"16"	"-0.5676131233440336"	"-0.23403280059635495"	"-0.3335803227476786"	"-0.5277777777777778"	"0.7777777777777778"	"0.25"	"0.4420529801324503"	"0.03375222295595573"	"1.0"
"LUAD_G12C_vs_other_KRAS"	"17"	"EAF1"	"85403"	"9"	"16"	"-0.6612955311007913"	"-0.3308302437624966"	"-0.3304652873382947"	"-0.2638888888888889"	"0.7777777777777778"	"0.375"	"0.35596026490066224"	"0.2949352987570909"	"1.0"
"LUAD_G12C_vs_other_KRAS"	"18"	"WDR1"	"9948"	"9"	"16"	"-0.8492270888287005"	"-0.5216778157668345"	"-0.327549273061866"	"-0.4583333333333333"	"0.8888888888888888"	"0.5"	"0.7144039735099338"	"0.06577555183717868"	"1.0"
"LUAD_G12C_vs_other_KRAS"	"19"	"SLC25A26"	"115286"	"9"	"16"	"-0.5904792015403713"	"-0.2691254211701542"	"-0.32135378037021706"	"-0.3333333333333333"	"0.5555555555555556"	"0.375"	"0.46192052980132453"	"0.18337811248945035"	"1.0"
"LUAD_G12C_vs_other_KRAS"	"20"	"MRPS6"	"64968"	"9"	"16"	"-0.6840278270834611"	"-0.36535281050108503"	"-0.31867501658237607"	"-0.4027777777777778"	"0.6666666666666666"	"0.4375"	"0.6117549668874173"	"0.10663705780256338"	"1.0"
"LUAD_G12C_vs_other_KRAS"	"21"	"MTPAP"	"55149"	"9"	"16"	"-0.8839778209729366"	"-0.5710362929108748"	"-0.3129415280620619"	"-0.4027777777777778"	"0.7777777777777778"	"0.6875"	"0.7591059602649006"	"0.10663705780256338"	"1.0"
"LUAD_G12C_vs_other_KRAS"	"22"	"MCL1"	"4170"	"9"	"16"	"-0.791150582561199"	"-0.48123854889150086"	"-0.3099120336696981"	"-0.4305555555555556"	"0.7777777777777778"	"0.5"	"0.6837748344370861"	"0.08421751691148897"	"1.0"
"LUAD_G12C_vs_other_KRAS"	"23"	"C3orf38"	"285237"	"9"	"16"	"-0.545345486054029"	"-0.23778531102476444"	"-0.3075601750292646"	"-0.6527777777777778"	"0.6666666666666666"	"0.25"	"0.3079470198675497"	"0.008474801892153836"	"1.0"
"LUAD_G12C_vs_other_KRAS"	"24"	"MRPS24"	"64951"	"9"	"16"	"-0.5456736962423304"	"-0.24296469436589602"	"-0.3027090018764344"	"-0.3055555555555556"	"0.5555555555555556"	"0.1875"	"0.4991721854304636"	"0.22352896258794108"	"1.0"
"LUAD_G12C_vs_other_KRAS"	"25"	"NXT1"	"29107"	"9"	"16"	"-0.5668850628876889"	"-0.2657526388489143"	"-0.3011324240387746"	"-0.4722222222222222"	"0.5555555555555556"	"0.25"	"0.4602649006622517"	"0.05788550144201815"	"1.0"
"LUAD_G12C_vs_other_KRAS"	"26"	"SLC35B2"	"347734"	"9"	"16"	"-0.4928673388559624"	"-0.1938631950466281"	"-0.29900414380933427"	"-0.4166666666666667"	"0.5555555555555556"	"0.0"	"0.24834437086092714"	"0.09489787392476422"	"1.0"
"LUAD_G12C_vs_other_KRAS"	"27"	"MLST8"	"64223"	"9"	"16"	"-0.795697023981327"	"-0.4989648093185587"	"-0.29673221466276833"	"-0.4305555555555556"	"0.6666666666666666"	"0.5"	"0.722682119205298"	"0.08421751691148897"	"1.0"
"LUAD_G12C_vs_other_KRAS"	"28"	"EMC1"	"23065"	"9"	"16"	"-0.6387105549778057"	"-0.3472092343627421"	"-0.2915013206150636"	"-0.375"	"0.6666666666666666"	"0.25"	"0.5488410596026491"	"0.13354523580261685"	"1.0"
"LUAD_G12C_vs_other_KRAS"	"29"	"TFRC"	"7037"	"9"	"16"	"-0.8111389656323347"	"-0.5204517117577254"	"-0.29068725387460925"	"-0.2916666666666667"	"0.8888888888888888"	"0.5625"	"0.7367549668874173"	"0.2458111315298186"	"1.0"
"LUAD_G12C_vs_other_KRAS"	"30"	"BRAT1"	"221927"	"9"	"16"	"-0.5073270593987871"	"-0.21804798304684264"	"-0.28927907635194444"	"-0.25"	"0.5555555555555556"	"0.3125"	"0.46605960264900664"	"0.3218113791981505"	"1.0"
"LUAD_G12C_vs_other_KRAS"	"31"	"DNM1L"	"10059"	"9"	"16"	"-0.9779565828715522"	"-0.6908426266229764"	"-0.28711395624857583"	"-0.3472222222222222"	"0.7777777777777778"	"0.6875"	"0.6299668874172185"	"0.1654297590683368"	"1.0"
"LUAD_G12C_vs_other_KRAS"	"32"	"NDUFS1"	"4719"	"9"	"16"	"-0.5647220755899427"	"-0.2798943262663064"	"-0.2848277493236363"	"-0.2638888888888889"	"0.5555555555555556"	"0.375"	"0.40894039735099336"	"0.2949352987570909"	"1.0"
"LUAD_G12C_vs_other_KRAS"	"33"	"CHD1"	"1105"	"9"	"16"	"-0.3788017295522355"	"-0.0943000179094501"	"-0.2845017116427854"	"-0.6666666666666666"	"0.2222222222222222"	"0.0625"	"0.11175496688741722"	"0.0071632515034737426"	"1.0"
"LUAD_G12C_vs_other_KRAS"	"34"	"MRPS12"	"6183"	"9"	"16"	"-0.8735745430630354"	"-0.5906463800123118"	"-0.28292816305072355"	"-0.3333333333333333"	"0.7777777777777778"	"0.625"	"0.6970198675496688"	"0.18337811248945035"	"1.0"
"LUAD_G12C_vs_other_KRAS"	"35"	"ENO1"	"2023"	"9"	"16"	"-0.7190312344768236"	"-0.436708669237279"	"-0.2823225652395446"	"-0.2916666666666667"	"0.8888888888888888"	"0.4375"	"0.5769867549668874"	"0.2458111315298186"	"1.0"
"LUAD_G12C_vs_other_KRAS"	"36"	"TARS2"	"80222"	"9"	"16"	"-0.9659492886142088"	"-0.6851627160553904"	"-0.28078657255881845"	"-0.20833333333333334"	"0.7777777777777778"	"0.75"	"0.7541390728476821"	"0.4117027470058471"	"1.0"
"LUAD_G12C_vs_other_KRAS"	"37"	"SOD2"	"6648"	"9"	"16"	"-0.6790721128913508"	"-0.399187683133103"	"-0.27988442975824784"	"-0.2361111111111111"	"0.7777777777777778"	"0.4375"	"0.7822847682119205"	"0.35023758481899414"	"1.0"
"LUAD_G12C_vs_other_KRAS"	"38"	"SAMM50"	"25813"	"9"	"16"	"-0.6778333974380827"	"-0.3981022127435401"	"-0.2797311846945426"	"-0.6666666666666666"	"0.8888888888888888"	"0.3125"	"0.6332781456953642"	"0.0071632515034737426"	"1.0"
"LUAD_G12C_vs_other_KRAS"	"39"	"HNRNPA1"	"3178"	"9"	"16"	"-0.4916960623509095"	"-0.21221848350888284"	"-0.2794775788420267"	"-0.2361111111111111"	"0.4444444444444444"	"0.1875"	"0.23178807947019867"	"0.35023758481899414"	"1.0"
"LUAD_G12C_vs_other_KRAS"	"40"	"PPP1R15B"	"84919"	"9"	"16"	"-0.9606505969658754"	"-0.6840510841134153"	"-0.2765995128524601"	"-0.3194444444444444"	"1.0"	"0.8125"	"0.7889072847682119"	"0.20273017064652255"	"1.0"
"LUAD_G12C_vs_other_KRAS"	"41"	"TGIF1"	"7050"	"9"	"16"	"-0.409456381057814"	"-0.13540933443546493"	"-0.2740470466223491"	"-0.20833333333333334"	"0.2222222222222222"	"0.25"	"0.09685430463576158"	"0.4117027470058471"	"1.0"
"LUAD_G12C_vs_other_KRAS"	"42"	"SETD2"	"29072"	"9"	"16"	"-0.5657609197402163"	"-0.2933606973252073"	"-0.27240022241500894"	"-0.4166666666666667"	"0.5555555555555556"	"0.3125"	"0.4031456953642384"	"0.09489787392476422"	"1.0"
"LUAD_G12C_vs_other_KRAS"	"43"	"C19orf25"	"148223"	"9"	"16"	"-0.3397733161364181"	"-0.0687709059962737"	"-0.27100241014014437"	"-0.5555555555555556"	"0.2222222222222222"	"0.125"	"0.25248344370860926"	"0.025335586736179114"	"1.0"
"LUAD_G12C_vs_other_KRAS"	"44"	"ANKRD49"	"54851"	"9"	"16"	"-0.4629174253593723"	"-0.19403455373594825"	"-0.26888287162342406"	"-0.09722222222222222"	"0.4444444444444444"	"0.25"	"0.37665562913907286"	"0.7128806637550735"	"1.0"
"LUAD_G12C_vs_other_KRAS"	"45"	"EFR3A"	"23167"	"9"	"16"	"-0.3954527005133404"	"-0.12864920228353124"	"-0.2668034982298092"	"-0.3611111111111111"	"0.3333333333333333"	"0.1875"	"0.38576158940397354"	"0.14883654687670958"	"1.0"
"LUAD_G12C_vs_other_KRAS"	"46"	"WDR83"	"84292"	"9"	"16"	"-0.5659697470016987"	"-0.29956794782440305"	"-0.2664017991772956"	"-0.3472222222222222"	"0.5555555555555556"	"0.25"	"0.5057947019867549"	"0.1654297590683368"	"1.0"
"LUAD_G12C_vs_other_KRAS"	"47"	"SP3"	"6670"	"9"	"16"	"-0.3889734998342833"	"-0.12341007513514725"	"-0.2655634246991361"	"-0.4861111111111111"	"0.1111111111111111"	"0.0625"	"0.06539735099337748"	"0.05079852073883995"	"1.0"
"LUAD_G12C_vs_other_KRAS"	"48"	"MRPL53"	"116540"	"9"	"16"	"-0.8213566827702663"	"-0.5625496435783885"	"-0.25880703919187775"	"-0.4583333333333333"	"1.0"	"0.6875"	"0.7889072847682119"	"0.06577555183717868"	"1.0"
"LUAD_G12C_vs_other_KRAS"	"49"	"ARL4A"	"10124"	"9"	"16"	"-0.3226611695012127"	"-0.06439344250836825"	"-0.25826772699284445"	"-0.375"	"0.0"	"0.0"	"0.014072847682119206"	"0.13354523580261685"	"1.0"
"LUAD_G12C_vs_other_KRAS"	"50"	"UQCRC2"	"7385"	"9"	"16"	"-0.9111121715749358"	"-0.655713870435879"	"-0.2553983011390568"	"-0.3472222222222222"	"0.6666666666666666"	"0.625"	"0.6490066225165563"	"0.1654297590683368"	"1.0"
"LUAD_G12C_vs_other_KRAS"	"51"	"ATAD3B"	"83858"	"9"	"16"	"-0.1377332371418129"	"0.11748244108555711"	"-0.25521567822737"	"-0.6944444444444444"	"0.0"	"0.0"	"0.012417218543046357"	"0.005072619410816561"	"1.0"
"LUAD_G12C_vs_other_KRAS"	"52"	"DOLK"	"22845"	"9"	"16"	"-0.5852435595957646"	"-0.3304309957147101"	"-0.2548125638810545"	"-0.4722222222222222"	"0.7777777777777778"	"0.25"	"0.4817880794701987"	"0.05788550144201815"	"1.0"
"LUAD_G12C_vs_other_KRAS"	"53"	"MRPS2"	"51116"	"9"	"16"	"-0.6208755708871672"	"-0.3680331727877201"	"-0.2528423980994471"	"-0.375"	"0.6666666666666666"	"0.4375"	"0.48841059602649006"	"0.13354523580261685"	"1.0"
"LUAD_G12C_vs_other_KRAS"	"54"	"DOHH"	"83475"	"9"	"16"	"-0.5811691195554178"	"-0.3302114346676819"	"-0.25095768488773595"	"-0.5"	"0.6666666666666666"	"0.3125"	"0.6324503311258278"	"0.04445323585465808"	"1.0"
"LUAD_G12C_vs_other_KRAS"	"55"	"KDM2A"	"22992"	"9"	"16"	"-0.7715834677725715"	"-0.522550389093373"	"-0.24903307867919844"	"-0.5"	"0.7777777777777778"	"0.5625"	"0.6788079470198676"	"0.04445323585465808"	"1.0"
"LUAD_G12C_vs_other_KRAS"	"56"	"USE1"	"55850"	"9"	"16"	"-0.5832079759540145"	"-0.3362936744451658"	"-0.24691430150884874"	"-0.20833333333333334"	"0.5555555555555556"	"0.25"	"0.4817880794701987"	"0.4117027470058471"	"1.0"
"LUAD_G12C_vs_other_KRAS"	"57"	"ZKSCAN7"	"55888"	"9"	"16"	"0.0898069018891191"	"0.3356476720662453"	"-0.2458407701771262"	"-0.08333333333333333"	"0.0"	"0.0"	"0.0008278145695364238"	"0.7555146567388422"	"1.0"
"LUAD_G12C_vs_other_KRAS"	"58"	"HSP90AB1"	"3326"	"9"	"16"	"-0.4440764803287829"	"-0.20032143992793777"	"-0.2437550404008451"	"-0.3055555555555556"	"0.4444444444444444"	"0.125"	"0.12831125827814568"	"0.22352896258794108"	"1.0"
"LUAD_G12C_vs_other_KRAS"	"59"	"CRKL"	"1399"	"9"	"16"	"-1.125664353158004"	"-0.8819551896648925"	"-0.24370916349311145"	"-0.1388888888888889"	"0.8888888888888888"	"1.0"	"0.7458609271523179"	"0.5906933198847109"	"1.0"
"LUAD_G12C_vs_other_KRAS"	"60"	"FIS1"	"51024"	"9"	"16"	"-0.5294596916716476"	"-0.28688109846988674"	"-0.2425785932017609"	"-0.3333333333333333"	"0.5555555555555556"	"0.25"	"0.26158940397350994"	"0.18337811248945035"	"1.0"
"LUAD_G12C_vs_other_KRAS"	"61"	"UBA5"	"79876"	"9"	"16"	"-0.867479839993909"	"-0.6255828740291887"	"-0.24189696596472032"	"-0.25"	"0.8888888888888888"	"0.6875"	"0.6423841059602649"	"0.3218113791981505"	"1.0"
"LUAD_G12C_vs_other_KRAS"	"62"	"G6PD"	"2539"	"9"	"16"	"-0.2760329469761737"	"-0.035009054537408255"	"-0.24102389243876543"	"-0.4722222222222222"	"0.3333333333333333"	"0.0625"	"0.1382450331125828"	"0.05788550144201815"	"1.0"
"LUAD_G12C_vs_other_KRAS"	"63"	"SLMAP"	"7871"	"9"	"16"	"-0.4323821436177917"	"-0.1960425953082257"	"-0.236339548309566"	"-0.6944444444444444"	"0.4444444444444444"	"0.1875"	"0.20943708609271522"	"0.005072619410816561"	"1.0"
"LUAD_G12C_vs_other_KRAS"	"64"	"SLC33A1"	"9197"	"9"	"16"	"-0.4112308814581716"	"-0.17571687219513143"	"-0.23551400926304017"	"-0.3194444444444444"	"0.2222222222222222"	"0.25"	"0.15066225165562913"	"0.20273017064652255"	"1.0"
"LUAD_G12C_vs_other_KRAS"	"65"	"RNASEH2A"	"10535"	"9"	"16"	"-0.4293157030491798"	"-0.1959030219557064"	"-0.2334126810934734"	"-0.3888888888888889"	"0.4444444444444444"	"0.125"	"0.28311258278145696"	"0.11949875979004544"	"1.0"
"LUAD_G12C_vs_other_KRAS"	"66"	"APEX2"	"27301"	"9"	"16"	"-0.357759725616386"	"-0.1254801912481856"	"-0.23227953436820042"	"-0.25"	"0.2222222222222222"	"0.125"	"0.15397350993377484"	"0.3218113791981505"	"1.0"
"LUAD_G12C_vs_other_KRAS"	"67"	"TELO2"	"9894"	"9"	"16"	"-0.8191171867388712"	"-0.5893171152199566"	"-0.22980007151891468"	"-0.2638888888888889"	"0.7777777777777778"	"0.5625"	"0.7400662251655629"	"0.2949352987570909"	"1.0"
"LUAD_G12C_vs_other_KRAS"	"68"	"ODR4"	"54953"	"9"	"16"	"-0.458627222100285"	"-0.2327404784639749"	"-0.22588674363631012"	"-0.5277777777777778"	"0.4444444444444444"	"0.0625"	"0.24006622516556292"	"0.03375222295595573"	"1.0"
"LUAD_G12C_vs_other_KRAS"	"69"	"EMC7"	"56851"	"9"	"16"	"-0.7238885939360745"	"-0.49842333003112416"	"-0.22546526390495036"	"-0.3472222222222222"	"0.7777777777777778"	"0.5"	"0.7384105960264901"	"0.1654297590683368"	"1.0"
"LUAD_G12C_vs_other_KRAS"	"70"	"IWS1"	"55677"	"9"	"16"	"-0.2679448491342902"	"-0.04393467234864115"	"-0.22401017678564902"	"-0.3472222222222222"	"0.1111111111111111"	"0.0625"	"0.09105960264900662"	"0.1654297590683368"	"1.0"
"LUAD_G12C_vs_other_KRAS"	"71"	"DERL2"	"51009"	"9"	"16"	"-0.3947503279625442"	"-0.17100010614467004"	"-0.22375022181787418"	"-0.5416666666666666"	"0.2222222222222222"	"0.0"	"0.2905629139072848"	"0.029284655045161194"	"1.0"
"LUAD_G12C_vs_other_KRAS"	"72"	"COP1"	"64326"	"9"	"16"	"-0.4455912020055192"	"-0.2238260041348316"	"-0.2217651978706876"	"-0.08333333333333333"	"0.4444444444444444"	"0.3125"	"0.25248344370860926"	"0.7555146567388422"	"1.0"
"LUAD_G12C_vs_other_KRAS"	"73"	"CEP43"	"11116"	"9"	"16"	"-0.2086599085467697"	"0.012544414917706899"	"-0.22120432346447658"	"-0.20833333333333334"	"0.1111111111111111"	"0.125"	"0.3741721854304636"	"0.4117027470058471"	"1.0"
"LUAD_G12C_vs_other_KRAS"	"74"	"SLC9A8"	"23315"	"9"	"16"	"-0.0143217976850109"	"0.2067012410111031"	"-0.221023038696114"	"-0.3194444444444444"	"0.0"	"0.0"	"0.0016556291390728477"	"0.20273017064652255"	"1.0"
"LUAD_G12C_vs_other_KRAS"	"75"	"CYC1"	"1537"	"9"	"16"	"-0.7231242723015812"	"-0.5024656457918435"	"-0.22065862650973767"	"-0.2222222222222222"	"0.6666666666666666"	"0.5625"	"0.6100993377483444"	"0.3802071371873732"	"1.0"
"LUAD_G12C_vs_other_KRAS"	"76"	"ZNHIT6"	"54680"	"9"	"16"	"-0.6172263409252859"	"-0.3974379689500907"	"-0.21978837197519524"	"-0.3333333333333333"	"0.7777777777777778"	"0.375"	"0.7599337748344371"	"0.18337811248945035"	"1.0"
"LUAD_G12C_vs_other_KRAS"	"77"	"GCN1"	"10985"	"9"	"16"	"-0.5964388032154809"	"-0.3785334671025459"	"-0.21790533611293506"	"-0.5"	"0.6666666666666666"	"0.3125"	"0.5678807947019867"	"0.04445323585465808"	"1.0"
"LUAD_G12C_vs_other_KRAS"	"78"	"MTFMT"	"123263"	"9"	"16"	"-0.3124867197367542"	"-0.09513212922919345"	"-0.21735459050756073"	"-0.4722222222222222"	"0.0"	"0.0"	"0.0836092715231788"	"0.05788550144201815"	"1.0"
"LUAD_G12C_vs_other_KRAS"	"79"	"FANCE"	"2178"	"9"	"16"	"-0.3426042364272522"	"-0.12630418607107816"	"-0.21630005035617403"	"-0.5694444444444444"	"0.0"	"0.0"	"0.07781456953642384"	"0.021856009098313683"	"1.0"
"LUAD_G12C_vs_other_KRAS"	"80"	"ARF4"	"378"	"9"	"16"	"-0.7643058489983079"	"-0.5483537274406487"	"-0.2159521215576592"	"-0.2222222222222222"	"0.7777777777777778"	"0.625"	"0.640728476821192"	"0.3802071371873732"	"1.0"
"LUAD_G12C_vs_other_KRAS"	"81"	"ZNF574"	"64763"	"9"	"16"	"-0.7531399126902442"	"-0.5385542107484267"	"-0.21458570194181747"	"-0.2222222222222222"	"0.8888888888888888"	"0.625"	"0.7458609271523179"	"0.3802071371873732"	"1.0"
"LUAD_G12C_vs_other_KRAS"	"82"	"STN1"	"79991"	"9"	"16"	"-0.4354576983878838"	"-0.2217141024465507"	"-0.21374359594133308"	"-0.2777777777777778"	"0.4444444444444444"	"0.1875"	"0.4519867549668874"	"0.269606104568209"	"1.0"
"LUAD_G12C_vs_other_KRAS"	"83"	"FOXRED1"	"55572"	"9"	"16"	"-0.3333556639277442"	"-0.1209760946703872"	"-0.212379569257357"	"-0.2638888888888889"	"0.1111111111111111"	"0.0625"	"0.17218543046357615"	"0.2949352987570909"	"1.0"
"LUAD_G12C_vs_other_KRAS"	"84"	"EMC2"	"9694"	"9"	"16"	"-0.2596225090240649"	"-0.047782233264767646"	"-0.21184027575929726"	"-0.5833333333333334"	"0.1111111111111111"	"0.0625"	"0.24503311258278146"	"0.0187999143247778"	"1.0"
"LUAD_G12C_vs_other_KRAS"	"85"	"RPIA"	"22934"	"9"	"16"	"-0.4877593052028983"	"-0.2764207320645923"	"-0.211338573138306"	"-0.3472222222222222"	"0.5555555555555556"	"0.1875"	"0.3211920529801324"	"0.1654297590683368"	"1.0"
"LUAD_G12C_vs_other_KRAS"	"86"	"RAB7A"	"7879"	"9"	"16"	"-0.6027533632282763"	"-0.3914416434376393"	"-0.211311719790637"	"-0.25"	"0.7777777777777778"	"0.4375"	"0.4552980132450331"	"0.3218113791981505"	"1.0"
"LUAD_G12C_vs_other_KRAS"	"87"	"MRPL20"	"55052"	"9"	"16"	"-0.4486533655309879"	"-0.2379374887963442"	"-0.2107158767346437"	"-0.2916666666666667"	"0.3333333333333333"	"0.125"	"0.4163907284768212"	"0.2458111315298186"	"1.0"
"LUAD_G12C_vs_other_KRAS"	"88"	"SEC62"	"7095"	"9"	"16"	"-0.499975675402812"	"-0.2898692730610416"	"-0.21010640234177042"	"-0.5972222222222222"	"0.5555555555555556"	"0.125"	"0.3609271523178808"	"0.016124349318736395"	"1.0"
"LUAD_G12C_vs_other_KRAS"	"89"	"WASHC2C"	"253725"	"9"	"16"	"-0.7373912446770374"	"-0.5278605858642842"	"-0.20953065881275323"	"-0.375"	"0.8888888888888888"	"0.625"	"0.6257510729613734"	"0.13354523580261685"	"1.0"
"LUAD_G12C_vs_other_KRAS"	"90"	"NSUN4"	"387338"	"9"	"16"	"-0.514138450391048"	"-0.30496289837651147"	"-0.20917555201453653"	"-0.4305555555555556"	"0.5555555555555556"	"0.1875"	"0.39486754966887416"	"0.08421751691148897"	"1.0"
"LUAD_G12C_vs_other_KRAS"	"91"	"RCOR1"	"23186"	"9"	"16"	"-0.6209224991665228"	"-0.4117653068678982"	"-0.20915719229862456"	"-0.375"	"0.5555555555555556"	"0.375"	"0.3882450331125828"	"0.13354523580261685"	"1.0"
"LUAD_G12C_vs_other_KRAS"	"92"	"SERBP1"	"26135"	"9"	"16"	"-0.8360956402542736"	"-0.6285624811830339"	"-0.2075331590712397"	"-0.19444444444444445"	"0.7777777777777778"	"0.75"	"0.7201986754966887"	"0.4446962318497091"	"1.0"
"LUAD_G12C_vs_other_KRAS"	"93"	"VCL"	"7414"	"9"	"16"	"-0.463429931108087"	"-0.2559679075345345"	"-0.20746202357355248"	"-0.4027777777777778"	"0.3333333333333333"	"0.1875"	"0.2533112582781457"	"0.10663705780256338"	"1.0"
"LUAD_G12C_vs_other_KRAS"	"94"	"LTB4R"	"1241"	"9"	"16"	"-0.4912840374445001"	"-0.2850568873033218"	"-0.20622715014117832"	"-0.4861111111111111"	"0.6666666666666666"	"0.1875"	"0.11341059602649006"	"0.05079852073883995"	"1.0"
"LUAD_G12C_vs_other_KRAS"	"95"	"EXOC1"	"55763"	"9"	"16"	"-0.6119205902483621"	"-0.40752087739201265"	"-0.20439971285634945"	"-0.2916666666666667"	"0.6666666666666666"	"0.5"	"0.581953642384106"	"0.2458111315298186"	"1.0"
"LUAD_G12C_vs_other_KRAS"	"96"	"ALG8"	"79053"	"9"	"16"	"-0.4994184431639918"	"-0.29531990205354064"	"-0.20409854111045117"	"-0.4583333333333333"	"0.5555555555555556"	"0.0625"	"0.2458609271523179"	"0.06577555183717868"	"1.0"
"LUAD_G12C_vs_other_KRAS"	"97"	"FURIN"	"5045"	"9"	"16"	"-0.3792376470934268"	"-0.1753198536261009"	"-0.2039177934673259"	"-0.4583333333333333"	"0.1111111111111111"	"0.125"	"0.173841059602649"	"0.06577555183717868"	"1.0"
"LUAD_G12C_vs_other_KRAS"	"98"	"DPH5"	"51611"	"9"	"16"	"-0.1049482570005141"	"0.09844115590012555"	"-0.20338941290063967"	"-0.3472222222222222"	"0.0"	"0.0"	"0.076158940397351"	"0.1654297590683368"	"1.0"
"LUAD_G12C_vs_other_KRAS"	"99"	"CCDC51"	"79714"	"9"	"16"	"-0.2137916392832125"	"-0.0113779232562863"	"-0.20241371602692618"	"-0.5277777777777778"	"0.3333333333333333"	"0.0"	"0.1456953642384106"	"0.03375222295595573"	"1.0"
"LUAD_G12C_vs_other_KRAS"	"100"	"SCAP"	"22937"	"9"	"16"	"-1.0354641182963495"	"-0.8342286510867725"	"-0.20123546720957708"	"-0.013888888888888888"	"0.6666666666666666"	"0.6875"	"0.7061258278145696"	"0.9774173567823232"	"1.0"
"PDAC_G12D_vs_other_KRAS"	"1"	"KRAS"	"3845"	"19"	"24"	"-2.625605025715158"	"-2.0859851683853017"	"-0.5396198573298565"	"-0.43859649122807015"	"1.0"	"1.0"	"0.5761589403973509"	"0.014959748109645375"	"0.88574003322167"
"PDAC_G12D_vs_other_KRAS"	"2"	"DOCK5"	"80005"	"19"	"24"	"-0.7244518846767222"	"-0.2969401569384166"	"-0.4275117277383056"	"-0.5394736842105263"	"0.7368421052631579"	"0.3333333333333333"	"0.07036423841059603"	"0.0027369410269228005"	"0.88574003322167"
"PDAC_G12D_vs_other_KRAS"	"3"	"ZFP36L1"	"677"	"19"	"24"	"-0.6075624147028478"	"-0.2617901923090587"	"-0.3457722223937891"	"-0.19298245614035087"	"0.5263157894736842"	"0.25"	"0.25248344370860926"	"0.2874069534756094"	"0.9352983816281584"
"PDAC_G12D_vs_other_KRAS"	"4"	"GRB2"	"2885"	"19"	"24"	"-0.8600603192834204"	"-0.518061334719881"	"-0.3419989845635394"	"-0.27631578947368424"	"0.7894736842105263"	"0.5833333333333334"	"0.7475165562913907"	"0.12639155401067748"	"0.9032205895881525"
"PDAC_G12D_vs_other_KRAS"	"5"	"CCND1"	"595"	"19"	"24"	"-1.7136216774892523"	"-1.3775586548587828"	"-0.3360630226304695"	"-0.2894736842105263"	"1.0"	"1.0"	"0.7450331125827815"	"0.10918770820305677"	"0.9032205895881525"
"PDAC_G12D_vs_other_KRAS"	"6"	"YPEL5"	"51646"	"19"	"24"	"-1.1553268069657667"	"-0.8337027888445929"	"-0.3216240181211738"	"-0.19736842105263158"	"0.9473684210526315"	"0.8333333333333334"	"0.7789735099337748"	"0.2764701606310942"	"0.932891691809588"
"PDAC_G12D_vs_other_KRAS"	"7"	"DDX3X"	"1654"	"19"	"24"	"-1.2905620292874258"	"-0.9964994696684049"	"-0.29406255961902095"	"-0.39035087719298245"	"0.9473684210526315"	"0.9166666666666666"	"0.7789735099337748"	"0.0304383994104262"	"0.88574003322167"
"PDAC_G12D_vs_other_KRAS"	"8"	"KIF4A"	"24137"	"19"	"24"	"-0.7934901026933069"	"-0.5024487004703063"	"-0.29104140222300057"	"-0.4342105263157895"	"0.8947368421052632"	"0.5833333333333334"	"0.6605960264900662"	"0.016000846320828592"	"0.88574003322167"
"PDAC_G12D_vs_other_KRAS"	"9"	"WDR48"	"57599"	"19"	"24"	"-0.5811725760041715"	"-0.29104693677962"	"-0.2901256392245515"	"-0.2149122807017544"	"0.5789473684210527"	"0.375"	"0.4271523178807947"	"0.23558033434771464"	"0.9275781675864891"
"PDAC_G12D_vs_other_KRAS"	"10"	"SNRPB2"	"6629"	"19"	"24"	"-0.9679318144389648"	"-0.6799711213663716"	"-0.2879606930725932"	"-0.17543859649122806"	"0.8421052631578947"	"0.7083333333333334"	"0.6821192052980133"	"0.3340421412593103"	"0.9493029605993122"
"PDAC_G12D_vs_other_KRAS"	"11"	"CDK4"	"1019"	"19"	"24"	"-0.7932228517061412"	"-0.5376535184422397"	"-0.2555693332639014"	"-0.4692982456140351"	"0.8421052631578947"	"0.625"	"0.6440397350993378"	"0.009199697387391428"	"0.88574003322167"
"PDAC_G12D_vs_other_KRAS"	"12"	"EIF4B"	"1975"	"19"	"24"	"-0.6854133272334582"	"-0.4408601534815476"	"-0.24455317375191055"	"-0.4956140350877193"	"0.9473684210526315"	"0.5833333333333334"	"0.734271523178808"	"0.005936334407321143"	"0.88574003322167"
"PDAC_G12D_vs_other_KRAS"	"13"	"PDS5A"	"23244"	"19"	"24"	"-0.4856965263208426"	"-0.24738968566110756"	"-0.23830684065973504"	"-0.38596491228070173"	"0.47368421052631576"	"0.16666666666666666"	"0.3038079470198676"	"0.03236426794155476"	"0.88574003322167"
"PDAC_G12D_vs_other_KRAS"	"14"	"EMC7"	"56851"	"19"	"24"	"-0.9676224798276716"	"-0.7330513585101903"	"-0.23457112131748126"	"-0.08333333333333333"	"0.7894736842105263"	"0.8333333333333334"	"0.7384105960264901"	"0.6509575902656849"	"0.9844244371303024"
"PDAC_G12D_vs_other_KRAS"	"15"	"HEATR3"	"55027"	"19"	"24"	"-0.4034938891429473"	"-0.17190873016884395"	"-0.23158515897410337"	"-0.25877192982456143"	"0.3157894736842105"	"0.25"	"0.28725165562913907"	"0.1525264594987968"	"0.9032205895881525"
"PDAC_G12D_vs_other_KRAS"	"16"	"TSC22D2"	"9819"	"19"	"24"	"-0.6508237431371635"	"-0.4314080038668011"	"-0.2194157392703624"	"-0.32894736842105265"	"0.6842105263157895"	"0.4583333333333333"	"0.4147350993377483"	"0.06846150200542042"	"0.9028637724301654"
"PDAC_G12D_vs_other_KRAS"	"17"	"PTK2"	"5747"	"19"	"24"	"-0.7606471194825708"	"-0.5491457875850274"	"-0.2115013318975434"	"-0.12280701754385964"	"0.7368421052631579"	"0.5833333333333334"	"0.5554635761589404"	"0.5012434948525759"	"0.9654954459342076"
"PDAC_G12D_vs_other_KRAS"	"18"	"VCAN"	"1462"	"19"	"24"	"-0.1746264276901087"	"0.035189004526683096"	"-0.20981543221679178"	"-0.4780701754385965"	"0.05263157894736842"	"0.0"	"0.01076158940397351"	"0.007967257375011359"	"0.88574003322167"
"PDAC_G12D_vs_other_KRAS"	"19"	"KRT4"	"3851"	"19"	"24"	"-0.2839267851123126"	"-0.07427382143680275"	"-0.20965296367550987"	"-0.618421052631579"	"0.05263157894736842"	"0.0"	"0.014072847682119206"	"0.0005902842149125491"	"0.88574003322167"
"PDAC_G12D_vs_other_KRAS"	"20"	"YWHAZ"	"7534"	"12"	"11"	"-0.7925800227003736"	"-0.5875633449466944"	"-0.20501667775367927"	"-0.3181818181818182"	"0.9166666666666666"	"0.7272727272727273"	"0.7795275590551181"	"0.20706115487008614"	"0.9216782228673958"
"PDAC_G12D_vs_other_KRAS"	"21"	"THAP12"	"5612"	"19"	"24"	"-0.4621930612450901"	"-0.2572027900058122"	"-0.20499027123927788"	"-0.3157894736842105"	"0.5263157894736842"	"0.3333333333333333"	"0.43211920529801323"	"0.08036197539448686"	"0.9028637724301654"
"PDAC_G12D_vs_other_KRAS"	"22"	"TIPARP"	"25976"	"19"	"24"	"-0.5544713714198692"	"-0.3500898704712487"	"-0.20438150094862056"	"-0.3333333333333333"	"0.5789473684210527"	"0.3333333333333333"	"0.2740066225165563"	"0.06483228211437923"	"0.8983830375524993"
"PDAC_G12D_vs_other_KRAS"	"23"	"SPINK7"	"84651"	"19"	"24"	"-0.0927525262329336"	"0.1101002898268321"	"-0.2028528160597657"	"-0.39035087719298245"	"0.0"	"0.0"	"0.0008278145695364238"	"0.0304383994104262"	"0.88574003322167"
"PDAC_G12D_vs_other_KRAS"	"24"	"ITGAV"	"3685"	"19"	"24"	"-0.4746445989661709"	"-0.27944892259653165"	"-0.19519567636963925"	"-0.15789473684210525"	"0.5789473684210527"	"0.3333333333333333"	"0.45364238410596025"	"0.3852953202313322"	"0.9562256591097601"
"PDAC_G12D_vs_other_KRAS"	"25"	"GPI"	"2821"	"19"	"24"	"-0.4428908663556773"	"-0.2511773584328868"	"-0.19171350792279052"	"-0.12280701754385964"	"0.42105263157894735"	"0.2916666666666667"	"0.45281456953642385"	"0.5012434948525759"	"0.9654954459342076"
"PDAC_G12D_vs_other_KRAS"	"26"	"ASH2L"	"9070"	"19"	"24"	"-0.4011418756013891"	"-0.2102998569049624"	"-0.1908420186964267"	"-0.40789473684210525"	"0.42105263157894735"	"0.125"	"0.2574503311258278"	"0.023687430443600728"	"0.88574003322167"
"PDAC_G12D_vs_other_KRAS"	"27"	"ADRM1"	"11047"	"19"	"24"	"-0.5704695471774349"	"-0.38167481206969034"	"-0.18879473510774458"	"-0.4517543859649123"	"0.5789473684210527"	"0.375"	"0.4246688741721854"	"0.012185739231546687"	"0.88574003322167"
"PDAC_G12D_vs_other_KRAS"	"28"	"CRKL"	"1399"	"19"	"24"	"-1.328961830708118"	"-1.142417326240402"	"-0.18654450446771587"	"-0.021929824561403508"	"0.9473684210526315"	"0.9166666666666666"	"0.7458609271523179"	"0.9123688511868905"	"0.9948726508533284"
"PDAC_G12D_vs_other_KRAS"	"29"	"ASF1A"	"25842"	"19"	"24"	"-0.321968872505973"	"-0.1356916019332723"	"-0.18627727057270071"	"-0.34210526315789475"	"0.21052631578947367"	"0.08333333333333333"	"0.11258278145695365"	"0.058049430412085115"	"0.8896447322385455"
"PDAC_G12D_vs_other_KRAS"	"30"	"MST1"	"4485"	"12"	"11"	"-0.23765381782679545"	"-0.0521417322222327"	"-0.18551208560456275"	"-0.42424242424242425"	"0.0"	"0.0"	"0.013054830287206266"	"0.09054915588749132"	"0.9032205895881525"
"PDAC_G12D_vs_other_KRAS"	"31"	"UBA5"	"79876"	"19"	"24"	"-0.835348563982468"	"-0.6505154111800582"	"-0.18483315280240986"	"-0.017543859649122806"	"0.6842105263157895"	"0.7083333333333334"	"0.6423841059602649"	"0.931788136468625"	"0.996534240428183"
"PDAC_G12D_vs_other_KRAS"	"32"	"TMX2"	"51075"	"19"	"24"	"-0.5117505568081977"	"-0.3335535764949231"	"-0.17819698031327458"	"-0.13596491228070176"	"0.631578947368421"	"0.4166666666666667"	"0.4304635761589404"	"0.45572668842635466"	"0.9617082794130829"
"PDAC_G12D_vs_other_KRAS"	"33"	"CSNK2A1"	"1457"	"19"	"24"	"-0.3449726468413696"	"-0.16807878182359945"	"-0.17689386501777013"	"-0.24561403508771928"	"0.21052631578947367"	"0.20833333333333334"	"0.07036423841059603"	"0.17468690248523333"	"0.9150120421837271"
"PDAC_G12D_vs_other_KRAS"	"34"	"HNRNPA1"	"3178"	"19"	"24"	"-0.2379730164499042"	"-0.061383630720395946"	"-0.17658938572950827"	"-0.14473684210526316"	"0.15789473684210525"	"0.16666666666666666"	"0.23178807947019867"	"0.42672200817507355"	"0.9605470525466387"
"PDAC_G12D_vs_other_KRAS"	"35"	"ELMO2"	"63916"	"19"	"24"	"-0.3654972219186881"	"-0.18907609169159173"	"-0.17642113022709638"	"-0.2894736842105263"	"0.42105263157894735"	"0.25"	"0.2723509933774834"	"0.10918770820305677"	"0.9032205895881525"
"PDAC_G12D_vs_other_KRAS"	"36"	"ELOF1"	"84337"	"19"	"24"	"-0.3317751326344405"	"-0.1583683731929587"	"-0.17340675944148176"	"-0.21929824561403508"	"0.21052631578947367"	"0.25"	"0.34602649006622516"	"0.22606328839277268"	"0.9216782228673958"
"PDAC_G12D_vs_other_KRAS"	"37"	"SET"	"6418"	"19"	"24"	"-0.328975325072576"	"-0.15640497114325985"	"-0.17257035392931613"	"-0.37719298245614036"	"0.21052631578947367"	"0.125"	"0.14817880794701987"	"0.0365306772221386"	"0.88574003322167"
"PDAC_G12D_vs_other_KRAS"	"38"	"ITGB5"	"3693"	"19"	"24"	"-0.5444875011183219"	"-0.37439864608661344"	"-0.17008885503170845"	"-0.3333333333333333"	"0.5263157894736842"	"0.3333333333333333"	"0.40066225165562913"	"0.06483228211437923"	"0.8983830375524993"
"PDAC_G12D_vs_other_KRAS"	"39"	"LCMT1"	"51451"	"19"	"24"	"-0.5775415195762119"	"-0.40805519046225164"	"-0.16948632911396028"	"-0.25877192982456143"	"0.631578947368421"	"0.5"	"0.3468543046357616"	"0.1525264594987968"	"0.9032205895881525"
"PDAC_G12D_vs_other_KRAS"	"40"	"USP7"	"7874"	"19"	"24"	"-0.6960469491683139"	"-0.5275503820925115"	"-0.1684965670758024"	"-0.2412280701754386"	"0.8947368421052632"	"0.5833333333333334"	"0.7889072847682119"	"0.18258396558660284"	"0.9150120421837271"
"PDAC_G12D_vs_other_KRAS"	"41"	"ALDOC"	"230"	"19"	"24"	"-0.3716937063359647"	"-0.20328941125285116"	"-0.16840429508311355"	"-0.33771929824561403"	"0.3684210526315789"	"0.08333333333333333"	"0.10182119205298014"	"0.06136328870823469"	"0.8916573175262207"
"PDAC_G12D_vs_other_KRAS"	"42"	"WAC"	"51322"	"19"	"24"	"-0.4819330719145908"	"-0.3138960966932638"	"-0.168036975221327"	"-0.17543859649122806"	"0.5263157894736842"	"0.25"	"0.3923841059602649"	"0.3340421412593103"	"0.9493029605993122"
"PDAC_G12D_vs_other_KRAS"	"43"	"TSC2"	"7249"	"19"	"24"	"-0.0872427456290817"	"0.07992457080875776"	"-0.16716731643783944"	"-0.20175438596491227"	"0.21052631578947367"	"0.125"	"0.20281456953642385"	"0.26582059517267476"	"0.9314889763613897"
"PDAC_G12D_vs_other_KRAS"	"44"	"GPIHBP1"	"338328"	"19"	"24"	"-0.2310791599427965"	"-0.06394495844902981"	"-0.1671342014937667"	"-0.2236842105263158"	"0.10526315789473684"	"0.0"	"0.024006622516556293"	"0.21682385360034018"	"0.9216782228673958"
"PDAC_G12D_vs_other_KRAS"	"45"	"MMP28"	"79148"	"19"	"24"	"-0.2009671675600672"	"-0.03720355651265895"	"-0.16376361104740825"	"-0.4824561403508772"	"0.0"	"0.041666666666666664"	"0.013245033112582781"	"0.007408311392260514"	"0.88574003322167"
"PDAC_G12D_vs_other_KRAS"	"46"	"DND1"	"373863"	"19"	"24"	"-0.1994367045553162"	"-0.036235408894319296"	"-0.1632012956609969"	"-0.4473684210526316"	"0.0"	"0.0"	"0.048013245033112585"	"0.013055064561019727"	"0.88574003322167"
"PDAC_G12D_vs_other_KRAS"	"47"	"SLC35A2"	"7355"	"19"	"24"	"-0.1543758425489617"	"0.008517753677602"	"-0.16289359622656369"	"-0.37719298245614036"	"0.05263157894736842"	"0.0"	"0.07533112582781457"	"0.0365306772221386"	"0.88574003322167"
"PDAC_G12D_vs_other_KRAS"	"48"	"GYPB"	"2994"	"12"	"9"	"0.28428590668378806"	"0.4467274634212416"	"-0.16244155673745353"	"-0.37037037037037035"	"0.0"	"0.0"	"0.0031545741324921135"	"0.16580656019401352"	"0.9090535788692367"
"PDAC_G12D_vs_other_KRAS"	"49"	"FIS1"	"51024"	"19"	"24"	"-0.3825077439773975"	"-0.22091534963034226"	"-0.16159239434705525"	"-0.15350877192982457"	"0.3157894736842105"	"0.3333333333333333"	"0.26158940397350994"	"0.39882304973149374"	"0.9582850221853004"
"PDAC_G12D_vs_other_KRAS"	"50"	"NFKBIE"	"4794"	"19"	"24"	"-0.4757722420293012"	"-0.3144703793241087"	"-0.16130186270519248"	"-0.38596491228070173"	"0.5263157894736842"	"0.2916666666666667"	"0.3973509933774834"	"0.03236426794155476"	"0.88574003322167"
"PDAC_G12D_vs_other_KRAS"	"51"	"MICALL1"	"85377"	"19"	"24"	"-0.1859428912466786"	"-0.0248426858108447"	"-0.1611002054358339"	"-0.35526315789473684"	"0.05263157894736842"	"0.041666666666666664"	"0.016556291390728478"	"0.0489884875517896"	"0.88574003322167"
"PDAC_G12D_vs_other_KRAS"	"52"	"WASHC2C"	"253725"	"19"	"24"	"-0.6239153672969792"	"-0.46482657172113717"	"-0.159088795575842"	"-0.4342105263157895"	"0.8421052631578947"	"0.5416666666666666"	"0.6257510729613734"	"0.016000846320828592"	"0.88574003322167"
"PDAC_G12D_vs_other_KRAS"	"53"	"PPP1CA"	"5499"	"19"	"24"	"-0.7454685268795118"	"-0.5867646274335001"	"-0.1587038994460117"	"-0.31140350877192985"	"0.8947368421052632"	"0.7083333333333334"	"0.7094370860927153"	"0.08468368110059153"	"0.9032205895881525"
"PDAC_G12D_vs_other_KRAS"	"54"	"CYC1"	"1537"	"19"	"24"	"-0.6453100269330162"	"-0.4870815981220301"	"-0.1582284288109861"	"-0.16666666666666666"	"0.7368421052631579"	"0.5833333333333334"	"0.6100993377483444"	"0.35909418257877435"	"0.9493029605993122"
"PDAC_G12D_vs_other_KRAS"	"55"	"PRKRA"	"8575"	"19"	"24"	"-0.8334015027877353"	"-0.6761424716149413"	"-0.15725903117279394"	"-0.11842105263157894"	"0.7894736842105263"	"0.7083333333333334"	"0.6771523178807947"	"0.5169340599464043"	"0.9694743885471159"
"PDAC_G12D_vs_other_KRAS"	"56"	"EAPP"	"55837"	"19"	"24"	"-0.7151063371898997"	"-0.5582479469215955"	"-0.15685839026830417"	"-0.2149122807017544"	"0.8421052631578947"	"0.7916666666666666"	"0.7144039735099338"	"0.23558033434771464"	"0.9275781675864891"
"PDAC_G12D_vs_other_KRAS"	"57"	"C3orf38"	"285237"	"19"	"24"	"-0.3839011285057707"	"-0.22822098788634104"	"-0.15568014061942964"	"-0.11842105263157894"	"0.3157894736842105"	"0.20833333333333334"	"0.3079470198675497"	"0.5169340599464043"	"0.9694743885471159"
"PDAC_G12D_vs_other_KRAS"	"58"	"UBIAD1"	"29914"	"19"	"24"	"-0.6818300959207939"	"-0.527141824628799"	"-0.15468827129199492"	"-0.20175438596491227"	"0.5789473684210527"	"0.5416666666666666"	"0.39403973509933776"	"0.26582059517267476"	"0.9314889763613897"
"PDAC_G12D_vs_other_KRAS"	"59"	"BHLHA15"	"168620"	"19"	"24"	"-0.3187997537704425"	"-0.16735535254575215"	"-0.15144440122469036"	"-0.4298245614035088"	"0.10526315789473684"	"0.041666666666666664"	"0.050496688741721855"	"0.017105116533324128"	"0.88574003322167"
"PDAC_G12D_vs_other_KRAS"	"60"	"DYNLL1"	"8655"	"19"	"24"	"-0.8089314884306356"	"-0.6586813815946324"	"-0.15025010683600315"	"-0.2324561403508772"	"0.9473684210526315"	"0.75"	"0.609271523178808"	"0.19916663518575883"	"0.9190228405228599"
"PDAC_G12D_vs_other_KRAS"	"61"	"GATA6"	"2627"	"19"	"24"	"-0.0707708158672081"	"0.07938512250693655"	"-0.15015593837414465"	"-0.37280701754385964"	"0.05263157894736842"	"0.041666666666666664"	"0.02152317880794702"	"0.038779872876508074"	"0.88574003322167"
"PDAC_G12D_vs_other_KRAS"	"62"	"RHPN1"	"114822"	"19"	"24"	"-0.4437124369752036"	"-0.2936403507463562"	"-0.15007208622884738"	"-0.2236842105263158"	"0.3684210526315789"	"0.2916666666666667"	"0.21026490066225165"	"0.21682385360034018"	"0.9216782228673958"
"PDAC_G12D_vs_other_KRAS"	"63"	"RBM10"	"8241"	"19"	"24"	"-0.552709578088914"	"-0.403085231407838"	"-0.149624346681076"	"-0.2807017543859649"	"0.5263157894736842"	"0.3333333333333333"	"0.48758278145695366"	"0.12043669010026525"	"0.9032205895881525"
"PDAC_G12D_vs_other_KRAS"	"64"	"CRIPTO"	"6997"	"19"	"24"	"-0.6336766554703617"	"-0.4847257181666208"	"-0.14895093730374087"	"-0.30701754385964913"	"0.7368421052631579"	"0.5833333333333334"	"0.6456953642384106"	"0.08919149870100782"	"0.9032205895881525"
"PDAC_G12D_vs_other_KRAS"	"65"	"ITGB3"	"3690"	"19"	"24"	"-0.1550392657788521"	"-0.00660957133957175"	"-0.14842969443928036"	"-0.34649122807017546"	"0.0"	"0.0"	"0.03890728476821192"	"0.0548856621841631"	"0.889028734077894"
"PDAC_G12D_vs_other_KRAS"	"66"	"DSG2"	"1829"	"19"	"24"	"-0.2174846059913401"	"-0.06969243009980156"	"-0.14779217589153854"	"-0.631578947368421"	"0.05263157894736842"	"0.0"	"0.004966887417218543"	"0.00044910672617770955"	"0.88574003322167"
"PDAC_G12D_vs_other_KRAS"	"67"	"IFITM2"	"10581"	"19"	"24"	"-0.6408219142143017"	"-0.49340506609508505"	"-0.14741684811921663"	"-0.3991228070175439"	"0.7894736842105263"	"0.5"	"0.5091059602649006"	"0.02688042529520388"	"0.88574003322167"
"PDAC_G12D_vs_other_KRAS"	"68"	"GTF2F2"	"2963"	"19"	"24"	"-0.8528103742426405"	"-0.7057081167490646"	"-0.14710225749357586"	"-0.2894736842105263"	"0.8421052631578947"	"0.7916666666666666"	"0.7938741721854304"	"0.10918770820305677"	"0.9032205895881525"
"PDAC_G12D_vs_other_KRAS"	"69"	"TEAD4"	"7004"	"19"	"24"	"-0.3308076740841651"	"-0.1841657579265898"	"-0.14664191615757532"	"-0.3333333333333333"	"0.15789473684210525"	"0.041666666666666664"	"0.08940397350993377"	"0.06483228211437923"	"0.8983830375524993"
"PDAC_G12D_vs_other_KRAS"	"70"	"FOXO3B"	"2310"	"19"	"24"	"-0.2735898921649315"	"-0.12821328905949975"	"-0.14537660310543177"	"-0.35526315789473684"	"0.3157894736842105"	"0.125"	"0.192274678111588"	"0.0489884875517896"	"0.88574003322167"
"PDAC_G12D_vs_other_KRAS"	"71"	"STAMBP"	"10617"	"19"	"24"	"-0.4153191052502983"	"-0.27017734340877586"	"-0.14514176184152244"	"-0.14473684210526316"	"0.3684210526315789"	"0.3333333333333333"	"0.3079470198675497"	"0.42672200817507355"	"0.9605470525466387"
"PDAC_G12D_vs_other_KRAS"	"72"	"TRA2B"	"6434"	"19"	"24"	"-0.520124020940205"	"-0.37537380114810526"	"-0.1447502197920998"	"-0.23684210526315788"	"0.5789473684210527"	"0.3333333333333333"	"0.6357615894039735"	"0.19074266687346964"	"0.9162086149767437"
"PDAC_G12D_vs_other_KRAS"	"73"	"SLC38A2"	"54407"	"19"	"24"	"-0.4699381670762439"	"-0.32525432964506934"	"-0.14468383743117458"	"-0.3333333333333333"	"0.5263157894736842"	"0.25"	"0.29387417218543044"	"0.06483228211437923"	"0.8983830375524993"
"PDAC_G12D_vs_other_KRAS"	"74"	"ING3"	"54556"	"19"	"24"	"-0.5456431773559323"	"-0.40123236311997373"	"-0.14441081423595853"	"-0.25"	"0.5263157894736842"	"0.4166666666666667"	"0.527317880794702"	"0.1670476572625138"	"0.9090535788692367"
"PDAC_G12D_vs_other_KRAS"	"75"	"SPTSSA"	"171546"	"19"	"24"	"-0.4688291210381615"	"-0.32447776105801973"	"-0.14435135998014176"	"-0.29385964912280704"	"0.42105263157894735"	"0.25"	"0.39072847682119205"	"0.10388358515220907"	"0.9032205895881525"
"PDAC_G12D_vs_other_KRAS"	"76"	"RAB5C"	"5878"	"19"	"24"	"-0.3659821449725467"	"-0.22186717498230615"	"-0.14411496999024057"	"-0.25"	"0.21052631578947367"	"0.20833333333333334"	"0.1357615894039735"	"0.1670476572625138"	"0.9090535788692367"
"PDAC_G12D_vs_other_KRAS"	"77"	"TMSB10"	"9168"	"15"	"20"	"-0.4759201004373033"	"-0.33200136749997844"	"-0.14391873293732488"	"-0.23333333333333334"	"0.5333333333333333"	"0.25"	"0.40091743119266054"	"0.2501438712743007"	"0.9289389413504433"
"PDAC_G12D_vs_other_KRAS"	"78"	"CDKL2"	"8999"	"19"	"24"	"-0.1488418101831422"	"-0.0050049482887893"	"-0.14383686189435288"	"-0.5789473684210527"	"0.0"	"0.0"	"0.0024834437086092716"	"0.0013001909004019792"	"0.88574003322167"
"PDAC_G12D_vs_other_KRAS"	"79"	"RPRD1B"	"58490"	"19"	"24"	"-0.5323868288952598"	"-0.3887622412531403"	"-0.1436245876421195"	"-0.19298245614035087"	"0.5263157894736842"	"0.4166666666666667"	"0.48427152317880795"	"0.2874069534756094"	"0.9352983816281584"
"PDAC_G12D_vs_other_KRAS"	"80"	"METAP2"	"10988"	"19"	"24"	"-0.7750915108503097"	"-0.6315012352931745"	"-0.14359027555713522"	"-0.13596491228070176"	"0.7894736842105263"	"0.625"	"0.7119205298013245"	"0.45572668842635466"	"0.9617082794130829"
"PDAC_G12D_vs_other_KRAS"	"81"	"HLA-C"	"3107"	"19"	"24"	"-0.5242698763081143"	"-0.38100595802906306"	"-0.14326391827905122"	"-0.4298245614035088"	"0.6842105263157895"	"0.16666666666666666"	"0.38990066225165565"	"0.017105116533324128"	"0.88574003322167"
"PDAC_G12D_vs_other_KRAS"	"82"	"SLC39A10"	"57181"	"19"	"24"	"-0.5564545077826788"	"-0.41330181224884627"	"-0.14315269553383253"	"-0.2543859649122807"	"0.631578947368421"	"0.4166666666666667"	"0.36341059602649006"	"0.1596622310796909"	"0.9077056009796886"
"PDAC_G12D_vs_other_KRAS"	"83"	"NUP35"	"129401"	"19"	"24"	"-0.6073320276751766"	"-0.4642185932871722"	"-0.1431134343880044"	"-0.32894736842105265"	"0.7368421052631579"	"0.5416666666666666"	"0.48758278145695366"	"0.06846150200542042"	"0.9028637724301654"
"PDAC_G12D_vs_other_KRAS"	"84"	"CRTC3"	"64784"	"19"	"24"	"-0.173879788237814"	"-0.0308628536858552"	"-0.1430169345519588"	"-0.5570175438596491"	"0.0"	"0.0"	"0.05132450331125828"	"0.0019770483228786478"	"0.88574003322167"
"PDAC_G12D_vs_other_KRAS"	"85"	"BCAR1"	"9564"	"19"	"24"	"-0.5137206963985815"	"-0.3710502853487813"	"-0.14267041104980022"	"-0.14473684210526316"	"0.5263157894736842"	"0.375"	"0.12748344370860928"	"0.42672200817507355"	"0.9605470525466387"
"PDAC_G12D_vs_other_KRAS"	"86"	"HS6ST1"	"9394"	"19"	"24"	"-0.5531710071076097"	"-0.41065779763917054"	"-0.14251320946843915"	"-0.16666666666666666"	"0.631578947368421"	"0.4583333333333333"	"0.5206953642384106"	"0.35909418257877435"	"0.9493029605993122"
"PDAC_G12D_vs_other_KRAS"	"87"	"NUFIP1"	"26747"	"19"	"24"	"-0.6476373336584623"	"-0.5060582595732198"	"-0.1415790740852425"	"-0.3157894736842105"	"0.8421052631578947"	"0.7916666666666666"	"0.765728476821192"	"0.08036197539448686"	"0.9028637724301654"
"PDAC_G12D_vs_other_KRAS"	"88"	"PITPNB"	"23760"	"19"	"24"	"-0.0402984460714765"	"0.10123550627514315"	"-0.14153395234661964"	"-0.39473684210526316"	"0.0"	"0.0"	"0.014072847682119206"	"0.028611812650275174"	"0.88574003322167"
"PDAC_G12D_vs_other_KRAS"	"89"	"PHIP"	"55023"	"19"	"24"	"-0.2151498594198622"	"-0.0743705320613955"	"-0.1407793273584667"	"-0.35526315789473684"	"0.10526315789473684"	"0.0"	"0.059602649006622516"	"0.0489884875517896"	"0.88574003322167"
"PDAC_G12D_vs_other_KRAS"	"90"	"CPOX"	"1371"	"19"	"24"	"-0.4476485263447642"	"-0.3069909122779775"	"-0.14065761406678673"	"-0.16666666666666666"	"0.47368421052631576"	"0.25"	"0.23509933774834438"	"0.35909418257877435"	"0.9493029605993122"
"PDAC_G12D_vs_other_KRAS"	"91"	"SKA1"	"220134"	"19"	"24"	"-0.6417444303692572"	"-0.5011815121308681"	"-0.14056291823838907"	"-0.25"	"0.7894736842105263"	"0.5833333333333334"	"0.5951986754966887"	"0.1670476572625138"	"0.9090535788692367"
"PDAC_G12D_vs_other_KRAS"	"92"	"NUP50"	"10762"	"19"	"24"	"-0.7012221365023257"	"-0.5611622326136722"	"-0.14005990388865353"	"-0.05701754385964912"	"0.8421052631578947"	"0.75"	"0.5811258278145696"	"0.7598349826486077"	"0.9934087549305276"
"PDAC_G12D_vs_other_KRAS"	"93"	"CCNB1"	"891"	"19"	"24"	"-0.9750438025321448"	"-0.8364304752341372"	"-0.13861332729800768"	"-0.20175438596491227"	"0.8947368421052632"	"0.8333333333333334"	"0.7690397350993378"	"0.26582059517267476"	"0.9314889763613897"
"PDAC_G12D_vs_other_KRAS"	"94"	"ALG6"	"29929"	"19"	"24"	"-0.346636391237057"	"-0.20805212148093255"	"-0.13858426975612442"	"-0.19736842105263158"	"0.2631578947368421"	"0.16666666666666666"	"0.1423841059602649"	"0.2764701606310942"	"0.932891691809588"
"PDAC_G12D_vs_other_KRAS"	"95"	"USP18"	"11274"	"19"	"24"	"-0.4973611142804253"	"-0.3589111656596799"	"-0.1384499486207454"	"-0.4342105263157895"	"0.6842105263157895"	"0.3333333333333333"	"0.34519867549668876"	"0.016000846320828592"	"0.88574003322167"
"PDAC_G12D_vs_other_KRAS"	"96"	"FNBP4"	"23360"	"19"	"24"	"-0.587057067171327"	"-0.4487290771188617"	"-0.13832799005246532"	"-0.3157894736842105"	"0.6842105263157895"	"0.4583333333333333"	"0.6647350993377483"	"0.08036197539448686"	"0.9028637724301654"
"PDAC_G12D_vs_other_KRAS"	"97"	"AMELY"	"266"	"12"	"11"	"0.1255068251057633"	"0.2635483449666597"	"-0.13804151986089638"	"-0.36363636363636365"	"0.0"	"0.0"	"0.0"	"0.14808606158507112"	"0.9032205895881525"
"PDAC_G12D_vs_other_KRAS"	"98"	"CNOT1"	"23019"	"19"	"24"	"-0.8727022396276567"	"-0.7350795413437614"	"-0.13762269828389528"	"-0.21052631578947367"	"0.8421052631578947"	"0.875"	"0.7466887417218543"	"0.24537747167114454"	"0.9282412330243235"
"PDAC_G12D_vs_other_KRAS"	"99"	"GIGYF1"	"64599"	"19"	"24"	"-0.2504212627516379"	"-0.11344078354295364"	"-0.13698047920868425"	"-0.37719298245614036"	"0.05263157894736842"	"0.041666666666666664"	"0.03559602649006623"	"0.0365306772221386"	"0.88574003322167"
"PDAC_G12D_vs_other_KRAS"	"100"	"FAM50A"	"9130"	"19"	"24"	"-0.4697388061105358"	"-0.3328722386559241"	"-0.13686656745461173"	"-0.2894736842105263"	"0.5789473684210527"	"0.375"	"0.5339403973509934"	"0.10918770820305677"	"0.9032205895881525"
