analysis_set	source	term_id	term_name	description	p_value_adjusted	significant	query_size	term_size	intersection_size	effective_domain_size	precision	recall	parents_json	intersecting_input_ids_json	intersecting_gene_symbols_json	intersections_json
recurrent	CORUM	CORUM:4200	DNM1L-FIS1 complex	DNM1L-FIS1 complex	0.002873895543365791	True	54	2	2	16541	0.037037037037037035	1.0	"[""CORUM:0000000""]"	"[""ENSG00000087470"", ""ENSG00000214253""]"	"[""DNM1L"", ""FIS1""]"	"[[], [], [], [], [], [], [], [], [""CORUM""], [], [], [], [], [], [], [], [], [], [], [], [], [], [], [], [], [], [], [], [], [], [], [], [], [], [], [], [], [], [], [], [], [], [], [], [], [], [], [], [], [], [], [], [""CORUM""], []]"
recurrent	CORUM	CORUM:5712	FAK-beta5 integrin complex, VEGF induced	FAK-beta5 integrin complex, VEGF induced	0.002873895543365791	True	54	2	2	16541	0.037037037037037035	1.0	"[""CORUM:0000000""]"	"[""ENSG00000082781"", ""ENSG00000169398""]"	"[""ITGB5"", ""PTK2""]"	"[[], [], [], [], [], [], [], [""CORUM""], [], [], [], [], [], [], [], [], [], [], [], [], [], [], [], [], [], [], [], [], [], [], [], [], [], [], [], [], [], [], [], [], [], [""CORUM""], [], [], [], [], [], [], [], [], [], [], [], []]"
recurrent	CORUM	CORUM:1181	C complex spliceosome	C complex spliceosome	0.008437460813712572	True	54	19	3	16541	0.05555555555555555	0.15789473684210525	"[""CORUM:0000000""]"	"[""ENSG00000125870"", ""ENSG00000135316"", ""ENSG00000135486""]"	"[""SNRPB2"", ""SYNCRIP"", ""HNRNPA1""]"	"[[], [], [], [], [], [], [], [], [], [], [], [], [], [], [], [], [], [], [""CORUM""], [], [], [], [], [], [""CORUM""], [""CORUM""], [], [], [], [], [], [], [], [], [], [], [], [], [], [], [], [], [], [], [], [], [], [], [], [], [], [], [], []]"
recurrent	CORUM	CORUM:2726	PXN-ITGB5-PTK2 complex	PXN-ITGB5-PTK2 complex	0.008603615093939797	True	54	3	2	16541	0.037037037037037035	0.6666666666666666	"[""CORUM:0000000""]"	"[""ENSG00000082781"", ""ENSG00000169398""]"	"[""ITGB5"", ""PTK2""]"	"[[], [], [], [], [], [], [], [""CORUM""], [], [], [], [], [], [], [], [], [], [], [], [], [], [], [], [], [], [], [], [], [], [], [], [], [], [], [], [], [], [], [], [], [], [""CORUM""], [], [], [], [], [], [], [], [], [], [], [], []]"
recurrent	CORUM	CORUM:6190	p38gamma-Hsp90-K-Ras complex	p38gamma-Hsp90-K-Ras complex	0.008603615093939797	True	54	3	2	16541	0.037037037037037035	0.6666666666666666	"[""CORUM:0000000""]"	"[""ENSG00000096384"", ""ENSG00000133703""]"	"[""HSP90AB1"", ""KRAS""]"	"[[], [], [], [], [], [], [], [], [], [], [], [""CORUM""], [], [], [], [], [], [], [], [], [], [], [""CORUM""], [], [], [], [], [], [], [], [], [], [], [], [], [], [], [], [], [], [], [], [], [], [], [], [], [], [], [], [], [], [], []]"
recurrent	KEGG	KEGG:03040	Spliceosome	Spliceosome	0.010085391233297788	True	54	31	3	16541	0.05555555555555555	0.0967741935483871	"[""KEGG:00000""]"	"[""ENSG00000125870"", ""ENSG00000135486"", ""ENSG00000136527""]"	"[""SNRPB2"", ""HNRNPA1"", ""TRA2B""]"	"[[], [], [], [], [], [], [], [], [], [], [], [], [], [], [], [], [], [], [""KEGG""], [], [], [], [], [], [], [""KEGG""], [""KEGG""], [], [], [], [], [], [], [], [], [], [], [], [], [], [], [], [], [], [], [], [], [], [], [], [], [], [], []]"
recurrent	CORUM	CORUM:6990	THSD1-FAK-talin-vinculin complex	THSD1-FAK-talin-vinculin complex	0.017171170709258797	True	54	4	2	16541	0.037037037037037035	0.5	"[""CORUM:0000000""]"	"[""ENSG00000035403"", ""ENSG00000169398""]"	"[""VCL"", ""PTK2""]"	"[[], [], [""CORUM""], [], [], [], [], [], [], [], [], [], [], [], [], [], [], [], [], [], [], [], [], [], [], [], [], [], [], [], [], [], [], [], [], [], [], [], [], [], [], [""CORUM""], [], [], [], [], [], [], [], [], [], [], [], []]"
recurrent	KEGG	KEGG:04714	Thermogenesis	Thermogenesis	0.03578566893576133	True	54	201	5	16541	0.09259259259259259	0.024875621890547265	"[""KEGG:00000""]"	"[""ENSG00000133703"", ""ENSG00000163626"", ""ENSG00000167965"", ""ENSG00000169020"", ""ENSG00000179091""]"	"[""KRAS"", ""COX18"", ""MLST8"", ""ATP5ME"", ""CYC1""]"	"[[], [], [], [], [], [], [], [], [], [], [], [], [], [], [], [], [], [], [], [], [], [], [""KEGG""], [], [], [], [], [], [], [], [], [], [], [], [], [], [], [], [""KEGG""], [""KEGG""], [""KEGG""], [], [], [], [], [], [], [""KEGG""], [], [], [], [], [], []]"
recurrent	CORUM	CORUM:5177	Polycystin-1 multiprotein complex (ACTN1, CDH1, SRC, JUP, VCL, CTNNB1, PXN, BCAR1, PKD1, PTK2, TLN1)	Polycystin-1 multiprotein complex (ACTN1, CDH1, SRC, JUP, VCL, CTNNB1, PXN, BCAR1, PKD1, PTK2, TLN1)	0.04274825431201817	True	54	6	2	16541	0.037037037037037035	0.3333333333333333	"[""CORUM:0000000""]"	"[""ENSG00000035403"", ""ENSG00000169398""]"	"[""VCL"", ""PTK2""]"	"[[], [], [""CORUM""], [], [], [], [], [], [], [], [], [], [], [], [], [], [], [], [], [], [], [], [], [], [], [], [], [], [], [], [], [], [], [], [], [], [], [], [], [], [], [""CORUM""], [], [], [], [], [], [], [], [], [], [], [], []]"
