reference_id	target_gene	compound_name	aliases	reference_level	modality	target_relation	action	include_similarity	oncology_rationale_ru	source_kind	source_url
ONCOREF-EGFR-OSIMERTINIB	EGFR	OSIMERTINIB	TAGRISSO	A	small_molecule	direct_target	inhibitor	1	Одобренный противоопухолевый ингибитор EGFR для EGFR-мутантного НМРЛ; сильный эталон связи мишень–опухоль.	FDA	https://www.fda.gov/drugs/resources-information-approved-drugs/fda-approves-osimertinib-locally-advanced-unresectable-stage-iii-non-small-cell-lung-cancer
ONCOREF-EGFR-ERLOTINIB	EGFR	ERLOTINIB	TARCEVA	A	small_molecule	direct_target	inhibitor	1	Одобренный противоопухолевый ингибитор EGFR; клинически валидированный класс.	curated_regulatory_consensus	
ONCOREF-EGFR-GEFITINIB	EGFR	GEFITINIB	IRESSA	A	small_molecule	direct_target	inhibitor	1	Одобренный противоопухолевый ингибитор EGFR; клинически валидированный класс.	curated_regulatory_consensus	
ONCOREF-EGFR-AFATINIB	EGFR	AFATINIB	GILOTRIF	A	small_molecule	direct_target	inhibitor	1	Одобренный необратимый ингибитор семейства ERBB с клинической активностью при EGFR-зависимом НМРЛ.	curated_regulatory_consensus	
ONCOREF-EGFR-DACOMITINIB	EGFR	DACOMITINIB	VIZIMPRO	A	small_molecule	direct_target	inhibitor	1	Одобренный пан-ERBB ингибитор с клинической активностью при EGFR-мутантном НМРЛ.	curated_regulatory_consensus	
ONCOREF-EGFR-CETUXIMAB	EGFR	CETUXIMAB	ERBITUX	A	biologic	direct_target	blocking_antibody	0	Одобренное противоопухолевое антитело к EGFR; биологически релевантный эталон, но не объект маломолекулярного Tanimoto.	curated_regulatory_consensus	
ONCOREF-EGFR-LIDOCAINE	EGFR	LIDOCAINE		D	small_molecule	uncertain_or_off_target	uncertain	0	Исключён из основных эталонов: наличие записи EGFR в исходной фармакологии не делает лидокаин целевым противоопухолевым ингибитором EGFR.	MCL_curation	
ONCOREF-ERBB2-SEVABERTINIB	ERBB2	SEVABERTINIB	HYRNUO|BAY2927088|BAY-2927088	A	small_molecule	direct_target	inhibitor	1	Одобрен FDA в 2026 году при НМРЛ с активирующими мутациями HER2/ERBB2; особенно сильный мишень-зависимый эталон.	FDA	https://www.fda.gov/drugs/resources-information-approved-drugs/fda-grants-accelerated-approval-sevabertinib-locally-advanced-or-metastatic-non-squamous-non-small
ONCOREF-ERBB2-TUCATINIB	ERBB2	TUCATINIB	TUKYSA	A	small_molecule	direct_target	inhibitor	1	Одобренный HER2-направленный противоопухолевый ингибитор.	curated_regulatory_consensus	
ONCOREF-ERBB2-NERATINIB	ERBB2	NERATINIB	NERLYNX	A	small_molecule	direct_target	inhibitor	1	Одобренный необратимый HER2/ERBB ингибитор в онкологии.	curated_regulatory_consensus	
ONCOREF-ERBB2-LAPATINIB	ERBB2	LAPATINIB	TYKERB|TYVERB	A	small_molecule	direct_target	inhibitor	1	Одобренный EGFR/HER2 ингибитор для HER2-положительного рака молочной железы.	curated_regulatory_consensus	
ONCOREF-ERBB2-TRASTUZUMAB	ERBB2	TRASTUZUMAB	HERCEPTIN	A	biologic	direct_target	antibody	0	Клинически валидированный HER2-направленный препарат; не используется для маломолекулярного Tanimoto.	curated_regulatory_consensus	
ONCOREF-ERBB2-PERTUZUMAB	ERBB2	PERTUZUMAB	PERJETA	A	biologic	direct_target	antibody	0	Клинически валидированное HER2-направленное антитело; не используется для маломолекулярного Tanimoto.	curated_regulatory_consensus	
ONCOREF-ERBB2-ZANIDATAMAB	ERBB2	ZANIDATAMAB	ZIIHERA	A	biologic	direct_target	bispecific_antibody	0	HER2-направленное противоопухолевое биспецифическое антитело; не объект маломолекулярного Tanimoto.	FDA	https://www.fda.gov/drugs/resources-information-approved-drugs/oncology-cancerhematologic-malignancies-approval-notifications
ONCOREF-ERBB2-VANDETANIB	ERBB2	VANDETANIB		D	small_molecule	uncertain_or_secondary_target	inhibitor	0	Не используется как основной HER2-эталон: многомишенное соединение без достаточно специфической для нашей задачи связи ERBB2→противоопухолевый эффект.	MCL_curation	
ONCOREF-ERBB3-PATRITUMAB	ERBB3	PATRITUMAB	AMG888|U3-1287	B	biologic	direct_target	blocking_antibody	0	Прямое антитело к HER3 с потенциальной противоопухолевой активностью; HER3 не имеет полноценного активного киназного домена.	NCI	https://www.cancer.gov/publications/dictionaries/cancer-drug/def/patritumab
ONCOREF-ERBB3-PATRITUMAB-DERUXTECAN	ERBB3	PATRITUMAB DERUXTECAN	U3-1402|HER3-DXD	B	antibody_drug_conjugate	direct_target	HER3_targeted_ADC	0	HER3-направленный ADC; подтверждает фармакологическую доступность ERBB3, но не пригоден для маломолекулярного Tanimoto.	NCI	https://www.cancer.gov/publications/dictionaries/cancer-drug/def/patritumab-deruxtecan
ONCOREF-ERBB3-VANDETANIB	ERBB3	VANDETANIB		D	small_molecule	uncertain_or_secondary_target	inhibitor	0	Исключён как HER3-эталон: не является валидированным прямым маломолекулярным HER3-препаратом.	MCL_curation	
ONCOREF-PIK3CA-ALPELISIB	PIK3CA	ALPELISIB	PIQRAY	A	small_molecule	direct_target	PI3Kalpha_inhibitor	1	Одобренный PI3Kα-направленный препарат при PIK3CA-мутантном раке молочной железы.	FDA	https://www.fda.gov/medical-devices/in-vitro-diagnostics/list-fda-authorized-companion-diagnostic-devices-in-vitro-and-imaging-tools
ONCOREF-PIK3CA-INAVOLISIB	PIK3CA	INAVOLISIB	ITOVEBI|GDC-0077	A	small_molecule	direct_target	PI3Kalpha_inhibitor	1	Одобрен FDA при PIK3CA-мутантном HR+/HER2− распространённом раке молочной железы.	FDA	https://www.fda.gov/drugs/resources-information-approved-drugs/fda-approves-inavolisib-palbociclib-and-fulvestrant-endocrine-resistant-pik3ca-mutated-hr-positive
ONCOREF-PIK3CA-TASELISIB	PIK3CA	TASELISIB	GDC-0032	B	small_molecule	direct_target	PI3K_inhibitor	1	Клинически исследованный противоопухолевый PI3K-ингибитор; используется как экспериментальный, а не одобренный эталон.	curated_oncology_clinical	
ONCOREF-PIK3CA-CAFFEINE	PIK3CA	CAFFEINE		D	small_molecule	uncertain_or_off_target	uncertain	0	Исключён: не является целевым противоопухолевым PI3Kα-препаратом.	MCL_curation	
ONCOREF-CDK4-PALBOCICLIB	CDK4	PALBOCICLIB	IBRANCE	A	small_molecule	direct_target	CDK4_6_inhibitor	1	Одобренный противоопухолевый CDK4/6-ингибитор.	FDA	https://www.fda.gov/drugs/resources-information-approved-drugs/fda-approves-palbociclib-trastuzumab-or-without-pertuzumab-and-endocrine-therapy-maintenance
ONCOREF-CDK4-RIBOCICLIB	CDK4	RIBOCICLIB	KISQALI	A	small_molecule	direct_target	CDK4_6_inhibitor	1	Одобренный противоопухолевый CDK4/6-ингибитор.	curated_regulatory_consensus	
ONCOREF-CDK4-ABEMACICLIB	CDK4	ABEMACICLIB	VERZENIO	A	small_molecule	direct_target	CDK4_6_inhibitor	1	Одобренный противоопухолевый CDK4/6-ингибитор.	curated_regulatory_consensus	
ONCOREF-MDM2-NAVTEMADLIN	MDM2	NAVTEMADLIN	KRT-232|KRT232|AMG-232|AMG232	B	small_molecule	direct_target	MDM2_p53_interaction_inhibitor	1	Прямой MDM2-ингибитор, разработанный для восстановления p53-зависимого противоопухолевого ответа.	NCI	https://www.cancer.gov/publications/dictionaries/cancer-drug/def/navtemadlin
ONCOREF-MDM2-BRIGIMADLIN	MDM2	BRIGIMADLIN	BI-907828|BI907828	B	small_molecule	direct_target	MDM2_p53_interaction_inhibitor	1	Клинически исследуемый прямой MDM2-ингибитор с противоопухолевой направленностью.	NCI	https://www.cancer.gov/publications/dictionaries/cancer-drug/def/brigimadlin
ONCOREF-MDM2-IDASANUTLIN	MDM2	IDASANUTLIN	RG7388|RO5503781	B	small_molecule	direct_target	MDM2_p53_interaction_inhibitor	1	Клинически исследованный прямой MDM2-антагонист в онкологии.	curated_oncology_clinical	
ONCOREF-MDM2-SIREMADLIN	MDM2	SIREMADLIN	HDM201|HDM-201	B	small_molecule	direct_target	MDM2_p53_interaction_inhibitor	1	Клинически исследуемый прямой MDM2-ингибитор.	curated_oncology_clinical	
ONCOREF-MDM2-CGM097	MDM2	CGM097	CGM-097	B	small_molecule	direct_target	MDM2_p53_interaction_inhibitor	1	Клинически исследованный MDM2-p53 ингибитор.	curated_oncology_clinical	
ONCOREF-MDM2-SAR405838	MDM2	SAR405838	SAR-405838	C	small_molecule	direct_target	MDM2_p53_interaction_inhibitor	0	Сильный исследовательский MDM2-ингибитор, но не основной клинический эталон.	curated_preclinical_tool	
ONCOREF-MDM2-NUTLIN3	MDM2	NUTLIN-3	NUTLIN3	C	small_molecule	direct_target	MDM2_p53_interaction_inhibitor	0	Классический исследовательский инструмент MDM2-p53; полезен как механизм-контроль, но не основной клинический эталон.	curated_preclinical_tool	
ONCOREF-IGF1R-LINSITINIB	IGF1R	LINSITINIB	OSI-906|OSI906	B	small_molecule	direct_target	IGF1R_inhibitor	1	Прямой маломолекулярный IGF-1R ингибитор с противоопухолевой клинической разработкой.	NCI	https://www.cancer.gov/publications/dictionaries/cancer-drug/def/linsitinib
ONCOREF-IGF1R-BMS754807	IGF1R	BMS-754807	BMS754807	B	small_molecule	direct_target	IGF1R_IR_inhibitor	1	Прямой IGF-1R/IR ингибитор, клинически исследовавшийся в онкологии.	curated_oncology_clinical	
ONCOREF-IGF1R-GANITUMAB	IGF1R	GANITUMAB	AMG479|AMG-479	B	biologic	direct_target	antibody	0	Прямое антитело к IGF-1R с противоопухолевой клинической разработкой; не объект маломолекулярного Tanimoto.	curated_oncology_clinical	
ONCOREF-IGF1R-CERITINIB	IGF1R	CERITINIB	ZYKADIA	D	small_molecule	secondary_target	inhibitor	0	Исключён как основной IGF1R-эталон: клиническое противоопухолевое применение связано прежде всего с ALK, а не с IGF1R.	MCL_curation	
ONCOREF-BCL2L1-NAVITOCLAX	BCL2L1	NAVITOCLAX	ABT-263|ABT263	B	small_molecule	direct_target	BCL2_BCLXL_BCLW_antagonist	1	Прямой ингибитор BCL-XL/BCL2/BCL-W с противоопухолевой клинической разработкой.	NCI	https://www.cancer.gov/publications/dictionaries/cancer-drug/def/navitoclax
ONCOREF-BCL2L1-LP118	BCL2L1	LP-118	LP118	B	small_molecule	direct_target	BCL2_BCLXL_inhibitor	1	Прямой BCL-2/BCL-XL ингибитор с потенциальной противоопухолевой активностью.	NCI	https://www.cancer.gov/publications/dictionaries/cancer-drug/def/bcl-2-bcl-xl-inhibitor-lp-118
ONCOREF-BCL2L1-ABT737	BCL2L1	ABT-737	ABT737	C	small_molecule	direct_target	BCL2_family_antagonist	0	Широко используемый доклинический BCL-2/BCL-XL инструмент; не основной клинический эталон.	curated_preclinical_tool	
ONCOREF-MAPK1-ULIXERTINIB	MAPK1	ULIXERTINIB	BVD-523|BVD523	B	small_molecule	direct_target	ERK1_2_inhibitor	1	Прямой ERK1/2 ингибитор с противоопухолевой клинической разработкой.	NCI	https://www.cancer.gov/publications/dictionaries/cancer-drug/def/ulixertinib
ONCOREF-MAPK1-RAVOXERTINIB	MAPK1	RAVOXERTINIB	GDC-0994|GDC0994	B	small_molecule	direct_target	ERK1_2_inhibitor	1	Прямой ERK1/2 ингибитор с потенциальной противоопухолевой активностью.	NCI	https://www.cancer.gov/publications/dictionaries/cancer-drug/def/ravoxertinib
ONCOREF-MAPK1-MK8353	MAPK1	MK-8353	MK8353|SCH900353|SCH-900353	B	small_molecule	direct_target	ERK_inhibitor	1	Прямой ERK ингибитор, клинически исследуемый в онкологии.	NCI	https://www.cancer.gov/publications/dictionaries/cancer-drug/def/erk-inhibitor-mk-8353
ONCOREF-MAPK1-SCH772984	MAPK1	SCH772984	SCH-772984	C	small_molecule	direct_target	ERK1_2_inhibitor	0	Доклинический прямой ERK1/2 инструмент; не основной клинический эталон.	curated_preclinical_tool	
ONCOREF-MAPK1-LY294002	MAPK1	LY294002	LY-294002	D	small_molecule	wrong_primary_mechanism	PI3K_tool	0	Исключён как MAPK1-эталон: классический PI3K-инструмент не должен представлять прямое фармакологическое ингибирование ERK2.	MCL_curation	
ONCOREF-MAPK1-CHIR99021	MAPK1	CHIR-99021	CHIR99021	D	small_molecule	wrong_primary_mechanism	GSK3_inhibitor	0	Исключён как MAPK1-эталон: основной механизм связан с GSK3, а не с прямым ERK2-ингибированием.	MCL_curation	
ONCOREF-PRKDC-PEPOSERTIB	PRKDC	PEPOSERTIB	M3814|M-3814|MSC2490484A	B	small_molecule	direct_target	DNA_PK_inhibitor	1	Прямой DNA-PK ингибитор с противоопухолевой клинической разработкой и радиохимиосенсибилизирующей логикой.	NCI	https://www.cancer.gov/publications/dictionaries/cancer-drug/def/peposertib
ONCOREF-PRKDC-AZD7648	PRKDC	AZD7648	AZD-7648	B	small_molecule	direct_target	DNA_PK_inhibitor	1	Селективный ингибитор каталитической субъединицы DNA-PK с потенциальной противоопухолевой активностью.	NCI	https://www.cancer.gov/publications/dictionaries/cancer-drug/def/dna-pk-inhibitor-azd7648
ONCOREF-PRKDC-NU7441	PRKDC	NU7441	NU-7441	C	small_molecule	direct_target	DNA_PK_inhibitor	0	Доклинический DNA-PK инструмент; не основной клинический эталон.	curated_preclinical_tool	
ONCOREF-PRKDC-LY294002	PRKDC	LY294002	LY-294002	D	small_molecule	broad_family_tool	PI3K_family_inhibitor	0	Исключён из строгих DNA-PK эталонов из-за широкой/исторической PI3K-семейной фармакологии.	MCL_curation	
ONCOREF-FNTA-TIPIFARNIB	FNTA	TIPIFARNIB	R115777|ZARNESTRA	B	small_molecule	farnesyltransferase_complex	farnesyltransferase_inhibitor	1	Противоопухолевый ингибитор фарнезилтрансферазы; доказательство относится к комплексу FNTA/FNTB, а не к изолированной субъединице.	NCI	https://www.cancer.gov/publications/dictionaries/cancer-drug/def/tipifarnib
ONCOREF-FNTA-LONAFARNIB	FNTA	LONAFARNIB	SCH66336|SCH-66336	B	small_molecule	farnesyltransferase_complex	farnesyltransferase_inhibitor	1	Ингибитор фарнезилтрансферазы с противоопухолевой разработкой; доказательство комплекс-уровня.	NCI	https://www.cancer.gov/publications/dictionaries/cancer-drug/def/lonafarnib
ONCOREF-FNTA-BMS214662	FNTA	BMS-214662	BMS214662	C	small_molecule	farnesyltransferase_complex	farnesyltransferase_inhibitor	0	Экспериментальный противоопухолевый ингибитор фарнезилтрансферазы; комплекс-уровень.	NCI	https://www.cancer.gov/publications/dictionaries/cancer-drug/def/bms-214662
ONCOREF-FNTB-TIPIFARNIB	FNTB	TIPIFARNIB	R115777|ZARNESTRA	B	small_molecule	farnesyltransferase_complex	farnesyltransferase_inhibitor	1	Противоопухолевый ингибитор фарнезилтрансферазы; доказательство относится к комплексу FNTA/FNTB.	NCI	https://www.cancer.gov/publications/dictionaries/cancer-drug/def/tipifarnib
ONCOREF-FNTB-LONAFARNIB	FNTB	LONAFARNIB	SCH66336|SCH-66336	B	small_molecule	farnesyltransferase_complex	farnesyltransferase_inhibitor	1	Ингибитор фарнезилтрансферазы с противоопухолевой разработкой; доказательство комплекс-уровня.	NCI	https://www.cancer.gov/publications/dictionaries/cancer-drug/def/lonafarnib
ONCOREF-FNTB-BMS214662	FNTB	BMS-214662	BMS214662	C	small_molecule	farnesyltransferase_complex	farnesyltransferase_inhibitor	0	Экспериментальный ингибитор фарнезилтрансферазы; комплекс-уровень.	NCI	https://www.cancer.gov/publications/dictionaries/cancer-drug/def/bms-214662
ONCOREF-METAP2-TNP470	METAP2	TNP-470	AGM-1470|TNP470	B	small_molecule	direct_target	irreversible_METAP2_inhibitor	1	Прямо и необратимо инактивирует MetAP2; противоопухолевый эффект связан с антиангиогенной активностью.	NCI	https://www.cancer.gov/publications/dictionaries/cancer-drug/def/o-chloroacetylcarbamoylfumagillol
ONCOREF-METAP2-M8891	METAP2	M8891	M-8891	B	small_molecule	direct_target	METAP2_inhibitor	1	Прямой MetAP2 ингибитор с потенциальной антиангиогенной и противоопухолевой активностью.	NCI	https://www.cancer.gov/publications/dictionaries/cancer-drug/def/methionine-aminopeptidase-2-inhibitor-m8891
ONCOREF-METAP2-FUMAGILLIN	METAP2	FUMAGILLIN		C	small_molecule	direct_target	METAP2_inhibitor	0	Механистический/доклинический эталон MetAP2; не основной современный клинический противоопухолевый препарат.	curated_preclinical_tool	