own_compound_id	qed	integrated_risk	admet_note_ru	source_report
PYZ-001	0.26	signal_requires_verification	Предиктивный профиль требует экспериментальной проверки; не трактовать как безопасный.	SYL-RPT-2026-022 v1.6
PYZ-002	0.28	signal_requires_verification	Предиктивный профиль требует экспериментальной проверки; не трактовать как безопасный.	SYL-RPT-2026-022 v1.6
PYZ-003	0.30	signal_requires_verification	Предиктивный профиль требует экспериментальной проверки; не трактовать как безопасный.	SYL-RPT-2026-022 v1.6
PYZ-004	0.27	signal_requires_verification	Предиктивный профиль требует экспериментальной проверки; не трактовать как безопасный.	SYL-RPT-2026-022 v1.6
PYZ-005	0.26	signal_requires_verification	Предиктивный профиль требует экспериментальной проверки; не трактовать как безопасный.	SYL-RPT-2026-022 v1.6
PYZ-006	0.49	signal_requires_verification	Предиктивный профиль требует экспериментальной проверки; не трактовать как безопасный.	SYL-RPT-2026-022 v1.6
PYZ-007	0.51	signal_requires_verification	Предиктивный профиль требует экспериментальной проверки; не трактовать как безопасный.	SYL-RPT-2026-022 v1.6
PYZ-008	0.51	high_predicted_risk	Высокий сводный in-silico риск: соединение относится к первой очереди токсикологической проверки.	SYL-RPT-2026-022 v1.6
PYZ-009	0.50	signal_requires_verification	Предиктивный профиль требует экспериментальной проверки; не трактовать как безопасный.	SYL-RPT-2026-022 v1.6
PYZ-010	0.49	signal_requires_verification	Предиктивный профиль требует экспериментальной проверки; не трактовать как безопасный.	SYL-RPT-2026-022 v1.6
PYZ-011	0.33	signal_requires_verification	Предиктивный профиль требует экспериментальной проверки; не трактовать как безопасный.	SYL-RPT-2026-022 v1.6
PYZ-012	0.37	signal_requires_verification	Предиктивный профиль требует экспериментальной проверки; не трактовать как безопасный.	SYL-RPT-2026-022 v1.6
PYZ-013	0.37	signal_requires_verification	Предиктивный профиль требует экспериментальной проверки; не трактовать как безопасный.	SYL-RPT-2026-022 v1.6
PYZ-014	0.35	signal_requires_verification	Предиктивный профиль требует экспериментальной проверки; не трактовать как безопасный.	SYL-RPT-2026-022 v1.6
PYZ-015	0.33	signal_requires_verification	Предиктивный профиль требует экспериментальной проверки; не трактовать как безопасный.	SYL-RPT-2026-022 v1.6
PYZ-016	0.42	signal_requires_verification	Предиктивный профиль требует экспериментальной проверки; не трактовать как безопасный.	SYL-RPT-2026-022 v1.6
PYZ-017	0.42	signal_requires_verification	Предиктивный профиль требует экспериментальной проверки; не трактовать как безопасный.	SYL-RPT-2026-022 v1.6
PYZ-018	0.39	signal_requires_verification	Предиктивный профиль требует экспериментальной проверки; не трактовать как безопасный.	SYL-RPT-2026-022 v1.6
PYZ-019	0.42	signal_requires_verification	Предиктивный профиль требует экспериментальной проверки; не трактовать как безопасный.	SYL-RPT-2026-022 v1.6
PYZ-020	0.42	signal_requires_verification	Предиктивный профиль требует экспериментальной проверки; не трактовать как безопасный.	SYL-RPT-2026-022 v1.6
PYZ-021	0.45	high_predicted_risk	Высокий сводный in-silico риск: сильная target-гипотеза должна проверяться вместе с токсикологией.	SYL-RPT-2026-022 v1.6
PYZ-022	0.49	signal_requires_verification	Предиктивный профиль требует экспериментальной проверки; не трактовать как безопасный.	SYL-RPT-2026-022 v1.6
PYZ-023	0.52	high_predicted_risk	Высокий сводный in-silico риск: соединение относится к первой очереди токсикологической проверки.	SYL-RPT-2026-022 v1.6
PYZ-024	0.47	high_predicted_risk	Высокий сводный in-silico риск: соединение относится к первой очереди токсикологической проверки.	SYL-RPT-2026-022 v1.6
PYZ-025	0.45	signal_requires_verification	Предиктивный профиль требует экспериментальной проверки; не трактовать как безопасный.	SYL-RPT-2026-022 v1.6
PYZ-026	0.81	high_predicted_risk	Высокий сводный in-silico риск: соединение относится к первой очереди токсикологической проверки.	SYL-RPT-2026-022 v1.6
PYZ-027	0.84	high_predicted_risk	Высокий сводный in-silico риск: соединение относится к первой очереди токсикологической проверки.	SYL-RPT-2026-022 v1.6
PYZ-028	0.85	high_predicted_risk	Высокий сводный in-silico риск: соединение относится к первой очереди токсикологической проверки.	SYL-RPT-2026-022 v1.6
PYZ-029	0.83	high_predicted_risk	Высокий сводный in-silico риск: соединение относится к первой очереди токсикологической проверки.	SYL-RPT-2026-022 v1.6
PYZ-030	0.81	high_predicted_risk	Высокий сводный in-silico риск: соединение относится к первой очереди токсикологической проверки.	SYL-RPT-2026-022 v1.6
PYZ-031	0.69	signal_requires_verification	Предиктивный профиль требует экспериментальной проверки; не трактовать как безопасный.	SYL-RPT-2026-022 v1.6
PYZ-032	0.68	signal_requires_verification	Предиктивный профиль требует экспериментальной проверки; не трактовать как безопасный.	SYL-RPT-2026-022 v1.6
PYZ-033	0.65	signal_requires_verification	Предиктивный профиль требует экспериментальной проверки; не трактовать как безопасный.	SYL-RPT-2026-022 v1.6
PYZ-034	0.69	signal_requires_verification	Предиктивный профиль требует экспериментальной проверки; не трактовать как безопасный.	SYL-RPT-2026-022 v1.6
PYZ-035	0.69	signal_requires_verification	Наиболее сбалансированная текущая CDK4-гипотеза; ADMET остаётся предиктивным и требует проверки.	SYL-RPT-2026-022 v1.6
PYZ-036	0.58	signal_requires_verification	Предиктивный профиль требует экспериментальной проверки; не трактовать как безопасный.	SYL-RPT-2026-022 v1.6
PYZ-037	0.65	signal_requires_verification	Предиктивный профиль требует экспериментальной проверки; не трактовать как безопасный.	SYL-RPT-2026-022 v1.6
PYZ-038	0.66	signal_requires_verification	Предиктивный профиль требует экспериментальной проверки; не трактовать как безопасный.	SYL-RPT-2026-022 v1.6
PYZ-039	0.61	signal_requires_verification	Предиктивный профиль требует экспериментальной проверки; не трактовать как безопасный.	SYL-RPT-2026-022 v1.6
PYZ-040	0.58	signal_requires_verification	Предиктивный профиль требует экспериментальной проверки; не трактовать как безопасный.	SYL-RPT-2026-022 v1.6
PYZ-041	0.43	signal_requires_verification	Предиктивный профиль требует экспериментальной проверки; не трактовать как безопасный.	SYL-RPT-2026-022 v1.6
PYZ-042	0.46	signal_requires_verification	Предиктивный профиль требует экспериментальной проверки; не трактовать как безопасный.	SYL-RPT-2026-022 v1.6
PYZ-043	0.45	signal_requires_verification	Предиктивный профиль требует экспериментальной проверки; не трактовать как безопасный.	SYL-RPT-2026-022 v1.6
PYZ-044	0.45	signal_requires_verification	Предиктивный профиль требует экспериментальной проверки; не трактовать как безопасный.	SYL-RPT-2026-022 v1.6
PYZ-045	0.43	signal_requires_verification	Предиктивный профиль требует экспериментальной проверки; не трактовать как безопасный.	SYL-RPT-2026-022 v1.6
PYZ-046	0.46	signal_requires_verification	Предиктивный профиль требует экспериментальной проверки; не трактовать как безопасный.	SYL-RPT-2026-022 v1.6
PYZ-047	0.49	signal_requires_verification	Предиктивный профиль требует экспериментальной проверки; не трактовать как безопасный.	SYL-RPT-2026-022 v1.6
PYZ-048	0.51	signal_requires_verification	Предиктивный профиль требует экспериментальной проверки; не трактовать как безопасный.	SYL-RPT-2026-022 v1.6
PYZ-049	0.47	signal_requires_verification	Предиктивный профиль требует экспериментальной проверки; не трактовать как безопасный.	SYL-RPT-2026-022 v1.6
PYZ-050	0.46	signal_requires_verification	Предиктивный профиль требует экспериментальной проверки; не трактовать как безопасный.	SYL-RPT-2026-022 v1.6
PYZ-051	0.53	signal_requires_verification	BCL2L1-серия; подходит как сравнительный представитель, но прямое связывание PYZ не измерено.	SYL-RPT-2026-022 v1.6
PYZ-052	0.53	signal_requires_verification	BCL2L1-серия; предиктивный профиль требует экспериментальной проверки.	SYL-RPT-2026-022 v1.6
PYZ-053	0.51	signal_requires_verification	BCL2L1-серия; предиктивный профиль требует экспериментальной проверки.	SYL-RPT-2026-022 v1.6
PYZ-054	0.53	signal_requires_verification	BCL2L1-серия; предиктивный профиль требует экспериментальной проверки.	SYL-RPT-2026-022 v1.6
PYZ-055	0.53	signal_requires_verification	Основной представитель BCL2L1-серии; максимальный Tanimoto не заменяет прямой binding assay.	SYL-RPT-2026-022 v1.6
PYZ-056	0.29	signal_requires_verification	Предиктивный профиль требует экспериментальной проверки; не трактовать как безопасный.	SYL-RPT-2026-022 v1.6
PYZ-057	0.30	signal_requires_verification	Предиктивный профиль требует экспериментальной проверки; не трактовать как безопасный.	SYL-RPT-2026-022 v1.6
PYZ-058	0.29	signal_requires_verification	Предиктивный профиль требует экспериментальной проверки; не трактовать как безопасный.	SYL-RPT-2026-022 v1.6
PYZ-059	0.29	signal_requires_verification	Предиктивный профиль требует экспериментальной проверки; не трактовать как безопасный.	SYL-RPT-2026-022 v1.6
PYZ-060	0.29	signal_requires_verification	Предиктивный профиль требует экспериментальной проверки; не трактовать как безопасный.	SYL-RPT-2026-022 v1.6
PYZ-061	0.31	signal_requires_verification	Предиктивный профиль требует экспериментальной проверки; не трактовать как безопасный.	SYL-RPT-2026-022 v1.6
PYZ-062	0.34	signal_requires_verification	Предиктивный профиль требует экспериментальной проверки; не трактовать как безопасный.	SYL-RPT-2026-022 v1.6
PYZ-063	0.37	signal_requires_verification	Предиктивный профиль требует экспериментальной проверки; не трактовать как безопасный.	SYL-RPT-2026-022 v1.6
PYZ-064	0.33	signal_requires_verification	Предиктивный профиль требует экспериментальной проверки; не трактовать как безопасный.	SYL-RPT-2026-022 v1.6
PYZ-065	0.31	high_predicted_risk	Высокий сводный in-silico риск: соединение относится к первой очереди токсикологической проверки.	SYL-RPT-2026-022 v1.6
