gene_symbol	comparisons_n	comparisons	best_rank	mean_rank	mean_delta_gene_effect
WDR48	3	LUAD_G12C_vs_WT; LUAD_G12C_vs_other_KRAS; PDAC_G12D_vs_other_KRAS	9	14.0	-0.311172
UBIAD1	3	LUAD_G12C_vs_WT; LUAD_G12C_vs_other_KRAS; PDAC_G12D_vs_other_KRAS	2	20.67	-0.458696
CRKL	3	LUAD_G12C_vs_WT; LUAD_G12C_vs_other_KRAS; PDAC_G12D_vs_other_KRAS	14	33.67	-0.247158
HNRNPA1	3	LUAD_G12C_vs_WT; LUAD_G12C_vs_other_KRAS; PDAC_G12D_vs_other_KRAS	28	33.67	-0.237734
UBA5	3	LUAD_G12C_vs_WT; LUAD_G12C_vs_other_KRAS; PDAC_G12D_vs_other_KRAS	12	34.67	-0.259206
C3orf38	3	LUAD_G12C_vs_WT; LUAD_G12C_vs_other_KRAS; PDAC_G12D_vs_other_KRAS	23	35.67	-0.243804
FIS1	3	LUAD_G12C_vs_WT; LUAD_G12C_vs_other_KRAS; PDAC_G12D_vs_other_KRAS	22	43.67	-0.228627
KRAS	2	LUAD_G12C_vs_WT; PDAC_G12D_vs_other_KRAS	1	1.0	-0.891097
PSMG1	2	LUAD_G12C_vs_WT; LUAD_G12C_vs_other_KRAS	3	3.0	-0.592708
BRD2	2	LUAD_G12C_vs_WT; LUAD_G12C_vs_other_KRAS	5	5.0	-0.473561
SNAP23	2	LUAD_G12C_vs_WT; LUAD_G12C_vs_other_KRAS	1	5.0	-0.585512
FDXR	2	LUAD_G12C_vs_WT; LUAD_G12C_vs_other_KRAS	4	5.5	-0.448674
MIPEP	2	LUAD_G12C_vs_WT; LUAD_G12C_vs_other_KRAS	6	7.0	-0.404706
SNRPB2	2	LUAD_G12C_vs_other_KRAS; PDAC_G12D_vs_other_KRAS	10	10.5	-0.328593
SYNCRIP	2	LUAD_G12C_vs_WT; LUAD_G12C_vs_other_KRAS	9	13.0	-0.338322
EAF1	2	LUAD_G12C_vs_WT; LUAD_G12C_vs_other_KRAS	13	15.0	-0.339231
COX18	2	LUAD_G12C_vs_WT; LUAD_G12C_vs_other_KRAS	15	17.0	-0.314887
DNM1L	2	LUAD_G12C_vs_WT; LUAD_G12C_vs_other_KRAS	4	17.5	-0.389346
MRPS6	2	LUAD_G12C_vs_WT; LUAD_G12C_vs_other_KRAS	16	18.0	-0.311578
MRPS12	2	LUAD_G12C_vs_WT; LUAD_G12C_vs_other_KRAS	8	21.0	-0.321364
ZNF217	2	LUAD_G12C_vs_WT; LUAD_G12C_vs_other_KRAS	16	24.0	-0.289589
ATP5ME	2	LUAD_G12C_vs_WT; LUAD_G12C_vs_other_KRAS	6	27.5	-0.340175
DOCK5	2	LUAD_G12C_vs_WT; PDAC_G12D_vs_other_KRAS	2	28.0	-0.326093
MLST8	2	LUAD_G12C_vs_WT; LUAD_G12C_vs_other_KRAS	27	29.0	-0.271354
MON2	2	LUAD_G12C_vs_WT; LUAD_G12C_vs_other_KRAS	7	34.0	-0.331173
ENO1	2	LUAD_G12C_vs_WT; LUAD_G12C_vs_other_KRAS	35	38.0	-0.259978
EFR3A	2	LUAD_G12C_vs_WT; LUAD_G12C_vs_other_KRAS	33	39.0	-0.255566
EMC7	2	LUAD_G12C_vs_other_KRAS; PDAC_G12D_vs_other_KRAS	14	41.5	-0.230018
G6PD	2	LUAD_G12C_vs_WT; LUAD_G12C_vs_other_KRAS	23	42.5	-0.258064
HEATR3	2	LUAD_G12C_vs_WT; PDAC_G12D_vs_other_KRAS	15	42.5	-0.222804
PTK2	2	LUAD_G12C_vs_WT; PDAC_G12D_vs_other_KRAS	17	42.5	-0.213136
SLC25A26	2	LUAD_G12C_vs_WT; LUAD_G12C_vs_other_KRAS	19	43.0	-0.268156
KIF4A	2	LUAD_G12C_vs_WT; PDAC_G12D_vs_other_KRAS	8	44.5	-0.245551
EMC1	2	LUAD_G12C_vs_WT; LUAD_G12C_vs_other_KRAS	28	45.5	-0.254866
SLC35B2	2	LUAD_G12C_vs_WT; LUAD_G12C_vs_other_KRAS	26	45.5	-0.257474
ARL4A	2	LUAD_G12C_vs_WT; LUAD_G12C_vs_other_KRAS	43	46.0	-0.246141
ITGB5	2	LUAD_G12C_vs_WT; PDAC_G12D_vs_other_KRAS	38	47.0	-0.196732
DOLK	2	LUAD_G12C_vs_WT; LUAD_G12C_vs_other_KRAS	44	48.0	-0.243731
HSP90AB1	2	LUAD_G12C_vs_WT; LUAD_G12C_vs_other_KRAS	38	48.0	-0.241092
ODR4	2	LUAD_G12C_vs_WT; LUAD_G12C_vs_other_KRAS	30	49.0	-0.237183
C19orf25	2	LUAD_G12C_vs_WT; LUAD_G12C_vs_other_KRAS	43	50.5	-0.247056
ING3	2	LUAD_G12C_vs_WT; PDAC_G12D_vs_other_KRAS	34	54.0	-0.194002
TGIF1	2	LUAD_G12C_vs_WT; LUAD_G12C_vs_other_KRAS	41	55.0	-0.244397
TRA2B	2	LUAD_G12C_vs_WT; PDAC_G12D_vs_other_KRAS	42	57.0	-0.190404
SERBP1	2	LUAD_G12C_vs_WT; LUAD_G12C_vs_other_KRAS	24	58.0	-0.240847
FURIN	2	LUAD_G12C_vs_WT; LUAD_G12C_vs_other_KRAS	21	59.0	-0.243911
TARS2	2	LUAD_G12C_vs_WT; LUAD_G12C_vs_other_KRAS	36	61.0	-0.239311
CYC1	2	LUAD_G12C_vs_other_KRAS; PDAC_G12D_vs_other_KRAS	54	64.5	-0.189444
LCMT1	2	LUAD_G12C_vs_WT; PDAC_G12D_vs_other_KRAS	39	65.0	-0.181912
RNASEH2A	2	LUAD_G12C_vs_WT; LUAD_G12C_vs_other_KRAS	65	69.5	-0.220293
WASHC2C	2	LUAD_G12C_vs_other_KRAS; PDAC_G12D_vs_other_KRAS	52	70.5	-0.18431
SEC62	2	LUAD_G12C_vs_WT; LUAD_G12C_vs_other_KRAS	80	84.0	-0.206384
LTB4R	2	LUAD_G12C_vs_WT; LUAD_G12C_vs_other_KRAS	89	91.5	-0.201423
VCL	2	LUAD_G12C_vs_WT; LUAD_G12C_vs_other_KRAS	93	93.5	-0.198944
ZFP36L1	1	PDAC_G12D_vs_other_KRAS	3	3.0	-0.345772
GRB2	1	PDAC_G12D_vs_other_KRAS	4	4.0	-0.341999
CCND1	1	PDAC_G12D_vs_other_KRAS	5	5.0	-0.336063
YPEL5	1	PDAC_G12D_vs_other_KRAS	6	6.0	-0.321624
DDX3X	1	PDAC_G12D_vs_other_KRAS	7	7.0	-0.294063
RAB10	1	LUAD_G12C_vs_other_KRAS	10	10.0	-0.371532
WWTR1	1	LUAD_G12C_vs_WT	10	10.0	-0.35295
CDK4	1	PDAC_G12D_vs_other_KRAS	11	11.0	-0.255569
CFLAR	1	LUAD_G12C_vs_WT	11	11.0	-0.352599
AP2S1	1	LUAD_G12C_vs_other_KRAS	12	12.0	-0.353468
EIF4B	1	PDAC_G12D_vs_other_KRAS	12	12.0	-0.244553
PDS5A	1	PDAC_G12D_vs_other_KRAS	13	13.0	-0.238307
GMNN	1	LUAD_G12C_vs_other_KRAS	14	14.0	-0.342875
TRAF2	1	LUAD_G12C_vs_WT	15	15.0	-0.305657
TSC22D2	1	PDAC_G12D_vs_other_KRAS	16	16.0	-0.219416
PIGL	1	LUAD_G12C_vs_WT	18	18.0	-0.292692
VCAN	1	PDAC_G12D_vs_other_KRAS	18	18.0	-0.209815
WDR1	1	LUAD_G12C_vs_other_KRAS	18	18.0	-0.327549
KRT4	1	PDAC_G12D_vs_other_KRAS	19	19.0	-0.209653
YWHAZ	1	PDAC_G12D_vs_other_KRAS	20	20.0	-0.205017
MTPAP	1	LUAD_G12C_vs_other_KRAS	21	21.0	-0.312942
THAP12	1	PDAC_G12D_vs_other_KRAS	21	21.0	-0.20499
MCL1	1	LUAD_G12C_vs_other_KRAS	22	22.0	-0.309912
TIPARP	1	PDAC_G12D_vs_other_KRAS	22	22.0	-0.204382
SPINK7	1	PDAC_G12D_vs_other_KRAS	23	23.0	-0.202853
ITGAV	1	PDAC_G12D_vs_other_KRAS	24	24.0	-0.195196
MRPS24	1	LUAD_G12C_vs_other_KRAS	24	24.0	-0.302709
GPI	1	PDAC_G12D_vs_other_KRAS	25	25.0	-0.191714
NXT1	1	LUAD_G12C_vs_other_KRAS	25	25.0	-0.301132
TMEM230	1	LUAD_G12C_vs_WT	25	25.0	-0.273571
ASH2L	1	PDAC_G12D_vs_other_KRAS	26	26.0	-0.190842
RNASEH2C	1	LUAD_G12C_vs_WT	26	26.0	-0.268692
ADRM1	1	PDAC_G12D_vs_other_KRAS	27	27.0	-0.188795
ASF1A	1	PDAC_G12D_vs_other_KRAS	29	29.0	-0.186277
MRPL16	1	LUAD_G12C_vs_WT	29	29.0	-0.253755
TFRC	1	LUAD_G12C_vs_other_KRAS	29	29.0	-0.290687
BRAT1	1	LUAD_G12C_vs_other_KRAS	30	30.0	-0.289279
MST1	1	PDAC_G12D_vs_other_KRAS	30	30.0	-0.185512
NDUFS1	1	LUAD_G12C_vs_other_KRAS	32	32.0	-0.284828
TMX2	1	PDAC_G12D_vs_other_KRAS	32	32.0	-0.178197
CHD1	1	LUAD_G12C_vs_other_KRAS	33	33.0	-0.284502
CSNK2A1	1	PDAC_G12D_vs_other_KRAS	33	33.0	-0.176894
CDS2	1	LUAD_G12C_vs_WT	35	35.0	-0.243565
ELMO2	1	PDAC_G12D_vs_other_KRAS	35	35.0	-0.176421
BRCA2	1	LUAD_G12C_vs_WT	36	36.0	-0.241492
ELOF1	1	PDAC_G12D_vs_other_KRAS	36	36.0	-0.173407
SET	1	PDAC_G12D_vs_other_KRAS	37	37.0	-0.17257
SOD2	1	LUAD_G12C_vs_other_KRAS	37	37.0	-0.279884
SV2A	1	LUAD_G12C_vs_WT	37	37.0	-0.241204
SAMM50	1	LUAD_G12C_vs_other_KRAS	38	38.0	-0.279731
CNOT11	1	LUAD_G12C_vs_WT	39	39.0	-0.238351
MYH9	1	LUAD_G12C_vs_WT	40	40.0	-0.238256
PPP1R15B	1	LUAD_G12C_vs_other_KRAS	40	40.0	-0.2766
USP7	1	PDAC_G12D_vs_other_KRAS	40	40.0	-0.168497
ALDOC	1	PDAC_G12D_vs_other_KRAS	41	41.0	-0.168404
SETD2	1	LUAD_G12C_vs_other_KRAS	42	42.0	-0.2724
WAC	1	PDAC_G12D_vs_other_KRAS	42	42.0	-0.168037
TSC2	1	PDAC_G12D_vs_other_KRAS	43	43.0	-0.167167
ANKRD49	1	LUAD_G12C_vs_other_KRAS	44	44.0	-0.268883
GPIHBP1	1	PDAC_G12D_vs_other_KRAS	44	44.0	-0.167134
MGRN1	1	LUAD_G12C_vs_WT	45	45.0	-0.232147
MMP28	1	PDAC_G12D_vs_other_KRAS	45	45.0	-0.163764
AMD1	1	LUAD_G12C_vs_WT	46	46.0	-0.231733
DND1	1	PDAC_G12D_vs_other_KRAS	46	46.0	-0.163201
WDR83	1	LUAD_G12C_vs_other_KRAS	46	46.0	-0.266402
SLC35A2	1	PDAC_G12D_vs_other_KRAS	47	47.0	-0.162894
SP3	1	LUAD_G12C_vs_other_KRAS	47	47.0	-0.265563
TRPM7	1	LUAD_G12C_vs_WT	47	47.0	-0.229497
GYPB	1	PDAC_G12D_vs_other_KRAS	48	48.0	-0.162442
MRPL32	1	LUAD_G12C_vs_WT	48	48.0	-0.229476
MRPL53	1	LUAD_G12C_vs_other_KRAS	48	48.0	-0.258807
DHX35	1	LUAD_G12C_vs_WT	50	50.0	-0.227064
NFKBIE	1	PDAC_G12D_vs_other_KRAS	50	50.0	-0.161302
UQCRC2	1	LUAD_G12C_vs_other_KRAS	50	50.0	-0.255398
ATAD3B	1	LUAD_G12C_vs_other_KRAS	51	51.0	-0.255216
MICALL1	1	PDAC_G12D_vs_other_KRAS	51	51.0	-0.1611
NDUFAF8	1	LUAD_G12C_vs_WT	51	51.0	-0.226991
UFSP2	1	LUAD_G12C_vs_WT	52	52.0	-0.226963
AHCYL1	1	LUAD_G12C_vs_WT	53	53.0	-0.225769
MRPS2	1	LUAD_G12C_vs_other_KRAS	53	53.0	-0.252842
PPP1CA	1	PDAC_G12D_vs_other_KRAS	53	53.0	-0.158704
DOHH	1	LUAD_G12C_vs_other_KRAS	54	54.0	-0.250958
FERMT2	1	LUAD_G12C_vs_WT	55	55.0	-0.224426
KDM2A	1	LUAD_G12C_vs_other_KRAS	55	55.0	-0.249033
PRKRA	1	PDAC_G12D_vs_other_KRAS	55	55.0	-0.157259
EAPP	1	PDAC_G12D_vs_other_KRAS	56	56.0	-0.156858
USE1	1	LUAD_G12C_vs_other_KRAS	56	56.0	-0.246914
DAXX	1	LUAD_G12C_vs_WT	57	57.0	-0.223312
ZKSCAN7	1	LUAD_G12C_vs_other_KRAS	57	57.0	-0.245841
BHLHA15	1	PDAC_G12D_vs_other_KRAS	59	59.0	-0.151444
RAD51D	1	LUAD_G12C_vs_WT	59	59.0	-0.222433
DYNLL1	1	PDAC_G12D_vs_other_KRAS	60	60.0	-0.15025
FDX1	1	LUAD_G12C_vs_WT	60	60.0	-0.221933
GATA6	1	PDAC_G12D_vs_other_KRAS	61	61.0	-0.150156
RHPN1	1	PDAC_G12D_vs_other_KRAS	62	62.0	-0.150072
SUGT1	1	LUAD_G12C_vs_WT	62	62.0	-0.218508
RBM10	1	PDAC_G12D_vs_other_KRAS	63	63.0	-0.149624
SLMAP	1	LUAD_G12C_vs_other_KRAS	63	63.0	-0.23634
CCNT1	1	LUAD_G12C_vs_WT	64	64.0	-0.216399
CRIPTO	1	PDAC_G12D_vs_other_KRAS	64	64.0	-0.148951
SLC33A1	1	LUAD_G12C_vs_other_KRAS	64	64.0	-0.235514
ITGB3	1	PDAC_G12D_vs_other_KRAS	65	65.0	-0.14843
APEX2	1	LUAD_G12C_vs_other_KRAS	66	66.0	-0.23228
DSG2	1	PDAC_G12D_vs_other_KRAS	66	66.0	-0.147792
MED24	1	LUAD_G12C_vs_WT	66	66.0	-0.2156
IFITM2	1	PDAC_G12D_vs_other_KRAS	67	67.0	-0.147417
TELO2	1	LUAD_G12C_vs_other_KRAS	67	67.0	-0.2298
GTF2F2	1	PDAC_G12D_vs_other_KRAS	68	68.0	-0.147102
TEAD4	1	PDAC_G12D_vs_other_KRAS	69	69.0	-0.146642
FOXO3B	1	PDAC_G12D_vs_other_KRAS	70	70.0	-0.145377
IWS1	1	LUAD_G12C_vs_other_KRAS	70	70.0	-0.22401
DERL2	1	LUAD_G12C_vs_other_KRAS	71	71.0	-0.22375
LUC7L2	1	LUAD_G12C_vs_WT	71	71.0	-0.213084
STAMBP	1	PDAC_G12D_vs_other_KRAS	71	71.0	-0.145142
COP1	1	LUAD_G12C_vs_other_KRAS	72	72.0	-0.221765
DPPA2	1	LUAD_G12C_vs_WT	72	72.0	-0.212022
CEP43	1	LUAD_G12C_vs_other_KRAS	73	73.0	-0.221204
SLC38A2	1	PDAC_G12D_vs_other_KRAS	73	73.0	-0.144684
XRCC2	1	LUAD_G12C_vs_WT	73	73.0	-0.210897
SLC9A8	1	LUAD_G12C_vs_other_KRAS	74	74.0	-0.221023
HCFC1R1	1	LUAD_G12C_vs_WT	75	75.0	-0.206929
SPTSSA	1	PDAC_G12D_vs_other_KRAS	75	75.0	-0.144351
CCDC137	1	LUAD_G12C_vs_WT	76	76.0	-0.205508
RAB5C	1	PDAC_G12D_vs_other_KRAS	76	76.0	-0.144115
ZNHIT6	1	LUAD_G12C_vs_other_KRAS	76	76.0	-0.219788
GCN1	1	LUAD_G12C_vs_other_KRAS	77	77.0	-0.217905
PKN2	1	LUAD_G12C_vs_WT	77	77.0	-0.203815
TMSB10	1	PDAC_G12D_vs_other_KRAS	77	77.0	-0.143919
CDKL2	1	PDAC_G12D_vs_other_KRAS	78	78.0	-0.143837
MTFMT	1	LUAD_G12C_vs_other_KRAS	78	78.0	-0.217355
TLN1	1	LUAD_G12C_vs_WT	78	78.0	-0.20314
CLDND1	1	LUAD_G12C_vs_WT	79	79.0	-0.202674
FANCE	1	LUAD_G12C_vs_other_KRAS	79	79.0	-0.2163
RPRD1B	1	PDAC_G12D_vs_other_KRAS	79	79.0	-0.143625
ARF4	1	LUAD_G12C_vs_other_KRAS	80	80.0	-0.215952
METAP2	1	PDAC_G12D_vs_other_KRAS	80	80.0	-0.14359
HLA-C	1	PDAC_G12D_vs_other_KRAS	81	81.0	-0.143264
ZNF574	1	LUAD_G12C_vs_other_KRAS	81	81.0	-0.214586
PSMG2	1	LUAD_G12C_vs_WT	82	82.0	-0.198791
SLC39A10	1	PDAC_G12D_vs_other_KRAS	82	82.0	-0.143153
STN1	1	LUAD_G12C_vs_other_KRAS	82	82.0	-0.213744
FOXRED1	1	LUAD_G12C_vs_other_KRAS	83	83.0	-0.21238
HDGF	1	LUAD_G12C_vs_WT	83	83.0	-0.198775
NUP35	1	PDAC_G12D_vs_other_KRAS	83	83.0	-0.143113
CMKLR1	1	LUAD_G12C_vs_WT	84	84.0	-0.198017
CRTC3	1	PDAC_G12D_vs_other_KRAS	84	84.0	-0.143017
EMC2	1	LUAD_G12C_vs_other_KRAS	84	84.0	-0.21184
BCAR1	1	PDAC_G12D_vs_other_KRAS	85	85.0	-0.14267
RPIA	1	LUAD_G12C_vs_other_KRAS	85	85.0	-0.211339
SINHCAF	1	LUAD_G12C_vs_WT	85	85.0	-0.197845
HS6ST1	1	PDAC_G12D_vs_other_KRAS	86	86.0	-0.142513
RAB7A	1	LUAD_G12C_vs_other_KRAS	86	86.0	-0.211312
GZMH	1	LUAD_G12C_vs_WT	87	87.0	-0.197365
MRPL20	1	LUAD_G12C_vs_other_KRAS	87	87.0	-0.210716
NUFIP1	1	PDAC_G12D_vs_other_KRAS	87	87.0	-0.141579
PITPNB	1	PDAC_G12D_vs_other_KRAS	88	88.0	-0.141534
RHOA	1	LUAD_G12C_vs_WT	88	88.0	-0.197288
PHIP	1	PDAC_G12D_vs_other_KRAS	89	89.0	-0.140779
CPOX	1	PDAC_G12D_vs_other_KRAS	90	90.0	-0.140658
KLHL10	1	LUAD_G12C_vs_WT	90	90.0	-0.195103
NSUN4	1	LUAD_G12C_vs_other_KRAS	90	90.0	-0.209176
RCOR1	1	LUAD_G12C_vs_other_KRAS	91	91.0	-0.209157
SKA1	1	PDAC_G12D_vs_other_KRAS	91	91.0	-0.140563
GET4	1	LUAD_G12C_vs_WT	92	92.0	-0.193324
NUP50	1	PDAC_G12D_vs_other_KRAS	92	92.0	-0.14006
CCNB1	1	PDAC_G12D_vs_other_KRAS	93	93.0	-0.138613
VPS33A	1	LUAD_G12C_vs_WT	93	93.0	-0.191571
ALG6	1	PDAC_G12D_vs_other_KRAS	94	94.0	-0.138584
EXOC1	1	LUAD_G12C_vs_other_KRAS	95	95.0	-0.2044
NCKAP1	1	LUAD_G12C_vs_WT	95	95.0	-0.189128
USP18	1	PDAC_G12D_vs_other_KRAS	95	95.0	-0.13845
ALG8	1	LUAD_G12C_vs_other_KRAS	96	96.0	-0.204099
CRK	1	LUAD_G12C_vs_WT	96	96.0	-0.189
FNBP4	1	PDAC_G12D_vs_other_KRAS	96	96.0	-0.138328
AMELY	1	PDAC_G12D_vs_other_KRAS	97	97.0	-0.138042
RNF8	1	LUAD_G12C_vs_WT	97	97.0	-0.188867
CNOT1	1	PDAC_G12D_vs_other_KRAS	98	98.0	-0.137623
DPH5	1	LUAD_G12C_vs_other_KRAS	98	98.0	-0.203389
NFKBIA	1	LUAD_G12C_vs_WT	98	98.0	-0.188708
CCDC51	1	LUAD_G12C_vs_other_KRAS	99	99.0	-0.202414
GIGYF1	1	PDAC_G12D_vs_other_KRAS	99	99.0	-0.13698
THNSL2	1	LUAD_G12C_vs_WT	99	99.0	-0.188658
FAM50A	1	PDAC_G12D_vs_other_KRAS	100	100.0	-0.136867
SCAP	1	LUAD_G12C_vs_other_KRAS	100	100.0	-0.201235
XPOT	1	LUAD_G12C_vs_WT	100	100.0	-0.188538
